model,repeat,fold,row_id,observed,predicted
Linear Regression,1,1,1,-0.4307829,0.96761003937
Linear Regression,1,1,5,0.3715636,1.82096321751
Linear Regression,1,1,11,1.2669476,1.5654551928
Linear Regression,1,1,13,1.2669476,2.1511792427
Linear Regression,1,1,19,1.5581446,1.45940406238
Linear Regression,1,1,23,1.6956156,1.16179780945
Linear Regression,1,1,27,1.8000583,2.05843063
Linear Regression,1,1,32,2.008214,1.8553359714
Linear Regression,1,1,41,2.2975726,2.17172481885
Linear Regression,1,1,43,2.3272777,2.05979627451
Linear Regression,1,1,45,2.5217206,2.38489128895
Linear Regression,1,1,48,2.5687881,2.58352252596
Linear Regression,1,1,63,2.8535925,3.01126342681
Linear Regression,1,1,65,2.8820035,2.63380932735
Linear Regression,1,1,74,3.0750055,3.54155369198
Linear Regression,1,1,76,3.3375474,3.61129751725
Linear Regression,1,1,82,3.5307626,2.91774990232
Linear Regression,1,1,84,3.5709402,3.33816167034
Linear Regression,1,1,90,3.993603,3.15659908344
Linear Regression,1,1,94,4.6844434,4.79319145586
Decision Tree,1,1,1,-0.4307829,0.432029616667
Decision Tree,1,1,5,0.3715636,2.05081932903
Decision Tree,1,1,11,1.2669476,2.05081932903
Decision Tree,1,1,13,1.2669476,2.05081932903
Decision Tree,1,1,19,1.5581446,0.432029616667
Decision Tree,1,1,23,1.6956156,0.432029616667
Decision Tree,1,1,27,1.8000583,2.74826041667
Decision Tree,1,1,32,2.008214,2.74826041667
Decision Tree,1,1,41,2.2975726,2.05081932903
Decision Tree,1,1,43,2.3272777,2.74826041667
Decision Tree,1,1,45,2.5217206,2.05081932903
Decision Tree,1,1,48,2.5687881,2.74826041667
Decision Tree,1,1,63,2.8535925,3.26913137143
Decision Tree,1,1,65,2.8820035,2.05081932903
Decision Tree,1,1,74,3.0750055,2.05081932903
Decision Tree,1,1,76,3.3375474,4.24597946667
Decision Tree,1,1,82,3.5307626,3.26913137143
Decision Tree,1,1,84,3.5709402,3.26913137143
Decision Tree,1,1,90,3.993603,2.05081932903
Decision Tree,1,1,94,4.6844434,4.24597946667
Random Forest,1,1,1,-0.4307829,0.716557226661
Random Forest,1,1,5,0.3715636,1.60414612078
Random Forest,1,1,11,1.2669476,1.76980522928
Random Forest,1,1,13,1.2669476,2.55197139283
Random Forest,1,1,19,1.5581446,0.698750136973
Random Forest,1,1,23,1.6956156,0.693227478569
Random Forest,1,1,27,1.8000583,2.61662466648
Random Forest,1,1,32,2.008214,2.12856691522
Random Forest,1,1,41,2.2975726,2.10042798839
Random Forest,1,1,43,2.3272777,2.44502548127
Random Forest,1,1,45,2.5217206,2.34128136853
Random Forest,1,1,48,2.5687881,2.74958883243
Random Forest,1,1,63,2.8535925,3.4273986169
Random Forest,1,1,65,2.8820035,2.24164077024
Random Forest,1,1,74,3.0750055,2.70157548971
Random Forest,1,1,76,3.3375474,4.22351322198
Random Forest,1,1,82,3.5307626,3.0855747268
Random Forest,1,1,84,3.5709402,3.26815633985
Random Forest,1,1,90,3.993603,2.96730972051
Random Forest,1,1,94,4.6844434,4.17061794663
Gradient Boosting,1,1,1,-0.4307829,0.876343268271
Gradient Boosting,1,1,5,0.3715636,1.62953296577
Gradient Boosting,1,1,11,1.2669476,1.96792282663
Gradient Boosting,1,1,13,1.2669476,2.31028527422
Gradient Boosting,1,1,19,1.5581446,0.876343268271
Gradient Boosting,1,1,23,1.6956156,0.598792751168
Gradient Boosting,1,1,27,1.8000583,2.76237364553
Gradient Boosting,1,1,32,2.008214,2.29613925658
Gradient Boosting,1,1,41,2.2975726,1.90684124173
Gradient Boosting,1,1,43,2.3272777,2.44325806891
Gradient Boosting,1,1,45,2.5217206,2.23682416924
Gradient Boosting,1,1,48,2.5687881,2.81172982482
Gradient Boosting,1,1,63,2.8535925,2.8674342583
Gradient Boosting,1,1,65,2.8820035,2.21888142416
Gradient Boosting,1,1,74,3.0750055,2.89196570523
Gradient Boosting,1,1,76,3.3375474,3.94702340039
Gradient Boosting,1,1,82,3.5307626,2.56434916409
Gradient Boosting,1,1,84,3.5709402,3.08563776232
Gradient Boosting,1,1,90,3.993603,3.01131089289
Gradient Boosting,1,1,94,4.6844434,4.3231734755
MLP (L-BFGS),1,1,1,-0.4307829,1.45923510428
MLP (L-BFGS),1,1,5,0.3715636,1.39746115543
MLP (L-BFGS),1,1,11,1.2669476,1.60324997946
MLP (L-BFGS),1,1,13,1.2669476,2.07897358451
MLP (L-BFGS),1,1,19,1.5581446,1.44092200065
MLP (L-BFGS),1,1,23,1.6956156,0.856617287931
MLP (L-BFGS),1,1,27,1.8000583,1.5694841325
MLP (L-BFGS),1,1,32,2.008214,1.76359630281
MLP (L-BFGS),1,1,41,2.2975726,1.40308883753
MLP (L-BFGS),1,1,43,2.3272777,2.14268683479
MLP (L-BFGS),1,1,45,2.5217206,2.54400012607
MLP (L-BFGS),1,1,48,2.5687881,2.94014027059
MLP (L-BFGS),1,1,63,2.8535925,2.22381061777
MLP (L-BFGS),1,1,65,2.8820035,2.05982983875
MLP (L-BFGS),1,1,74,3.0750055,3.27648559004
MLP (L-BFGS),1,1,76,3.3375474,4.28581570816
MLP (L-BFGS),1,1,82,3.5307626,2.76065483924
MLP (L-BFGS),1,1,84,3.5709402,3.13315307306
MLP (L-BFGS),1,1,90,3.993603,3.26372382793
MLP (L-BFGS),1,1,94,4.6844434,5.47732642424
Ridge,1,1,1,-0.4307829,0.976438735046
Ridge,1,1,5,0.3715636,1.82128132208
Ridge,1,1,11,1.2669476,1.5746842627
Ridge,1,1,13,1.2669476,2.14754680915
Ridge,1,1,19,1.5581446,1.45826850746
Ridge,1,1,23,1.6956156,1.17593852702
Ridge,1,1,27,1.8000583,2.05807602492
Ridge,1,1,32,2.008214,1.86057185576
Ridge,1,1,41,2.2975726,2.1580023639
Ridge,1,1,43,2.3272777,2.07016989662
Ridge,1,1,45,2.5217206,2.38464611358
Ridge,1,1,48,2.5687881,2.58349076345
Ridge,1,1,63,2.8535925,3.01704794157
Ridge,1,1,65,2.8820035,2.6178252426
Ridge,1,1,74,3.0750055,3.52409258235
Ridge,1,1,76,3.3375474,3.60896804213
Ridge,1,1,82,3.5307626,2.92747385392
Ridge,1,1,84,3.5709402,3.34231088215
Ridge,1,1,90,3.993603,3.15218775413
Ridge,1,1,94,4.6844434,4.75829857676
Lasso,1,1,1,-0.4307829,0.994454991599
Lasso,1,1,5,0.3715636,1.91856600315
Lasso,1,1,11,1.2669476,1.73613949415
Lasso,1,1,13,1.2669476,2.17699368425
Lasso,1,1,19,1.5581446,1.27257536943
Lasso,1,1,23,1.6956156,1.27254666469
Lasso,1,1,27,1.8000583,1.96580830955
Lasso,1,1,32,2.008214,1.88599409081
Lasso,1,1,41,2.2975726,1.78008609477
Lasso,1,1,43,2.3272777,2.12821758634
Lasso,1,1,45,2.5217206,2.36754177488
Lasso,1,1,48,2.5687881,2.49917369502
Lasso,1,1,63,2.8535925,2.99779361415
Lasso,1,1,65,2.8820035,2.66161075132
Lasso,1,1,74,3.0750055,3.06428709153
Lasso,1,1,76,3.3375474,3.65477498807
Lasso,1,1,82,3.5307626,2.93815744495
Lasso,1,1,84,3.5709402,3.18253954796
Lasso,1,1,90,3.993603,3.07486079911
Lasso,1,1,94,4.6844434,4.34457588368
Mean baseline,1,1,1,-0.4307829,2.50939690519
Mean baseline,1,1,5,0.3715636,2.50939690519
Mean baseline,1,1,11,1.2669476,2.50939690519
Mean baseline,1,1,13,1.2669476,2.50939690519
Mean baseline,1,1,19,1.5581446,2.50939690519
Mean baseline,1,1,23,1.6956156,2.50939690519
Mean baseline,1,1,27,1.8000583,2.50939690519
Mean baseline,1,1,32,2.008214,2.50939690519
Mean baseline,1,1,41,2.2975726,2.50939690519
Mean baseline,1,1,43,2.3272777,2.50939690519
Mean baseline,1,1,45,2.5217206,2.50939690519
Mean baseline,1,1,48,2.5687881,2.50939690519
Mean baseline,1,1,63,2.8535925,2.50939690519
Mean baseline,1,1,65,2.8820035,2.50939690519
Mean baseline,1,1,74,3.0750055,2.50939690519
Mean baseline,1,1,76,3.3375474,2.50939690519
Mean baseline,1,1,82,3.5307626,2.50939690519
Mean baseline,1,1,84,3.5709402,2.50939690519
Mean baseline,1,1,90,3.993603,2.50939690519
Mean baseline,1,1,94,4.6844434,2.50939690519
Linear Regression,1,2,6,0.7654678,0.679754652724
Linear Regression,1,2,10,1.047319,1.16246107834
Linear Regression,1,2,12,1.2669476,0.672324043334
Linear Regression,1,2,16,1.446919,1.80069792345
Linear Regression,1,2,17,1.4701758,1.13774757418
Linear Regression,1,2,29,1.8484548,1.84936775311
Linear Regression,1,2,31,1.9242487,1.95821691962
Linear Regression,1,2,34,2.0215476,1.27049571278
Linear Regression,1,2,36,2.0856721,2.87663608482
Linear Regression,1,2,40,2.2772673,1.77607224914
Linear Regression,1,2,46,2.5533438,2.58607864412
Linear Regression,1,2,50,2.5915164,2.03013573805
Linear Regression,1,2,66,2.8875901,2.70481872311
Linear Regression,1,2,69,2.9626924,1.32432136172
Linear Regression,1,2,70,2.9729753,2.96145059883
Linear Regression,1,2,71,3.0130809,3.11079531184
Linear Regression,1,2,73,3.0563569,2.63875587898
Linear Regression,1,2,81,3.5160131,1.99932539869
Linear Regression,1,2,88,3.7123518,2.87346215973
Linear Regression,1,2,96,5.477509,3.9996777864
Decision Tree,1,2,6,0.7654678,0.483248514286
Decision Tree,1,2,10,1.047319,1.73866960588
Decision Tree,1,2,12,1.2669476,0.483248514286
Decision Tree,1,2,16,1.446919,2.41158236667
Decision Tree,1,2,17,1.4701758,2.45038495385
Decision Tree,1,2,29,1.8484548,2.45038495385
Decision Tree,1,2,31,1.9242487,1.73866960588
Decision Tree,1,2,34,2.0215476,1.73866960588
Decision Tree,1,2,36,2.0856721,1.73866960588
Decision Tree,1,2,40,2.2772673,1.73866960588
Decision Tree,1,2,46,2.5533438,2.41158236667
Decision Tree,1,2,50,2.5915164,1.73866960588
Decision Tree,1,2,66,2.8875901,2.45038495385
Decision Tree,1,2,69,2.9626924,1.73866960588
Decision Tree,1,2,70,2.9729753,1.73866960588
Decision Tree,1,2,71,3.0130809,2.41158236667
Decision Tree,1,2,73,3.0563569,2.45038495385
Decision Tree,1,2,81,3.5160131,2.45038495385
Decision Tree,1,2,88,3.7123518,2.41158236667
Decision Tree,1,2,96,5.477509,3.60077696667
Random Forest,1,2,6,0.7654678,0.42311974983
Random Forest,1,2,10,1.047319,1.52812606914
Random Forest,1,2,12,1.2669476,0.632244843915
Random Forest,1,2,16,1.446919,1.94921373768
Random Forest,1,2,17,1.4701758,1.51367170852
Random Forest,1,2,29,1.8484548,2.16533876817
Random Forest,1,2,31,1.9242487,2.16278247154
Random Forest,1,2,34,2.0215476,1.52330496247
Random Forest,1,2,36,2.0856721,2.5399773356
Random Forest,1,2,40,2.2772673,1.74560747671
Random Forest,1,2,46,2.5533438,2.22553317494
Random Forest,1,2,50,2.5915164,1.90317173421
Random Forest,1,2,66,2.8875901,2.58138572755
Random Forest,1,2,69,2.9626924,1.79308516425
Random Forest,1,2,70,2.9729753,2.56654814722
Random Forest,1,2,71,3.0130809,2.64043699483
Random Forest,1,2,73,3.0563569,2.50860307288
Random Forest,1,2,81,3.5160131,2.14478074436
Random Forest,1,2,88,3.7123518,2.31923396267
Random Forest,1,2,96,5.477509,3.55879988211
Gradient Boosting,1,2,6,0.7654678,0.696094436489
Gradient Boosting,1,2,10,1.047319,1.3126821417
Gradient Boosting,1,2,12,1.2669476,0.851727195323
Gradient Boosting,1,2,16,1.446919,2.0652030796
Gradient Boosting,1,2,17,1.4701758,1.57320010867
Gradient Boosting,1,2,29,1.8484548,2.18932952903
Gradient Boosting,1,2,31,1.9242487,2.22303109316
Gradient Boosting,1,2,34,2.0215476,1.43007964202
Gradient Boosting,1,2,36,2.0856721,2.52991340798
Gradient Boosting,1,2,40,2.2772673,1.45947869332
Gradient Boosting,1,2,46,2.5533438,2.42779475889
Gradient Boosting,1,2,50,2.5915164,1.94344461009
Gradient Boosting,1,2,66,2.8875901,2.74460846243
Gradient Boosting,1,2,69,2.9626924,2.02173599033
Gradient Boosting,1,2,70,2.9729753,2.52991340798
Gradient Boosting,1,2,71,3.0130809,2.59429558972
Gradient Boosting,1,2,73,3.0563569,2.72883487537
Gradient Boosting,1,2,81,3.5160131,2.14793464259
Gradient Boosting,1,2,88,3.7123518,2.57486048976
Gradient Boosting,1,2,96,5.477509,3.80879477084
MLP (L-BFGS),1,2,6,0.7654678,0.39357317857
MLP (L-BFGS),1,2,10,1.047319,0.819290702068
MLP (L-BFGS),1,2,12,1.2669476,0.60527317998
MLP (L-BFGS),1,2,16,1.446919,1.52879686634
MLP (L-BFGS),1,2,17,1.4701758,1.58885866954
MLP (L-BFGS),1,2,29,1.8484548,2.06392682749
MLP (L-BFGS),1,2,31,1.9242487,2.05050914594
MLP (L-BFGS),1,2,34,2.0215476,0.841931479115
MLP (L-BFGS),1,2,36,2.0856721,2.74981776796
MLP (L-BFGS),1,2,40,2.2772673,2.1422150209
MLP (L-BFGS),1,2,46,2.5533438,2.44695938072
MLP (L-BFGS),1,2,50,2.5915164,2.18832248863
MLP (L-BFGS),1,2,66,2.8875901,2.84691595409
MLP (L-BFGS),1,2,69,2.9626924,1.54586817547
MLP (L-BFGS),1,2,70,2.9729753,2.76189729712
MLP (L-BFGS),1,2,71,3.0130809,3.41245599452
MLP (L-BFGS),1,2,73,3.0563569,2.96950384325
MLP (L-BFGS),1,2,81,3.5160131,1.86731310022
MLP (L-BFGS),1,2,88,3.7123518,3.18623328868
MLP (L-BFGS),1,2,96,5.477509,3.63160461415
Ridge,1,2,6,0.7654678,0.703153592222
Ridge,1,2,10,1.047319,1.17609961448
Ridge,1,2,12,1.2669476,0.707350349748
Ridge,1,2,16,1.446919,1.79311748467
Ridge,1,2,17,1.4701758,1.16908866712
Ridge,1,2,29,1.8484548,1.85252572656
Ridge,1,2,31,1.9242487,1.97356922527
Ridge,1,2,34,2.0215476,1.27883221484
Ridge,1,2,36,2.0856721,2.86237193709
Ridge,1,2,40,2.2772673,1.78300236165
Ridge,1,2,46,2.5533438,2.56326239493
Ridge,1,2,50,2.5915164,2.03431844578
Ridge,1,2,66,2.8875901,2.69804374582
Ridge,1,2,69,2.9626924,1.35858481905
Ridge,1,2,70,2.9729753,2.96729670283
Ridge,1,2,71,3.0130809,3.10778685814
Ridge,1,2,73,3.0563569,2.64907404118
Ridge,1,2,81,3.5160131,2.00388649754
Ridge,1,2,88,3.7123518,2.86533416824
Ridge,1,2,96,5.477509,3.97734689411
Lasso,1,2,6,0.7654678,0.760051692329
Lasso,1,2,10,1.047319,1.3555622216
Lasso,1,2,12,1.2669476,0.83275202416
Lasso,1,2,16,1.446919,1.95212519302
Lasso,1,2,17,1.4701758,1.30140330066
Lasso,1,2,29,1.8484548,1.8895823217
Lasso,1,2,31,1.9242487,2.0198226784
Lasso,1,2,34,2.0215476,1.3286951186
Lasso,1,2,36,2.0856721,2.66602296148
Lasso,1,2,40,2.2772673,1.77800586389
Lasso,1,2,46,2.5533438,2.40859569799
Lasso,1,2,50,2.5915164,2.17092261832
Lasso,1,2,66,2.8875901,2.58159278676
Lasso,1,2,69,2.9626924,1.57745495714
Lasso,1,2,70,2.9729753,2.90653008699
Lasso,1,2,71,3.0130809,3.00630586215
Lasso,1,2,73,3.0563569,2.67491702244
Lasso,1,2,81,3.5160131,2.09336687255
Lasso,1,2,88,3.7123518,2.7738459637
Lasso,1,2,96,5.477509,3.76858609576
Mean baseline,1,2,6,0.7654678,2.48709191948
Mean baseline,1,2,10,1.047319,2.48709191948
Mean baseline,1,2,12,1.2669476,2.48709191948
Mean baseline,1,2,16,1.446919,2.48709191948
Mean baseline,1,2,17,1.4701758,2.48709191948
Mean baseline,1,2,29,1.8484548,2.48709191948
Mean baseline,1,2,31,1.9242487,2.48709191948
Mean baseline,1,2,34,2.0215476,2.48709191948
Mean baseline,1,2,36,2.0856721,2.48709191948
Mean baseline,1,2,40,2.2772673,2.48709191948
Mean baseline,1,2,46,2.5533438,2.48709191948
Mean baseline,1,2,50,2.5915164,2.48709191948
Mean baseline,1,2,66,2.8875901,2.48709191948
Mean baseline,1,2,69,2.9626924,2.48709191948
Mean baseline,1,2,70,2.9729753,2.48709191948
Mean baseline,1,2,71,3.0130809,2.48709191948
Mean baseline,1,2,73,3.0563569,2.48709191948
Mean baseline,1,2,81,3.5160131,2.48709191948
Mean baseline,1,2,88,3.7123518,2.48709191948
Mean baseline,1,2,96,5.477509,2.48709191948
Linear Regression,1,3,4,-0.1625189,0.681316147387
Linear Regression,1,3,7,0.7654678,2.05166494556
Linear Regression,1,3,8,0.8544153,2.31232901207
Linear Regression,1,3,9,1.047319,1.30816074425
Linear Regression,1,3,14,1.3480731,1.87148064503
Linear Regression,1,3,18,1.4929041,2.56362892841
Linear Regression,1,3,20,1.5993876,1.94699083615
Linear Regression,1,3,25,1.7316555,1.98584237943
Linear Regression,1,3,26,1.7664417,2.13364643705
Linear Regression,1,3,28,1.8164521,1.76405724489
Linear Regression,1,3,35,2.0476928,1.16766951365
Linear Regression,1,3,37,2.1575593,1.90424139076
Linear Regression,1,3,39,2.2137539,4.16227187063
Linear Regression,1,3,54,2.6912431,3.12272546644
Linear Regression,1,3,56,2.7180005,3.01192147873
Linear Regression,1,3,77,3.3928291,3.36406921343
Linear Regression,1,3,79,3.4578927,3.51913262206
Linear Regression,1,3,80,3.5130369,3.15876021188
Linear Regression,1,3,86,3.6309855,3.95806045525
Decision Tree,1,3,4,-0.1625189,0.647193557143
Decision Tree,1,3,7,0.7654678,2.11921978519
Decision Tree,1,3,8,0.8544153,2.11921978519
Decision Tree,1,3,9,1.047319,0.647193557143
Decision Tree,1,3,14,1.3480731,2.11921978519
Decision Tree,1,3,18,1.4929041,2.75230722593
Decision Tree,1,3,20,1.5993876,2.75230722593
Decision Tree,1,3,25,1.7316555,2.75230722593
Decision Tree,1,3,26,1.7664417,2.11921978519
Decision Tree,1,3,28,1.8164521,2.75230722593
Decision Tree,1,3,35,2.0476928,2.11921978519
Decision Tree,1,3,37,2.1575593,2.75230722593
Decision Tree,1,3,39,2.2137539,4.53073161429
Decision Tree,1,3,54,2.6912431,2.75230722593
Decision Tree,1,3,56,2.7180005,2.75230722593
Decision Tree,1,3,77,3.3928291,2.75230722593
Decision Tree,1,3,79,3.4578927,3.1397068
Decision Tree,1,3,80,3.5130369,4.53073161429
Decision Tree,1,3,86,3.6309855,3.76913932
Random Forest,1,3,4,-0.1625189,0.680779733139
Random Forest,1,3,7,0.7654678,1.98939321547
Random Forest,1,3,8,0.8544153,2.1561649259
Random Forest,1,3,9,1.047319,0.839771962034
Random Forest,1,3,14,1.3480731,2.02547515018
Random Forest,1,3,18,1.4929041,2.79595345337
Random Forest,1,3,20,1.5993876,2.28257537309
Random Forest,1,3,25,1.7316555,2.48307533196
Random Forest,1,3,26,1.7664417,2.06136873896
Random Forest,1,3,28,1.8164521,2.07311740317
Random Forest,1,3,35,2.0476928,1.38431098253
Random Forest,1,3,37,2.1575593,2.65674890407
Random Forest,1,3,39,2.2137539,3.58906703829
Random Forest,1,3,54,2.6912431,2.95030622159
Random Forest,1,3,56,2.7180005,2.59744475201
Random Forest,1,3,77,3.3928291,2.96767187082
Random Forest,1,3,79,3.4578927,3.44644040511
Random Forest,1,3,80,3.5130369,3.43227562455
Random Forest,1,3,86,3.6309855,4.15131064037
Gradient Boosting,1,3,4,-0.1625189,0.84290559428
Gradient Boosting,1,3,7,0.7654678,1.98133670293
Gradient Boosting,1,3,8,0.8544153,2.01699831771
Gradient Boosting,1,3,9,1.047319,1.126203166
Gradient Boosting,1,3,14,1.3480731,2.02489977236
Gradient Boosting,1,3,18,1.4929041,2.70933456575
Gradient Boosting,1,3,20,1.5993876,2.52164966137
Gradient Boosting,1,3,25,1.7316555,2.69200391554
Gradient Boosting,1,3,26,1.7664417,2.12803327675
Gradient Boosting,1,3,28,1.8164521,2.42987788668
Gradient Boosting,1,3,35,2.0476928,1.41371573546
Gradient Boosting,1,3,37,2.1575593,2.59806038674
Gradient Boosting,1,3,39,2.2137539,3.7879872737
Gradient Boosting,1,3,54,2.6912431,2.83812298442
Gradient Boosting,1,3,56,2.7180005,2.65242466577
Gradient Boosting,1,3,77,3.3928291,2.84666385619
Gradient Boosting,1,3,79,3.4578927,3.28439794697
Gradient Boosting,1,3,80,3.5130369,3.34002118191
Gradient Boosting,1,3,86,3.6309855,3.98315875535
MLP (L-BFGS),1,3,4,-0.1625189,0.268835038837
MLP (L-BFGS),1,3,7,0.7654678,2.10347588537
MLP (L-BFGS),1,3,8,0.8544153,2.32184040189
MLP (L-BFGS),1,3,9,1.047319,1.31942878669
MLP (L-BFGS),1,3,14,1.3480731,1.8931296686
MLP (L-BFGS),1,3,18,1.4929041,2.46811831536
MLP (L-BFGS),1,3,20,1.5993876,2.23987288925
MLP (L-BFGS),1,3,25,1.7316555,2.2362263691
MLP (L-BFGS),1,3,26,1.7664417,2.20225492799
MLP (L-BFGS),1,3,28,1.8164521,1.88240090711
MLP (L-BFGS),1,3,35,2.0476928,0.695566440448
MLP (L-BFGS),1,3,37,2.1575593,2.43815103465
MLP (L-BFGS),1,3,39,2.2137539,4.02699187148
MLP (L-BFGS),1,3,54,2.6912431,2.96098411465
MLP (L-BFGS),1,3,56,2.7180005,2.54303670303
MLP (L-BFGS),1,3,77,3.3928291,3.4369107511
MLP (L-BFGS),1,3,79,3.4578927,3.20118820533
MLP (L-BFGS),1,3,80,3.5130369,2.85319402767
MLP (L-BFGS),1,3,86,3.6309855,3.91515895507
Ridge,1,3,4,-0.1625189,0.708799808225
Ridge,1,3,7,0.7654678,2.04887187673
Ridge,1,3,8,0.8544153,2.30113677683
Ridge,1,3,9,1.047319,1.31845873415
Ridge,1,3,14,1.3480731,1.87298093052
Ridge,1,3,18,1.4929041,2.57304059057
Ridge,1,3,20,1.5993876,1.95484526543
Ridge,1,3,25,1.7316555,1.9898516405
Ridge,1,3,26,1.7664417,2.12514236686
Ridge,1,3,28,1.8164521,1.77781213112
Ridge,1,3,35,2.0476928,1.19097712028
Ridge,1,3,37,2.1575593,1.95980563352
Ridge,1,3,39,2.2137539,4.15696776052
Ridge,1,3,54,2.6912431,3.13589281763
Ridge,1,3,56,2.7180005,3.00022835214
Ridge,1,3,77,3.3928291,3.36067925269
Ridge,1,3,79,3.4578927,3.52424556654
Ridge,1,3,80,3.5130369,3.14846008705
Ridge,1,3,86,3.6309855,3.94785475861
Lasso,1,3,4,-0.1625189,0.862253441589
Lasso,1,3,7,0.7654678,2.07858256664
Lasso,1,3,8,0.8544153,2.18819757515
Lasso,1,3,9,1.047319,1.25379164038
Lasso,1,3,14,1.3480731,2.05527515299
Lasso,1,3,18,1.4929041,2.78789025322
Lasso,1,3,20,1.5993876,2.02029494475
Lasso,1,3,25,1.7316555,2.04783009528
Lasso,1,3,26,1.7664417,2.2303888206
Lasso,1,3,28,1.8164521,1.76801869784
Lasso,1,3,35,2.0476928,1.4183302465
Lasso,1,3,37,2.1575593,2.38195935251
Lasso,1,3,39,2.2137539,4.06962619839
Lasso,1,3,54,2.6912431,3.17447758658
Lasso,1,3,56,2.7180005,2.84849274621
Lasso,1,3,77,3.3928291,3.27571587731
Lasso,1,3,79,3.4578927,3.5969318687
Lasso,1,3,80,3.5130369,3.13600331964
Lasso,1,3,86,3.6309855,3.92363207982
Mean baseline,1,3,4,-0.1625189,2.59385815513
Mean baseline,1,3,7,0.7654678,2.59385815513
Mean baseline,1,3,8,0.8544153,2.59385815513
Mean baseline,1,3,9,1.047319,2.59385815513
Mean baseline,1,3,14,1.3480731,2.59385815513
Mean baseline,1,3,18,1.4929041,2.59385815513
Mean baseline,1,3,20,1.5993876,2.59385815513
Mean baseline,1,3,25,1.7316555,2.59385815513
Mean baseline,1,3,26,1.7664417,2.59385815513
Mean baseline,1,3,28,1.8164521,2.59385815513
Mean baseline,1,3,35,2.0476928,2.59385815513
Mean baseline,1,3,37,2.1575593,2.59385815513
Mean baseline,1,3,39,2.2137539,2.59385815513
Mean baseline,1,3,54,2.6912431,2.59385815513
Mean baseline,1,3,56,2.7180005,2.59385815513
Mean baseline,1,3,77,3.3928291,2.59385815513
Mean baseline,1,3,79,3.4578927,2.59385815513
Mean baseline,1,3,80,3.5130369,2.59385815513
Mean baseline,1,3,86,3.6309855,2.59385815513
Linear Regression,1,4,33,2.008214,1.87513601584
Linear Regression,1,4,42,2.3075726,2.28514214851
Linear Regression,1,4,44,2.3749058,2.11151998789
Linear Regression,1,4,47,2.5687881,4.27781302683
Linear Regression,1,4,49,2.5915164,2.41608493802
Linear Regression,1,4,51,2.6567569,2.75879180509
Linear Regression,1,4,55,2.7047113,3.14348761306
Linear Regression,1,4,57,2.7880929,1.13234470594
Linear Regression,1,4,58,2.7942279,2.07808230593
Linear Regression,1,4,59,2.8063861,2.3715476029
Linear Regression,1,4,60,2.8124102,2.82053049922
Linear Regression,1,4,62,2.8535925,3.28465160649
Linear Regression,1,4,67,2.9204698,3.09449840266
Linear Regression,1,4,68,2.9626924,3.03125929669
Linear Regression,1,4,78,3.4355988,3.60021105305
Linear Regression,1,4,85,3.5876769,2.42921920677
Linear Regression,1,4,92,4.1295508,4.01645640987
Linear Regression,1,4,95,5.1431245,2.9202016417
Linear Regression,1,4,97,5.5829322,3.67854908747
Decision Tree,1,4,33,2.008214,2.30475369474
Decision Tree,1,4,42,2.3075726,2.30475369474
Decision Tree,1,4,44,2.3749058,2.30475369474
Decision Tree,1,4,47,2.5687881,3.00306987778
Decision Tree,1,4,49,2.5915164,2.30475369474
Decision Tree,1,4,51,2.6567569,1.29269425
Decision Tree,1,4,55,2.7047113,4.03534165556
Decision Tree,1,4,57,2.7880929,1.29269425
Decision Tree,1,4,58,2.7942279,2.00231374706
Decision Tree,1,4,59,2.8063861,2.00231374706
Decision Tree,1,4,60,2.8124102,1.29269425
Decision Tree,1,4,62,2.8535925,3.00306987778
Decision Tree,1,4,67,2.9204698,3.00306987778
Decision Tree,1,4,68,2.9626924,2.30475369474
Decision Tree,1,4,78,3.4355988,2.30475369474
Decision Tree,1,4,85,3.5876769,3.00306987778
Decision Tree,1,4,92,4.1295508,2.30475369474
Decision Tree,1,4,95,5.1431245,4.03534165556
Decision Tree,1,4,97,5.5829322,4.03534165556
Random Forest,1,4,33,2.008214,1.9897431275
Random Forest,1,4,42,2.3075726,2.14907669359
Random Forest,1,4,44,2.3749058,2.6400961521
Random Forest,1,4,47,2.5687881,3.38723349754
Random Forest,1,4,49,2.5915164,2.0239877244
Random Forest,1,4,51,2.6567569,2.26484613846
Random Forest,1,4,55,2.7047113,3.13661889657
Random Forest,1,4,57,2.7880929,1.84782689512
Random Forest,1,4,58,2.7942279,2.03502568865
Random Forest,1,4,59,2.8063861,2.34875486011
Random Forest,1,4,60,2.8124102,2.27862080097
Random Forest,1,4,62,2.8535925,3.04018268049
Random Forest,1,4,67,2.9204698,2.95654722532
Random Forest,1,4,68,2.9626924,2.75734896948
Random Forest,1,4,78,3.4355988,3.03972723072
Random Forest,1,4,85,3.5876769,2.78474502874
Random Forest,1,4,92,4.1295508,3.01704509502
Random Forest,1,4,95,5.1431245,3.41466575461
Random Forest,1,4,97,5.5829322,3.75792019723
Gradient Boosting,1,4,33,2.008214,1.82442910668
Gradient Boosting,1,4,42,2.3075726,2.332873477
Gradient Boosting,1,4,44,2.3749058,2.71815478941
Gradient Boosting,1,4,47,2.5687881,3.44239391526
Gradient Boosting,1,4,49,2.5915164,2.16790243299
Gradient Boosting,1,4,51,2.6567569,2.32851060231
Gradient Boosting,1,4,55,2.7047113,2.68979099344
Gradient Boosting,1,4,57,2.7880929,1.52545865013
Gradient Boosting,1,4,58,2.7942279,2.15353845766
Gradient Boosting,1,4,59,2.8063861,2.17732707816
Gradient Boosting,1,4,60,2.8124102,2.41751129807
Gradient Boosting,1,4,62,2.8535925,3.09956372164
Gradient Boosting,1,4,67,2.9204698,3.11262061488
Gradient Boosting,1,4,68,2.9626924,2.72753288368
Gradient Boosting,1,4,78,3.4355988,3.13008262388
Gradient Boosting,1,4,85,3.5876769,2.72413011262
Gradient Boosting,1,4,92,4.1295508,2.97365552463
Gradient Boosting,1,4,95,5.1431245,2.9863571209
Gradient Boosting,1,4,97,5.5829322,3.53536131321
MLP (L-BFGS),1,4,33,2.008214,2.06121211296
MLP (L-BFGS),1,4,42,2.3075726,2.10479994115
MLP (L-BFGS),1,4,44,2.3749058,2.04437336736
MLP (L-BFGS),1,4,47,2.5687881,3.88561172185
MLP (L-BFGS),1,4,49,2.5915164,2.72536406038
MLP (L-BFGS),1,4,51,2.6567569,2.91136849241
MLP (L-BFGS),1,4,55,2.7047113,3.61177726938
MLP (L-BFGS),1,4,57,2.7880929,1.61659808728
MLP (L-BFGS),1,4,58,2.7942279,1.97210085132
MLP (L-BFGS),1,4,59,2.8063861,2.69480108637
MLP (L-BFGS),1,4,60,2.8124102,3.26250436654
MLP (L-BFGS),1,4,62,2.8535925,2.55785487225
MLP (L-BFGS),1,4,67,2.9204698,3.27997512186
MLP (L-BFGS),1,4,68,2.9626924,2.79234583077
MLP (L-BFGS),1,4,78,3.4355988,3.47415120202
MLP (L-BFGS),1,4,85,3.5876769,2.16699476521
MLP (L-BFGS),1,4,92,4.1295508,4.49728844707
MLP (L-BFGS),1,4,95,5.1431245,2.74919117419
MLP (L-BFGS),1,4,97,5.5829322,2.61302942205
Ridge,1,4,33,2.008214,1.86285402873
Ridge,1,4,42,2.3075726,2.27217091809
Ridge,1,4,44,2.3749058,2.14550562096
Ridge,1,4,47,2.5687881,4.28956321051
Ridge,1,4,49,2.5915164,2.37000992526
Ridge,1,4,51,2.6567569,2.72554206746
Ridge,1,4,55,2.7047113,3.0904121006
Ridge,1,4,57,2.7880929,1.16676648681
Ridge,1,4,58,2.7942279,2.05783488072
Ridge,1,4,59,2.8063861,2.36695961196
Ridge,1,4,60,2.8124102,2.78322035562
Ridge,1,4,62,2.8535925,3.29698669424
Ridge,1,4,67,2.9204698,3.09594394817
Ridge,1,4,68,2.9626924,3.02350475036
Ridge,1,4,78,3.4355988,3.5642879
Ridge,1,4,85,3.5876769,2.44583388737
Ridge,1,4,92,4.1295508,3.94454718432
Ridge,1,4,95,5.1431245,2.94465811363
Ridge,1,4,97,5.5829322,3.70607987935
Lasso,1,4,33,2.008214,1.8114318055
Lasso,1,4,42,2.3075726,2.20692586979
Lasso,1,4,44,2.3749058,2.45221472388
Lasso,1,4,47,2.5687881,4.18083040076
Lasso,1,4,49,2.5915164,2.16341862611
Lasso,1,4,51,2.6567569,2.5042597242
Lasso,1,4,55,2.7047113,2.82335150622
Lasso,1,4,57,2.7880929,1.47532499921
Lasso,1,4,58,2.7942279,1.89724916649
Lasso,1,4,59,2.8063861,2.2630737875
Lasso,1,4,60,2.8124102,2.46935011176
Lasso,1,4,62,2.8535925,3.28635417738
Lasso,1,4,67,2.9204698,3.12897250788
Lasso,1,4,68,2.9626924,2.93593677748
Lasso,1,4,78,3.4355988,3.26639625716
Lasso,1,4,85,3.5876769,2.55748130362
Lasso,1,4,92,4.1295508,3.31666265018
Lasso,1,4,95,5.1431245,3.14745650194
Lasso,1,4,97,5.5829322,3.89396504029
Mean baseline,1,4,33,2.008214,2.32531162949
Mean baseline,1,4,42,2.3075726,2.32531162949
Mean baseline,1,4,44,2.3749058,2.32531162949
Mean baseline,1,4,47,2.5687881,2.32531162949
Mean baseline,1,4,49,2.5915164,2.32531162949
Mean baseline,1,4,51,2.6567569,2.32531162949
Mean baseline,1,4,55,2.7047113,2.32531162949
Mean baseline,1,4,57,2.7880929,2.32531162949
Mean baseline,1,4,58,2.7942279,2.32531162949
Mean baseline,1,4,59,2.8063861,2.32531162949
Mean baseline,1,4,60,2.8124102,2.32531162949
Mean baseline,1,4,62,2.8535925,2.32531162949
Mean baseline,1,4,67,2.9204698,2.32531162949
Mean baseline,1,4,68,2.9626924,2.32531162949
Mean baseline,1,4,78,3.4355988,2.32531162949
Mean baseline,1,4,85,3.5876769,2.32531162949
Mean baseline,1,4,92,4.1295508,2.32531162949
Mean baseline,1,4,95,5.1431245,2.32531162949
Mean baseline,1,4,97,5.5829322,2.32531162949
Linear Regression,1,5,2,-0.1625189,0.883001749643
Linear Regression,1,5,3,-0.1625189,0.346615537403
Linear Regression,1,5,15,1.3987169,2.16223206957
Linear Regression,1,5,21,1.6389967,1.96360317844
Linear Regression,1,5,22,1.6582281,2.86972758207
Linear Regression,1,5,24,1.7137979,2.64048676539
Linear Regression,1,5,30,1.8946169,2.49886507176
Linear Regression,1,5,38,2.1916535,0.826812196796
Linear Regression,1,5,52,2.677591,2.95048796883
Linear Regression,1,5,53,2.6844403,2.20229610482
Linear Regression,1,5,61,2.8419982,2.36998286195
Linear Regression,1,5,64,2.8820035,3.84989578874
Linear Regression,1,5,72,3.0373539,1.81026775258
Linear Regression,1,5,75,3.2752562,3.80942891773
Linear Regression,1,5,83,3.5652984,3.48787438685
Linear Regression,1,5,87,3.6800909,2.87792340053
Linear Regression,1,5,89,3.9843437,4.58533946928
Linear Regression,1,5,91,4.029806,3.24470805108
Linear Regression,1,5,93,4.3851468,3.85750256739
Decision Tree,1,5,2,-0.1625189,0.49728652
Decision Tree,1,5,3,-0.1625189,2.4149499381
Decision Tree,1,5,15,1.3987169,2.4149499381
Decision Tree,1,5,21,1.6389967,1.73947544
Decision Tree,1,5,22,1.6582281,2.7677201
Decision Tree,1,5,24,1.7137979,3.26272739091
Decision Tree,1,5,30,1.8946169,2.7677201
Decision Tree,1,5,38,2.1916535,2.4149499381
Decision Tree,1,5,52,2.677591,2.7677201
Decision Tree,1,5,53,2.6844403,2.4149499381
Decision Tree,1,5,61,2.8419982,1.73947544
Decision Tree,1,5,64,2.8820035,3.26272739091
Decision Tree,1,5,72,3.0373539,2.4149499381
Decision Tree,1,5,75,3.2752562,4.36589332857
Decision Tree,1,5,83,3.5652984,2.7677201
Decision Tree,1,5,87,3.6800909,2.7677201
Decision Tree,1,5,89,3.9843437,3.26272739091
Decision Tree,1,5,91,4.029806,4.36589332857
Decision Tree,1,5,93,4.3851468,3.26272739091
Random Forest,1,5,2,-0.1625189,0.66241188331
Random Forest,1,5,3,-0.1625189,1.68887491095
Random Forest,1,5,15,1.3987169,2.24095463536
Random Forest,1,5,21,1.6389967,1.86891794184
Random Forest,1,5,22,1.6582281,3.00330212582
Random Forest,1,5,24,1.7137979,3.12485309146
Random Forest,1,5,30,1.8946169,2.45182380695
Random Forest,1,5,38,2.1916535,1.73916926275
Random Forest,1,5,52,2.677591,2.54108310843
Random Forest,1,5,53,2.6844403,2.08005521304
Random Forest,1,5,61,2.8419982,2.26429565711
Random Forest,1,5,64,2.8820035,3.03117185577
Random Forest,1,5,72,3.0373539,2.30148247909
Random Forest,1,5,75,3.2752562,4.26088548113
Random Forest,1,5,83,3.5652984,3.19344619119
Random Forest,1,5,87,3.6800909,2.57548818511
Random Forest,1,5,89,3.9843437,3.540224878
Random Forest,1,5,91,4.029806,3.28292874774
Random Forest,1,5,93,4.3851468,3.68159423102
Gradient Boosting,1,5,2,-0.1625189,0.790182546412
Gradient Boosting,1,5,3,-0.1625189,1.59573426251
Gradient Boosting,1,5,15,1.3987169,2.18644382059
Gradient Boosting,1,5,21,1.6389967,1.98452849554
Gradient Boosting,1,5,22,1.6582281,2.96713051988
Gradient Boosting,1,5,24,1.7137979,2.93618902064
Gradient Boosting,1,5,30,1.8946169,2.65556483351
Gradient Boosting,1,5,38,2.1916535,1.59573426251
Gradient Boosting,1,5,52,2.677591,2.69347275132
Gradient Boosting,1,5,53,2.6844403,1.99614047086
Gradient Boosting,1,5,61,2.8419982,2.27219381914
Gradient Boosting,1,5,64,2.8820035,3.10326941889
Gradient Boosting,1,5,72,3.0373539,2.38371080408
Gradient Boosting,1,5,75,3.2752562,4.418054421
Gradient Boosting,1,5,83,3.5652984,3.24329652235
Gradient Boosting,1,5,87,3.6800909,2.56639530051
Gradient Boosting,1,5,89,3.9843437,3.45397263041
Gradient Boosting,1,5,91,4.029806,3.0476895946
Gradient Boosting,1,5,93,4.3851468,3.45397263041
MLP (L-BFGS),1,5,2,-0.1625189,0.68980472289
MLP (L-BFGS),1,5,3,-0.1625189,0.165834389446
MLP (L-BFGS),1,5,15,1.3987169,2.24319193038
MLP (L-BFGS),1,5,21,1.6389967,1.55711445672
MLP (L-BFGS),1,5,22,1.6582281,3.48978543606
MLP (L-BFGS),1,5,24,1.7137979,2.90588473023
MLP (L-BFGS),1,5,30,1.8946169,2.5088367112
MLP (L-BFGS),1,5,38,2.1916535,0.185315619134
MLP (L-BFGS),1,5,52,2.677591,3.25213743887
MLP (L-BFGS),1,5,53,2.6844403,2.15736702784
MLP (L-BFGS),1,5,61,2.8419982,2.87983936064
MLP (L-BFGS),1,5,64,2.8820035,3.15639074873
MLP (L-BFGS),1,5,72,3.0373539,2.1742981435
MLP (L-BFGS),1,5,75,3.2752562,3.89728421038
MLP (L-BFGS),1,5,83,3.5652984,3.71152638795
MLP (L-BFGS),1,5,87,3.6800909,3.14584080632
MLP (L-BFGS),1,5,89,3.9843437,3.78103247207
MLP (L-BFGS),1,5,91,4.029806,3.85426364597
MLP (L-BFGS),1,5,93,4.3851468,4.0169516046
Ridge,1,5,2,-0.1625189,0.901843287039
Ridge,1,5,3,-0.1625189,0.382282169082
Ridge,1,5,15,1.3987169,2.16453349257
Ridge,1,5,21,1.6389967,1.95814179587
Ridge,1,5,22,1.6582281,2.87259940757
Ridge,1,5,24,1.7137979,2.64477022664
Ridge,1,5,30,1.8946169,2.5085868559
Ridge,1,5,38,2.1916535,0.846206723959
Ridge,1,5,52,2.677591,2.93073353206
Ridge,1,5,53,2.6844403,2.20842754128
Ridge,1,5,61,2.8419982,2.368791473
Ridge,1,5,64,2.8820035,3.84664456485
Ridge,1,5,72,3.0373539,1.81821674917
Ridge,1,5,75,3.2752562,3.80692361871
Ridge,1,5,83,3.5652984,3.48369475202
Ridge,1,5,87,3.6800909,2.85427946472
Ridge,1,5,89,3.9843437,4.57165593603
Ridge,1,5,91,4.029806,3.2168227975
Ridge,1,5,93,4.3851468,3.84602160147
Lasso,1,5,2,-0.1625189,1.03008400788
Lasso,1,5,3,-0.1625189,0.779964074003
Lasso,1,5,15,1.3987169,2.19253324785
Lasso,1,5,21,1.6389967,2.05965724225
Lasso,1,5,22,1.6582281,2.78531480206
Lasso,1,5,24,1.7137979,2.60761013382
Lasso,1,5,30,1.8946169,2.72099061504
Lasso,1,5,38,2.1916535,1.11959882256
Lasso,1,5,52,2.677591,2.8286957271
Lasso,1,5,53,2.6844403,2.10538837307
Lasso,1,5,61,2.8419982,2.37672316647
Lasso,1,5,64,2.8820035,3.65448580553
Lasso,1,5,72,3.0373539,1.99519445381
Lasso,1,5,75,3.2752562,3.87786942344
Lasso,1,5,83,3.5652984,3.6163366441
Lasso,1,5,87,3.6800909,2.7397542337
Lasso,1,5,89,3.9843437,4.41044611429
Lasso,1,5,91,4.029806,3.34201406218
Lasso,1,5,93,4.3851468,3.83731358994
Mean baseline,1,5,2,-0.1625189,2.47678495
Mean baseline,1,5,3,-0.1625189,2.47678495
Mean baseline,1,5,15,1.3987169,2.47678495
Mean baseline,1,5,21,1.6389967,2.47678495
Mean baseline,1,5,22,1.6582281,2.47678495
Mean baseline,1,5,24,1.7137979,2.47678495
Mean baseline,1,5,30,1.8946169,2.47678495
Mean baseline,1,5,38,2.1916535,2.47678495
Mean baseline,1,5,52,2.677591,2.47678495
Mean baseline,1,5,53,2.6844403,2.47678495
Mean baseline,1,5,61,2.8419982,2.47678495
Mean baseline,1,5,64,2.8820035,2.47678495
Mean baseline,1,5,72,3.0373539,2.47678495
Mean baseline,1,5,75,3.2752562,2.47678495
Mean baseline,1,5,83,3.5652984,2.47678495
Mean baseline,1,5,87,3.6800909,2.47678495
Mean baseline,1,5,89,3.9843437,2.47678495
Mean baseline,1,5,91,4.029806,2.47678495
Mean baseline,1,5,93,4.3851468,2.47678495
Linear Regression,2,1,16,1.446919,1.87241687158
Linear Regression,2,1,17,1.4701758,1.25204619493
Linear Regression,2,1,18,1.4929041,2.55278091904
Linear Regression,2,1,21,1.6389967,2.02087494925
Linear Regression,2,1,24,1.7137979,2.60719008359
Linear Regression,2,1,26,1.7664417,1.93685889828
Linear Regression,2,1,31,1.9242487,2.04282681083
Linear Regression,2,1,38,2.1916535,0.881333680302
Linear Regression,2,1,40,2.2772673,1.64476898663
Linear Regression,2,1,49,2.5915164,2.71945158916
Linear Regression,2,1,53,2.6844403,2.2165516178
Linear Regression,2,1,54,2.6912431,3.08921119239
Linear Regression,2,1,56,2.7180005,2.82208629007
Linear Regression,2,1,58,2.7942279,2.2411226653
Linear Regression,2,1,59,2.8063861,2.18458883097
Linear Regression,2,1,60,2.8124102,2.62835298453
Linear Regression,2,1,76,3.3375474,3.56988472034
Linear Regression,2,1,87,3.6800909,2.95465126798
Linear Regression,2,1,91,4.029806,3.50825010775
Linear Regression,2,1,97,5.5829322,4.02323473457
Decision Tree,2,1,16,1.446919,2.27476162727
Decision Tree,2,1,17,1.4701758,1.2512516
Decision Tree,2,1,18,1.4929041,2.27476162727
Decision Tree,2,1,21,1.6389967,2.27476162727
Decision Tree,2,1,24,1.7137979,2.9298802875
Decision Tree,2,1,26,1.7664417,2.27476162727
Decision Tree,2,1,31,1.9242487,2.135966975
Decision Tree,2,1,38,2.1916535,1.2512516
Decision Tree,2,1,40,2.2772673,1.2512516
Decision Tree,2,1,49,2.5915164,2.27476162727
Decision Tree,2,1,53,2.6844403,1.2512516
Decision Tree,2,1,54,2.6912431,2.9298802875
Decision Tree,2,1,56,2.7180005,2.9298802875
Decision Tree,2,1,58,2.7942279,2.135966975
Decision Tree,2,1,59,2.8063861,2.135966975
Decision Tree,2,1,60,2.8124102,2.9298802875
Decision Tree,2,1,76,3.3375474,4.08872858889
Decision Tree,2,1,87,3.6800909,2.27476162727
Decision Tree,2,1,91,4.029806,4.08872858889
Decision Tree,2,1,97,5.5829322,4.08872858889
Random Forest,2,1,16,1.446919,2.07877409661
Random Forest,2,1,17,1.4701758,1.62711343818
Random Forest,2,1,18,1.4929041,2.66613786456
Random Forest,2,1,21,1.6389967,1.94520323295
Random Forest,2,1,24,1.7137979,2.98715964322
Random Forest,2,1,26,1.7664417,2.09987628606
Random Forest,2,1,31,1.9242487,2.12422151232
Random Forest,2,1,38,2.1916535,1.5660368059
Random Forest,2,1,40,2.2772673,1.49357089266
Random Forest,2,1,49,2.5915164,2.28399022107
Random Forest,2,1,53,2.6844403,1.78821702465
Random Forest,2,1,54,2.6912431,2.93070207211
Random Forest,2,1,56,2.7180005,2.55923210319
Random Forest,2,1,58,2.7942279,1.79476857109
Random Forest,2,1,59,2.8063861,2.24212989961
Random Forest,2,1,60,2.8124102,2.38152989784
Random Forest,2,1,76,3.3375474,4.07795048029
Random Forest,2,1,87,3.6800909,2.6409443989
Random Forest,2,1,91,4.029806,3.36728976136
Random Forest,2,1,97,5.5829322,3.98989691844
Gradient Boosting,2,1,16,1.446919,2.17297061819
Gradient Boosting,2,1,17,1.4701758,1.67179355603
Gradient Boosting,2,1,18,1.4929041,2.54848188499
Gradient Boosting,2,1,21,1.6389967,2.09536163886
Gradient Boosting,2,1,24,1.7137979,2.8367022269
Gradient Boosting,2,1,26,1.7664417,2.09536163886
Gradient Boosting,2,1,31,1.9242487,2.11615834462
Gradient Boosting,2,1,38,2.1916535,0.996025781277
Gradient Boosting,2,1,40,2.2772673,0.94877514579
Gradient Boosting,2,1,49,2.5915164,2.4697383243
Gradient Boosting,2,1,53,2.6844403,1.89263794551
Gradient Boosting,2,1,54,2.6912431,2.91669737487
Gradient Boosting,2,1,56,2.7180005,2.64236973258
Gradient Boosting,2,1,58,2.7942279,2.26403953229
Gradient Boosting,2,1,59,2.8063861,2.31965327043
Gradient Boosting,2,1,60,2.8124102,2.59945125661
Gradient Boosting,2,1,76,3.3375474,3.9811271817
Gradient Boosting,2,1,87,3.6800909,2.54433986934
Gradient Boosting,2,1,91,4.029806,3.16275626381
Gradient Boosting,2,1,97,5.5829322,3.78831232805
MLP (L-BFGS),2,1,16,1.446919,1.54334255436
MLP (L-BFGS),2,1,17,1.4701758,2.00081097725
MLP (L-BFGS),2,1,18,1.4929041,2.3919948967
MLP (L-BFGS),2,1,21,1.6389967,1.42431615221
MLP (L-BFGS),2,1,24,1.7137979,3.03220931492
MLP (L-BFGS),2,1,26,1.7664417,1.78174661775
MLP (L-BFGS),2,1,31,1.9242487,2.28857217381
MLP (L-BFGS),2,1,38,2.1916535,0.209860022412
MLP (L-BFGS),2,1,40,2.2772673,2.00135656115
MLP (L-BFGS),2,1,49,2.5915164,2.43026531895
MLP (L-BFGS),2,1,53,2.6844403,2.50735572162
MLP (L-BFGS),2,1,54,2.6912431,2.67501421911
MLP (L-BFGS),2,1,56,2.7180005,2.60400598038
MLP (L-BFGS),2,1,58,2.7942279,1.58295077599
MLP (L-BFGS),2,1,59,2.8063861,2.57647821106
MLP (L-BFGS),2,1,60,2.8124102,2.7281528021
MLP (L-BFGS),2,1,76,3.3375474,3.64911120763
MLP (L-BFGS),2,1,87,3.6800909,2.333331159
MLP (L-BFGS),2,1,91,4.029806,3.84138037319
MLP (L-BFGS),2,1,97,5.5829322,3.03434702517
Ridge,2,1,16,1.446919,1.8575900303
Ridge,2,1,17,1.4701758,1.28504857077
Ridge,2,1,18,1.4929041,2.54931366338
Ridge,2,1,21,1.6389967,2.00392039149
Ridge,2,1,24,1.7137979,2.60841441343
Ridge,2,1,26,1.7664417,1.92415138122
Ridge,2,1,31,1.9242487,2.05153170739
Ridge,2,1,38,2.1916535,0.893396605846
Ridge,2,1,40,2.2772673,1.66042082474
Ridge,2,1,49,2.5915164,2.6735120303
Ridge,2,1,53,2.6844403,2.21819038004
Ridge,2,1,54,2.6912431,3.09781776001
Ridge,2,1,56,2.7180005,2.80865406814
Ridge,2,1,58,2.7942279,2.22171585675
Ridge,2,1,59,2.8063861,2.1888485002
Ridge,2,1,60,2.8124102,2.60545509062
Ridge,2,1,76,3.3375474,3.56950610743
Ridge,2,1,87,3.6800909,2.91607176586
Ridge,2,1,91,4.029806,3.45873334103
Ridge,2,1,97,5.5829322,4.03332021175
Lasso,2,1,16,1.446919,2.02119051692
Lasso,2,1,17,1.4701758,1.40231675901
Lasso,2,1,18,1.4929041,2.72798718074
Lasso,2,1,21,1.6389967,2.02553751596
Lasso,2,1,24,1.7137979,2.56525435353
Lasso,2,1,26,1.7664417,2.03398824516
Lasso,2,1,31,1.9242487,2.00727524036
Lasso,2,1,38,2.1916535,1.13378068814
Lasso,2,1,40,2.2772673,1.67684870074
Lasso,2,1,49,2.5915164,2.38817420689
Lasso,2,1,53,2.6844403,2.06491701345
Lasso,2,1,54,2.6912431,3.07204684462
Lasso,2,1,56,2.7180005,2.65751799904
Lasso,2,1,58,2.7942279,1.92329588418
Lasso,2,1,59,2.8063861,2.21543685302
Lasso,2,1,60,2.8124102,2.37796886013
Lasso,2,1,76,3.3375474,3.60868533082
Lasso,2,1,87,3.6800909,2.69527058917
Lasso,2,1,91,4.029806,3.46498811553
Lasso,2,1,97,5.5829322,4.09302639021
Mean baseline,2,1,16,1.446919,2.45133144805
Mean baseline,2,1,17,1.4701758,2.45133144805
Mean baseline,2,1,18,1.4929041,2.45133144805
Mean baseline,2,1,21,1.6389967,2.45133144805
Mean baseline,2,1,24,1.7137979,2.45133144805
Mean baseline,2,1,26,1.7664417,2.45133144805
Mean baseline,2,1,31,1.9242487,2.45133144805
Mean baseline,2,1,38,2.1916535,2.45133144805
Mean baseline,2,1,40,2.2772673,2.45133144805
Mean baseline,2,1,49,2.5915164,2.45133144805
Mean baseline,2,1,53,2.6844403,2.45133144805
Mean baseline,2,1,54,2.6912431,2.45133144805
Mean baseline,2,1,56,2.7180005,2.45133144805
Mean baseline,2,1,58,2.7942279,2.45133144805
Mean baseline,2,1,59,2.8063861,2.45133144805
Mean baseline,2,1,60,2.8124102,2.45133144805
Mean baseline,2,1,76,3.3375474,2.45133144805
Mean baseline,2,1,87,3.6800909,2.45133144805
Mean baseline,2,1,91,4.029806,2.45133144805
Mean baseline,2,1,97,5.5829322,2.45133144805
Linear Regression,2,2,10,1.047319,1.31737171236
Linear Regression,2,2,11,1.2669476,1.53091857263
Linear Regression,2,2,19,1.5581446,1.33234955378
Linear Regression,2,2,25,1.7316555,1.77257944597
Linear Regression,2,2,46,2.5533438,2.50271520146
Linear Regression,2,2,50,2.5915164,2.06345147994
Linear Regression,2,2,64,2.8820035,3.6514012785
Linear Regression,2,2,67,2.9204698,2.8556649049
Linear Regression,2,2,70,2.9729753,2.97821471697
Linear Regression,2,2,71,3.0130809,3.30528329693
Linear Regression,2,2,74,3.0750055,3.47708670778
Linear Regression,2,2,75,3.2752562,3.73386632777
Linear Regression,2,2,77,3.3928291,3.21004557483
Linear Regression,2,2,78,3.4355988,3.37826845983
Linear Regression,2,2,79,3.4578927,3.4520761724
Linear Regression,2,2,84,3.5709402,3.33942434647
Linear Regression,2,2,85,3.5876769,2.57811471936
Linear Regression,2,2,86,3.6309855,3.85330397451
Linear Regression,2,2,88,3.7123518,3.06151399016
Linear Regression,2,2,96,5.477509,4.05602180882
Decision Tree,2,2,10,1.047319,1.869658396
Decision Tree,2,2,11,1.2669476,2.56636952759
Decision Tree,2,2,19,1.5581446,0.4821263
Decision Tree,2,2,25,1.7316555,2.56636952759
Decision Tree,2,2,46,2.5533438,1.869658396
Decision Tree,2,2,50,2.5915164,1.869658396
Decision Tree,2,2,64,2.8820035,2.56636952759
Decision Tree,2,2,67,2.9204698,2.56636952759
Decision Tree,2,2,70,2.9729753,2.56636952759
Decision Tree,2,2,71,3.0130809,2.56636952759
Decision Tree,2,2,74,3.0750055,1.869658396
Decision Tree,2,2,75,3.2752562,4.2315069125
Decision Tree,2,2,77,3.3928291,2.56636952759
Decision Tree,2,2,78,3.4355988,3.1963976
Decision Tree,2,2,79,3.4578927,3.1963976
Decision Tree,2,2,84,3.5709402,3.1963976
Decision Tree,2,2,85,3.5876769,2.56636952759
Decision Tree,2,2,86,3.6309855,4.2315069125
Decision Tree,2,2,88,3.7123518,1.869658396
Decision Tree,2,2,96,5.477509,4.2315069125
Random Forest,2,2,10,1.047319,1.71628122012
Random Forest,2,2,11,1.2669476,1.87421180081
Random Forest,2,2,19,1.5581446,0.65233342917
Random Forest,2,2,25,1.7316555,2.18758288939
Random Forest,2,2,46,2.5533438,2.14084472061
Random Forest,2,2,50,2.5915164,1.95363450682
Random Forest,2,2,64,2.8820035,2.90830443359
Random Forest,2,2,67,2.9204698,2.70264034837
Random Forest,2,2,70,2.9729753,2.56055010019
Random Forest,2,2,71,3.0130809,2.72692789945
Random Forest,2,2,74,3.0750055,2.59348043464
Random Forest,2,2,75,3.2752562,4.06868758684
Random Forest,2,2,77,3.3928291,2.78802495712
Random Forest,2,2,78,3.4355988,3.13152896396
Random Forest,2,2,79,3.4578927,3.25157440526
Random Forest,2,2,84,3.5709402,3.05056233914
Random Forest,2,2,85,3.5876769,2.63260285956
Random Forest,2,2,86,3.6309855,4.02084377096
Random Forest,2,2,88,3.7123518,2.51389730509
Random Forest,2,2,96,5.477509,3.80747557614
Gradient Boosting,2,2,10,1.047319,1.52341798423
Gradient Boosting,2,2,11,1.2669476,2.02638754449
Gradient Boosting,2,2,19,1.5581446,1.00233089676
Gradient Boosting,2,2,25,1.7316555,2.36489796475
Gradient Boosting,2,2,46,2.5533438,2.24275423559
Gradient Boosting,2,2,50,2.5915164,1.96922179754
Gradient Boosting,2,2,64,2.8820035,2.85625640575
Gradient Boosting,2,2,67,2.9204698,2.59534190582
Gradient Boosting,2,2,70,2.9729753,2.48713780519
Gradient Boosting,2,2,71,3.0130809,2.62542868339
Gradient Boosting,2,2,74,3.0750055,2.62244737676
Gradient Boosting,2,2,75,3.2752562,4.42596138882
Gradient Boosting,2,2,77,3.3928291,2.59534190582
Gradient Boosting,2,2,78,3.4355988,2.92719724656
Gradient Boosting,2,2,79,3.4578927,2.99981963619
Gradient Boosting,2,2,84,3.5709402,2.93688039986
Gradient Boosting,2,2,85,3.5876769,2.56475415185
Gradient Boosting,2,2,86,3.6309855,3.8010765124
Gradient Boosting,2,2,88,3.7123518,2.73586871047
Gradient Boosting,2,2,96,5.477509,4.09777863801
MLP (L-BFGS),2,2,10,1.047319,0.854628253949
MLP (L-BFGS),2,2,11,1.2669476,1.18411461757
MLP (L-BFGS),2,2,19,1.5581446,1.37663207092
MLP (L-BFGS),2,2,25,1.7316555,1.72784584964
MLP (L-BFGS),2,2,46,2.5533438,2.74337419197
MLP (L-BFGS),2,2,50,2.5915164,1.93826543409
MLP (L-BFGS),2,2,64,2.8820035,2.9650440567
MLP (L-BFGS),2,2,67,2.9204698,2.68072897186
MLP (L-BFGS),2,2,70,2.9729753,2.97508385387
MLP (L-BFGS),2,2,71,3.0130809,3.44106829623
MLP (L-BFGS),2,2,74,3.0750055,2.7287330157
MLP (L-BFGS),2,2,75,3.2752562,4.0674221399
MLP (L-BFGS),2,2,77,3.3928291,3.29031125463
MLP (L-BFGS),2,2,78,3.4355988,3.47528462935
MLP (L-BFGS),2,2,79,3.4578927,3.58205682714
MLP (L-BFGS),2,2,84,3.5709402,2.72357948852
MLP (L-BFGS),2,2,85,3.5876769,2.16943650998
MLP (L-BFGS),2,2,86,3.6309855,3.91042076361
MLP (L-BFGS),2,2,88,3.7123518,3.43145034217
MLP (L-BFGS),2,2,96,5.477509,3.70106582831
Ridge,2,2,10,1.047319,1.32607930177
Ridge,2,2,11,1.2669476,1.53962255705
Ridge,2,2,19,1.5581446,1.33476280538
Ridge,2,2,25,1.7316555,1.77737859208
Ridge,2,2,46,2.5533438,2.48587408793
Ridge,2,2,50,2.5915164,2.06640944843
Ridge,2,2,64,2.8820035,3.65071408548
Ridge,2,2,67,2.9204698,2.8607022619
Ridge,2,2,70,2.9729753,2.97693733798
Ridge,2,2,71,3.0130809,3.29938854845
Ridge,2,2,74,3.0750055,3.46304991095
Ridge,2,2,75,3.2752562,3.73287105947
Ridge,2,2,77,3.3928291,3.20743916007
Ridge,2,2,78,3.4355988,3.35795496563
Ridge,2,2,79,3.4578927,3.45686320567
Ridge,2,2,84,3.5709402,3.34042409921
Ridge,2,2,85,3.5876769,2.58356916556
Ridge,2,2,86,3.6309855,3.84487831529
Ridge,2,2,88,3.7123518,3.05149460724
Ridge,2,2,96,5.477509,4.03763511098
Lasso,2,2,10,1.047319,1.50273506358
Lasso,2,2,11,1.2669476,1.71767326339
Lasso,2,2,19,1.5581446,1.18758926604
Lasso,2,2,25,1.7316555,1.86562392396
Lasso,2,2,46,2.5533438,2.34164830981
Lasso,2,2,50,2.5915164,2.20493602543
Lasso,2,2,64,2.8820035,3.49412296248
Lasso,2,2,67,2.9204698,2.83044798473
Lasso,2,2,70,2.9729753,2.90602877758
Lasso,2,2,71,3.0130809,3.17544091585
Lasso,2,2,74,3.0750055,3.03096716403
Lasso,2,2,75,3.2752562,3.8229697327
Lasso,2,2,77,3.3928291,3.13169767333
Lasso,2,2,78,3.4355988,3.30073145044
Lasso,2,2,79,3.4578927,3.53242987504
Lasso,2,2,84,3.5709402,3.13327299022
Lasso,2,2,85,3.5876769,2.5052344688
Lasso,2,2,86,3.6309855,3.81706979923
Lasso,2,2,88,3.7123518,2.96169597402
Lasso,2,2,96,5.477509,3.81986547564
Mean baseline,2,2,10,1.047319,2.35389642987
Mean baseline,2,2,11,1.2669476,2.35389642987
Mean baseline,2,2,19,1.5581446,2.35389642987
Mean baseline,2,2,25,1.7316555,2.35389642987
Mean baseline,2,2,46,2.5533438,2.35389642987
Mean baseline,2,2,50,2.5915164,2.35389642987
Mean baseline,2,2,64,2.8820035,2.35389642987
Mean baseline,2,2,67,2.9204698,2.35389642987
Mean baseline,2,2,70,2.9729753,2.35389642987
Mean baseline,2,2,71,3.0130809,2.35389642987
Mean baseline,2,2,74,3.0750055,2.35389642987
Mean baseline,2,2,75,3.2752562,2.35389642987
Mean baseline,2,2,77,3.3928291,2.35389642987
Mean baseline,2,2,78,3.4355988,2.35389642987
Mean baseline,2,2,79,3.4578927,2.35389642987
Mean baseline,2,2,84,3.5709402,2.35389642987
Mean baseline,2,2,85,3.5876769,2.35389642987
Mean baseline,2,2,86,3.6309855,2.35389642987
Mean baseline,2,2,88,3.7123518,2.35389642987
Mean baseline,2,2,96,5.477509,2.35389642987
Linear Regression,2,3,2,-0.1625189,0.617130766585
Linear Regression,2,3,6,0.7654678,0.722734496318
Linear Regression,2,3,13,1.2669476,2.07651961165
Linear Regression,2,3,20,1.5993876,1.78479807249
Linear Regression,2,3,22,1.6582281,2.81954190098
Linear Regression,2,3,29,1.8484548,1.91501235637
Linear Regression,2,3,36,2.0856721,3.00545007203
Linear Regression,2,3,39,2.2137539,4.09932792102
Linear Regression,2,3,43,2.3272777,2.13436253284
Linear Regression,2,3,45,2.5217206,2.53393092699
Linear Regression,2,3,55,2.7047113,3.472336066
Linear Regression,2,3,57,2.7880929,1.76920891324
Linear Regression,2,3,66,2.8875901,2.80435907231
Linear Regression,2,3,68,2.9626924,3.24990554372
Linear Regression,2,3,69,2.9626924,1.29144155217
Linear Regression,2,3,82,3.5307626,2.96998666782
Linear Regression,2,3,83,3.5652984,3.63722106981
Linear Regression,2,3,89,3.9843437,4.18137320893
Linear Regression,2,3,90,3.993603,3.14992319543
Decision Tree,2,3,2,-0.1625189,0.7852977375
Decision Tree,2,3,6,0.7654678,0.7852977375
Decision Tree,2,3,13,1.2669476,2.711025
Decision Tree,2,3,20,1.5993876,1.93863485926
Decision Tree,2,3,22,1.6582281,2.711025
Decision Tree,2,3,29,1.8484548,2.711025
Decision Tree,2,3,36,2.0856721,1.93863485926
Decision Tree,2,3,39,2.2137539,4.71397138
Decision Tree,2,3,43,2.3272777,1.93863485926
Decision Tree,2,3,45,2.5217206,2.711025
Decision Tree,2,3,55,2.7047113,4.71397138
Decision Tree,2,3,57,2.7880929,1.93863485926
Decision Tree,2,3,66,2.8875901,2.711025
Decision Tree,2,3,68,2.9626924,2.711025
Decision Tree,2,3,69,2.9626924,0.7852977375
Decision Tree,2,3,82,3.5307626,3.98586096667
Decision Tree,2,3,83,3.5652984,3.11822566
Decision Tree,2,3,89,3.9843437,3.98586096667
Decision Tree,2,3,90,3.993603,2.711025
Random Forest,2,3,2,-0.1625189,0.675296936515
Random Forest,2,3,6,0.7654678,0.681739031878
Random Forest,2,3,13,1.2669476,2.65445993324
Random Forest,2,3,20,1.5993876,2.10673089547
Random Forest,2,3,22,1.6582281,2.83562889702
Random Forest,2,3,29,1.8484548,2.42502822422
Random Forest,2,3,36,2.0856721,2.62572939864
Random Forest,2,3,39,2.2137539,3.49555118293
Random Forest,2,3,43,2.3272777,2.35939994938
Random Forest,2,3,45,2.5217206,2.59927049336
Random Forest,2,3,55,2.7047113,4.03871371905
Random Forest,2,3,57,2.7880929,1.83228230276
Random Forest,2,3,66,2.8875901,2.81964383428
Random Forest,2,3,68,2.9626924,2.91964925791
Random Forest,2,3,69,2.9626924,1.89339813466
Random Forest,2,3,82,3.5307626,3.32355480145
Random Forest,2,3,83,3.5652984,3.32658455052
Random Forest,2,3,89,3.9843437,4.09581910942
Random Forest,2,3,90,3.993603,2.92506700386
Gradient Boosting,2,3,2,-0.1625189,0.971162168529
Gradient Boosting,2,3,6,0.7654678,1.07586324217
Gradient Boosting,2,3,13,1.2669476,2.52275635173
Gradient Boosting,2,3,20,1.5993876,2.28506398034
Gradient Boosting,2,3,22,1.6582281,2.74531826941
Gradient Boosting,2,3,29,1.8484548,2.4170760634
Gradient Boosting,2,3,36,2.0856721,2.64224271406
Gradient Boosting,2,3,39,2.2137539,3.69283506628
Gradient Boosting,2,3,43,2.3272777,2.38835915382
Gradient Boosting,2,3,45,2.5217206,2.48011260405
Gradient Boosting,2,3,55,2.7047113,3.27684630792
Gradient Boosting,2,3,57,2.7880929,1.82468022921
Gradient Boosting,2,3,66,2.8875901,2.80316136812
Gradient Boosting,2,3,68,2.9626924,2.92813427778
Gradient Boosting,2,3,69,2.9626924,2.03541868058
Gradient Boosting,2,3,82,3.5307626,3.28363706783
Gradient Boosting,2,3,83,3.5652984,3.20416248231
Gradient Boosting,2,3,89,3.9843437,4.14506908611
Gradient Boosting,2,3,90,3.993603,3.00107548402
MLP (L-BFGS),2,3,2,-0.1625189,0.632600323944
MLP (L-BFGS),2,3,6,0.7654678,0.59325149471
MLP (L-BFGS),2,3,13,1.2669476,2.09111958248
MLP (L-BFGS),2,3,20,1.5993876,1.82514162628
MLP (L-BFGS),2,3,22,1.6582281,3.25332284525
MLP (L-BFGS),2,3,29,1.8484548,2.69647831356
MLP (L-BFGS),2,3,36,2.0856721,2.50206508921
MLP (L-BFGS),2,3,39,2.2137539,3.83430224482
MLP (L-BFGS),2,3,43,2.3272777,1.97940541932
MLP (L-BFGS),2,3,45,2.5217206,2.96672109815
MLP (L-BFGS),2,3,55,2.7047113,3.41838506561
MLP (L-BFGS),2,3,57,2.7880929,2.27691816076
MLP (L-BFGS),2,3,66,2.8875901,2.79485494471
MLP (L-BFGS),2,3,68,2.9626924,2.93945875451
MLP (L-BFGS),2,3,69,2.9626924,1.90937177161
MLP (L-BFGS),2,3,82,3.5307626,3.06244797581
MLP (L-BFGS),2,3,83,3.5652984,3.78055291922
MLP (L-BFGS),2,3,89,3.9843437,4.13170133038
MLP (L-BFGS),2,3,90,3.993603,3.15980082848
Ridge,2,3,2,-0.1625189,0.647745226036
Ridge,2,3,6,0.7654678,0.747394041685
Ridge,2,3,13,1.2669476,2.07081293571
Ridge,2,3,20,1.5993876,1.79469797085
Ridge,2,3,22,1.6582281,2.82646314172
Ridge,2,3,29,1.8484548,1.92411069823
Ridge,2,3,36,2.0856721,2.98572106243
Ridge,2,3,39,2.2137539,4.09351572106
Ridge,2,3,43,2.3272777,2.14582690985
Ridge,2,3,45,2.5217206,2.52603612019
Ridge,2,3,55,2.7047113,3.42658286845
Ridge,2,3,57,2.7880929,1.78068632867
Ridge,2,3,66,2.8875901,2.79595983738
Ridge,2,3,68,2.9626924,3.2351583215
Ridge,2,3,69,2.9626924,1.32528057657
Ridge,2,3,82,3.5307626,2.98302585313
Ridge,2,3,83,3.5652984,3.62596080761
Ridge,2,3,89,3.9843437,4.19148435172
Ridge,2,3,90,3.993603,3.15132270357
Lasso,2,3,2,-0.1625189,0.814991920982
Lasso,2,3,6,0.7654678,0.811596364674
Lasso,2,3,13,1.2669476,2.11713991253
Lasso,2,3,20,1.5993876,1.88440770183
Lasso,2,3,22,1.6582281,2.88140235945
Lasso,2,3,29,1.8484548,1.96891237994
Lasso,2,3,36,2.0856721,2.7820736544
Lasso,2,3,39,2.2137539,4.02232245216
Lasso,2,3,43,2.3272777,2.19898804485
Lasso,2,3,45,2.5217206,2.496070508
Lasso,2,3,55,2.7047113,3.23068010033
Lasso,2,3,57,2.7880929,1.82817997697
Lasso,2,3,66,2.8875901,2.68041049242
Lasso,2,3,68,2.9626924,3.18675462844
Lasso,2,3,69,2.9626924,1.52536590684
Lasso,2,3,82,3.5307626,3.04949200448
Lasso,2,3,83,3.5652984,3.64674318297
Lasso,2,3,89,3.9843437,4.16062221612
Lasso,2,3,90,3.993603,3.12521733378
Mean baseline,2,3,2,-0.1625189,2.49870960385
Mean baseline,2,3,6,0.7654678,2.49870960385
Mean baseline,2,3,13,1.2669476,2.49870960385
Mean baseline,2,3,20,1.5993876,2.49870960385
Mean baseline,2,3,22,1.6582281,2.49870960385
Mean baseline,2,3,29,1.8484548,2.49870960385
Mean baseline,2,3,36,2.0856721,2.49870960385
Mean baseline,2,3,39,2.2137539,2.49870960385
Mean baseline,2,3,43,2.3272777,2.49870960385
Mean baseline,2,3,45,2.5217206,2.49870960385
Mean baseline,2,3,55,2.7047113,2.49870960385
Mean baseline,2,3,57,2.7880929,2.49870960385
Mean baseline,2,3,66,2.8875901,2.49870960385
Mean baseline,2,3,68,2.9626924,2.49870960385
Mean baseline,2,3,69,2.9626924,2.49870960385
Mean baseline,2,3,82,3.5307626,2.49870960385
Mean baseline,2,3,83,3.5652984,2.49870960385
Mean baseline,2,3,89,3.9843437,2.49870960385
Mean baseline,2,3,90,3.993603,2.49870960385
Linear Regression,2,4,1,-0.4307829,1.03192874594
Linear Regression,2,4,3,-0.1625189,0.868121250949
Linear Regression,2,4,4,-0.1625189,0.848942851955
Linear Regression,2,4,9,1.047319,1.35411716078
Linear Regression,2,4,14,1.3480731,2.02769535704
Linear Regression,2,4,15,1.3987169,2.21460624479
Linear Regression,2,4,27,1.8000583,2.10547356043
Linear Regression,2,4,30,1.8946169,2.30894387314
Linear Regression,2,4,32,2.008214,1.87762763807
Linear Regression,2,4,42,2.3075726,2.33562725371
Linear Regression,2,4,47,2.5687881,4.32247818032
Linear Regression,2,4,51,2.6567569,2.43792853629
Linear Regression,2,4,52,2.677591,2.82894550776
Linear Regression,2,4,61,2.8419982,2.26771037647
Linear Regression,2,4,63,2.8535925,3.24842576193
Linear Regression,2,4,65,2.8820035,2.46926114187
Linear Regression,2,4,80,3.5130369,3.1312625205
Linear Regression,2,4,92,4.1295508,3.98049228484
Linear Regression,2,4,94,4.6844434,4.62086507202
Decision Tree,2,4,1,-0.4307829,1.43833871
Decision Tree,2,4,3,-0.1625189,2.50278321034
Decision Tree,2,4,4,-0.1625189,1.43833871
Decision Tree,2,4,9,1.047319,1.43833871
Decision Tree,2,4,14,1.3480731,2.50278321034
Decision Tree,2,4,15,1.3987169,2.50278321034
Decision Tree,2,4,27,1.8000583,2.50278321034
Decision Tree,2,4,30,1.8946169,3.29570776667
Decision Tree,2,4,32,2.008214,2.54798753333
Decision Tree,2,4,42,2.3075726,2.50278321034
Decision Tree,2,4,47,2.5687881,3.29570776667
Decision Tree,2,4,51,2.6567569,2.50278321034
Decision Tree,2,4,52,2.677591,2.54798753333
Decision Tree,2,4,61,2.8419982,2.54798753333
Decision Tree,2,4,63,2.8535925,4.45307604
Decision Tree,2,4,65,2.8820035,1.43833871
Decision Tree,2,4,80,3.5130369,4.45307604
Decision Tree,2,4,92,4.1295508,3.29570776667
Decision Tree,2,4,94,4.6844434,3.85719648
Random Forest,2,4,1,-0.4307829,1.41626751704
Random Forest,2,4,3,-0.1625189,1.92656577395
Random Forest,2,4,4,-0.1625189,1.13480332667
Random Forest,2,4,9,1.047319,1.17434977724
Random Forest,2,4,14,1.3480731,2.16978133289
Random Forest,2,4,15,1.3987169,2.31866432465
Random Forest,2,4,27,1.8000583,2.42968740177
Random Forest,2,4,30,1.8946169,2.55709751304
Random Forest,2,4,32,2.008214,1.96454737249
Random Forest,2,4,42,2.3075726,2.49611180132
Random Forest,2,4,47,2.5687881,3.87618233101
Random Forest,2,4,51,2.6567569,2.5459806751
Random Forest,2,4,52,2.677591,2.59486461585
Random Forest,2,4,61,2.8419982,2.29019966853
Random Forest,2,4,63,2.8535925,3.63353513507
Random Forest,2,4,65,2.8820035,2.25335775424
Random Forest,2,4,80,3.5130369,3.67180941766
Random Forest,2,4,92,4.1295508,3.20387699734
Random Forest,2,4,94,4.6844434,3.87526418716
Gradient Boosting,2,4,1,-0.4307829,1.49144760259
Gradient Boosting,2,4,3,-0.1625189,1.86095368437
Gradient Boosting,2,4,4,-0.1625189,1.35342942499
Gradient Boosting,2,4,9,1.047319,1.42716172429
Gradient Boosting,2,4,14,1.3480731,2.18579175353
Gradient Boosting,2,4,15,1.3987169,2.4696906619
Gradient Boosting,2,4,27,1.8000583,2.74631183509
Gradient Boosting,2,4,30,1.8946169,2.42785246228
Gradient Boosting,2,4,32,2.008214,2.2569583818
Gradient Boosting,2,4,42,2.3075726,2.61415903854
Gradient Boosting,2,4,47,2.5687881,3.76327495503
Gradient Boosting,2,4,51,2.6567569,2.70155416064
Gradient Boosting,2,4,52,2.677591,2.61280000221
Gradient Boosting,2,4,61,2.8419982,2.38395526032
Gradient Boosting,2,4,63,2.8535925,3.27414248692
Gradient Boosting,2,4,65,2.8820035,2.06750436944
Gradient Boosting,2,4,80,3.5130369,3.55421915003
Gradient Boosting,2,4,92,4.1295508,3.25341407298
Gradient Boosting,2,4,94,4.6844434,4.19016722961
MLP (L-BFGS),2,4,1,-0.4307829,0.900317830555
MLP (L-BFGS),2,4,3,-0.1625189,1.66947582606
MLP (L-BFGS),2,4,4,-0.1625189,0.902737996069
MLP (L-BFGS),2,4,9,1.047319,1.36081776808
MLP (L-BFGS),2,4,14,1.3480731,2.01976085931
MLP (L-BFGS),2,4,15,1.3987169,2.16457757213
MLP (L-BFGS),2,4,27,1.8000583,1.51716120847
MLP (L-BFGS),2,4,30,1.8946169,1.9799190468
MLP (L-BFGS),2,4,32,2.008214,1.72500811039
MLP (L-BFGS),2,4,42,2.3075726,2.19558441017
MLP (L-BFGS),2,4,47,2.5687881,4.38429001897
MLP (L-BFGS),2,4,51,2.6567569,2.20190762638
MLP (L-BFGS),2,4,52,2.677591,3.22905046893
MLP (L-BFGS),2,4,61,2.8419982,2.5913921809
MLP (L-BFGS),2,4,63,2.8535925,3.03118541708
MLP (L-BFGS),2,4,65,2.8820035,1.93246133653
MLP (L-BFGS),2,4,80,3.5130369,2.96317518673
MLP (L-BFGS),2,4,92,4.1295508,3.8530067946
MLP (L-BFGS),2,4,94,4.6844434,5.52192184403
Ridge,2,4,1,-0.4307829,1.04174813514
Ridge,2,4,3,-0.1625189,0.898052675513
Ridge,2,4,4,-0.1625189,0.872198748269
Ridge,2,4,9,1.047319,1.3601523786
Ridge,2,4,14,1.3480731,2.02652825729
Ridge,2,4,15,1.3987169,2.21741757522
Ridge,2,4,27,1.8000583,2.11374693876
Ridge,2,4,30,1.8946169,2.33469241162
Ridge,2,4,32,2.008214,1.87990884709
Ridge,2,4,42,2.3075726,2.33269955641
Ridge,2,4,47,2.5687881,4.32261663143
Ridge,2,4,51,2.6567569,2.4349085437
Ridge,2,4,52,2.677591,2.80955288797
Ridge,2,4,61,2.8419982,2.26990088872
Ridge,2,4,63,2.8535925,3.26246729704
Ridge,2,4,65,2.8820035,2.45761003295
Ridge,2,4,80,3.5130369,3.12665095127
Ridge,2,4,92,4.1295508,3.92501095225
Ridge,2,4,94,4.6844434,4.58476060079
Lasso,2,4,1,-0.4307829,1.120264989
Lasso,2,4,3,-0.1625189,1.28263747957
Lasso,2,4,4,-0.1625189,1.03669568855
Lasso,2,4,9,1.047319,1.31117324866
Lasso,2,4,14,1.3480731,2.21485914287
Lasso,2,4,15,1.3987169,2.25743982833
Lasso,2,4,27,1.8000583,2.17934364286
Lasso,2,4,30,1.8946169,2.61524021569
Lasso,2,4,32,2.008214,1.88278089646
Lasso,2,4,42,2.3075726,2.45355415382
Lasso,2,4,47,2.5687881,4.18752001226
Lasso,2,4,51,2.6567569,2.48816459455
Lasso,2,4,52,2.677591,2.67643622398
Lasso,2,4,61,2.8419982,2.271061605
Lasso,2,4,63,2.8535925,3.3715749606
Lasso,2,4,65,2.8820035,2.559616908
Lasso,2,4,80,3.5130369,3.14893675318
Lasso,2,4,92,4.1295508,3.57500877927
Lasso,2,4,94,4.6844434,4.19078420561
Mean baseline,2,4,1,-0.4307829,2.57111558718
Mean baseline,2,4,3,-0.1625189,2.57111558718
Mean baseline,2,4,4,-0.1625189,2.57111558718
Mean baseline,2,4,9,1.047319,2.57111558718
Mean baseline,2,4,14,1.3480731,2.57111558718
Mean baseline,2,4,15,1.3987169,2.57111558718
Mean baseline,2,4,27,1.8000583,2.57111558718
Mean baseline,2,4,30,1.8946169,2.57111558718
Mean baseline,2,4,32,2.008214,2.57111558718
Mean baseline,2,4,42,2.3075726,2.57111558718
Mean baseline,2,4,47,2.5687881,2.57111558718
Mean baseline,2,4,51,2.6567569,2.57111558718
Mean baseline,2,4,52,2.677591,2.57111558718
Mean baseline,2,4,61,2.8419982,2.57111558718
Mean baseline,2,4,63,2.8535925,2.57111558718
Mean baseline,2,4,65,2.8820035,2.57111558718
Mean baseline,2,4,80,3.5130369,2.57111558718
Mean baseline,2,4,92,4.1295508,2.57111558718
Mean baseline,2,4,94,4.6844434,2.57111558718
Linear Regression,2,5,5,0.3715636,1.69518566353
Linear Regression,2,5,7,0.7654678,1.91709502396
Linear Regression,2,5,8,0.8544153,2.20987153885
Linear Regression,2,5,12,1.2669476,0.822983233459
Linear Regression,2,5,23,1.6956156,1.00510206194
Linear Regression,2,5,28,1.8164521,1.63602171841
Linear Regression,2,5,33,2.008214,1.84253580655
Linear Regression,2,5,34,2.0215476,1.3282177066
Linear Regression,2,5,35,2.0476928,0.942613301519
Linear Regression,2,5,37,2.1575593,1.50186730066
Linear Regression,2,5,41,2.2975726,1.83653888601
Linear Regression,2,5,44,2.3749058,2.26003213257
Linear Regression,2,5,48,2.5687881,2.67629389584
Linear Regression,2,5,62,2.8535925,3.41932665023
Linear Regression,2,5,72,3.0373539,2.00216056523
Linear Regression,2,5,73,3.0563569,2.60772798835
Linear Regression,2,5,81,3.5160131,1.97546287866
Linear Regression,2,5,93,4.3851468,3.7947416683
Linear Regression,2,5,95,5.1431245,3.32692419199
Decision Tree,2,5,5,0.3715636,2.09400802778
Decision Tree,2,5,7,0.7654678,2.09400802778
Decision Tree,2,5,8,0.8544153,2.78704118462
Decision Tree,2,5,12,1.2669476,1.751330075
Decision Tree,2,5,23,1.6956156,0.350370257143
Decision Tree,2,5,28,1.8164521,1.751330075
Decision Tree,2,5,33,2.008214,2.09400802778
Decision Tree,2,5,34,2.0215476,0.350370257143
Decision Tree,2,5,35,2.0476928,0.350370257143
Decision Tree,2,5,37,2.1575593,2.78704118462
Decision Tree,2,5,41,2.2975726,2.09400802778
Decision Tree,2,5,44,2.3749058,2.78704118462
Decision Tree,2,5,48,2.5687881,2.78704118462
Decision Tree,2,5,62,2.8535925,2.78704118462
Decision Tree,2,5,72,3.0373539,2.09400802778
Decision Tree,2,5,73,3.0563569,2.78704118462
Decision Tree,2,5,81,3.5160131,2.09400802778
Decision Tree,2,5,93,4.3851468,4.07861496667
Decision Tree,2,5,95,5.1431245,4.07861496667
Random Forest,2,5,5,0.3715636,1.93320434929
Random Forest,2,5,7,0.7654678,2.07106283305
Random Forest,2,5,8,0.8544153,2.25069273775
Random Forest,2,5,12,1.2669476,0.603745302745
Random Forest,2,5,23,1.6956156,0.638241484303
Random Forest,2,5,28,1.8164521,1.97267595376
Random Forest,2,5,33,2.008214,1.94255568775
Random Forest,2,5,34,2.0215476,1.44306229374
Random Forest,2,5,35,2.0476928,1.33750371817
Random Forest,2,5,37,2.1575593,2.33061087948
Random Forest,2,5,41,2.2975726,1.96274400067
Random Forest,2,5,44,2.3749058,2.87525081135
Random Forest,2,5,48,2.5687881,2.62404166675
Random Forest,2,5,62,2.8535925,3.07038905023
Random Forest,2,5,72,3.0373539,2.08596545488
Random Forest,2,5,73,3.0563569,2.77825395146
Random Forest,2,5,81,3.5160131,2.09095888277
Random Forest,2,5,93,4.3851468,3.84225873241
Random Forest,2,5,95,5.1431245,3.56238414907
Gradient Boosting,2,5,5,0.3715636,1.90120701118
Gradient Boosting,2,5,7,0.7654678,2.24834880185
Gradient Boosting,2,5,8,0.8544153,2.3635834795
Gradient Boosting,2,5,12,1.2669476,0.935568685705
Gradient Boosting,2,5,23,1.6956156,0.735566323442
Gradient Boosting,2,5,28,1.8164521,2.14510260832
Gradient Boosting,2,5,33,2.008214,1.93301408592
Gradient Boosting,2,5,34,2.0215476,1.23212249569
Gradient Boosting,2,5,35,2.0476928,1.19603820007
Gradient Boosting,2,5,37,2.1575593,2.26548882478
Gradient Boosting,2,5,41,2.2975726,1.88976363424
Gradient Boosting,2,5,44,2.3749058,2.83052177046
Gradient Boosting,2,5,48,2.5687881,2.61497487175
Gradient Boosting,2,5,62,2.8535925,3.14045294346
Gradient Boosting,2,5,72,3.0373539,2.01409124422
Gradient Boosting,2,5,73,3.0563569,2.75193325093
Gradient Boosting,2,5,81,3.5160131,2.12379258882
Gradient Boosting,2,5,93,4.3851468,3.88264703382
Gradient Boosting,2,5,95,5.1431245,3.35902706782
MLP (L-BFGS),2,5,5,0.3715636,1.3242870351
MLP (L-BFGS),2,5,7,0.7654678,1.9332263737
MLP (L-BFGS),2,5,8,0.8544153,2.37226746745
MLP (L-BFGS),2,5,12,1.2669476,0.748930175232
MLP (L-BFGS),2,5,23,1.6956156,0.581458389124
MLP (L-BFGS),2,5,28,1.8164521,1.78463002767
MLP (L-BFGS),2,5,33,2.008214,2.20597802223
MLP (L-BFGS),2,5,34,2.0215476,0.997753840188
MLP (L-BFGS),2,5,35,2.0476928,0.310859172655
MLP (L-BFGS),2,5,37,2.1575593,2.03363695517
MLP (L-BFGS),2,5,41,2.2975726,2.28657036413
MLP (L-BFGS),2,5,44,2.3749058,2.51868977607
MLP (L-BFGS),2,5,48,2.5687881,2.50718008557
MLP (L-BFGS),2,5,62,2.8535925,3.13239730418
MLP (L-BFGS),2,5,72,3.0373539,2.6248629626
MLP (L-BFGS),2,5,73,3.0563569,2.6245962365
MLP (L-BFGS),2,5,81,3.5160131,1.92931216239
MLP (L-BFGS),2,5,93,4.3851468,3.95447745841
MLP (L-BFGS),2,5,95,5.1431245,3.73745190691
Ridge,2,5,5,0.3715636,1.69602957236
Ridge,2,5,7,0.7654678,1.91350446114
Ridge,2,5,8,0.8544153,2.1965536684
Ridge,2,5,12,1.2669476,0.856134122361
Ridge,2,5,23,1.6956156,1.02532584238
Ridge,2,5,28,1.8164521,1.6552088232
Ridge,2,5,33,2.008214,1.83490005571
Ridge,2,5,34,2.0215476,1.33378855197
Ridge,2,5,35,2.0476928,0.971713839636
Ridge,2,5,37,2.1575593,1.58382947875
Ridge,2,5,41,2.2975726,1.82849468712
Ridge,2,5,44,2.3749058,2.2966503457
Ridge,2,5,48,2.5687881,2.6727023637
Ridge,2,5,62,2.8535925,3.42560596879
Ridge,2,5,72,3.0373539,2.00028655776
Ridge,2,5,73,3.0563569,2.62589458382
Ridge,2,5,81,3.5160131,1.98168550541
Ridge,2,5,93,4.3851468,3.77549408594
Ridge,2,5,95,5.1431245,3.3454236304
Lasso,2,5,5,0.3715636,1.77605923199
Lasso,2,5,7,0.7654678,1.92448485619
Lasso,2,5,8,0.8544153,2.06138929837
Lasso,2,5,12,1.2669476,0.989488233428
Lasso,2,5,23,1.6956156,1.14272586875
Lasso,2,5,28,1.8164521,1.67543713498
Lasso,2,5,33,2.008214,1.91346319142
Lasso,2,5,34,2.0215476,1.35787583449
Lasso,2,5,35,2.0476928,1.24002534792
Lasso,2,5,37,2.1575593,2.24810808175
Lasso,2,5,41,2.2975726,1.63630537088
Lasso,2,5,44,2.3749058,2.60990007015
Lasso,2,5,48,2.5687881,2.59347603737
Lasso,2,5,62,2.8535925,3.364929592
Lasso,2,5,72,3.0373539,2.061388447
Lasso,2,5,73,3.0563569,2.7362571946
Lasso,2,5,81,3.5160131,2.07077121823
Lasso,2,5,93,4.3851468,3.65393462278
Lasso,2,5,95,5.1431245,3.46398117525
Mean baseline,2,5,5,0.3715636,2.51493842692
Mean baseline,2,5,7,0.7654678,2.51493842692
Mean baseline,2,5,8,0.8544153,2.51493842692
Mean baseline,2,5,12,1.2669476,2.51493842692
Mean baseline,2,5,23,1.6956156,2.51493842692
Mean baseline,2,5,28,1.8164521,2.51493842692
Mean baseline,2,5,33,2.008214,2.51493842692
Mean baseline,2,5,34,2.0215476,2.51493842692
Mean baseline,2,5,35,2.0476928,2.51493842692
Mean baseline,2,5,37,2.1575593,2.51493842692
Mean baseline,2,5,41,2.2975726,2.51493842692
Mean baseline,2,5,44,2.3749058,2.51493842692
Mean baseline,2,5,48,2.5687881,2.51493842692
Mean baseline,2,5,62,2.8535925,2.51493842692
Mean baseline,2,5,72,3.0373539,2.51493842692
Mean baseline,2,5,73,3.0563569,2.51493842692
Mean baseline,2,5,81,3.5160131,2.51493842692
Mean baseline,2,5,93,4.3851468,2.51493842692
Mean baseline,2,5,95,5.1431245,2.51493842692
Linear Regression,3,1,6,0.7654678,0.667619251182
Linear Regression,3,1,10,1.047319,1.25047738711
Linear Regression,3,1,13,1.2669476,2.03759794376
Linear Regression,3,1,14,1.3480731,1.88532172456
Linear Regression,3,1,15,1.3987169,2.00877708389
Linear Regression,3,1,21,1.6389967,1.92287798626
Linear Regression,3,1,27,1.8000583,2.09067196257
Linear Regression,3,1,29,1.8484548,2.02982138406
Linear Regression,3,1,34,2.0215476,1.24125849878
Linear Regression,3,1,43,2.3272777,1.9859327575
Linear Regression,3,1,45,2.5217206,2.36201841394
Linear Regression,3,1,47,2.5687881,4.45938776598
Linear Regression,3,1,51,2.6567569,2.54379819483
Linear Regression,3,1,57,2.7880929,1.47233057297
Linear Regression,3,1,58,2.7942279,2.09192302819
Linear Regression,3,1,60,2.8124102,2.66108628024
Linear Regression,3,1,62,2.8535925,3.58415767877
Linear Regression,3,1,79,3.4578927,3.61978567086
Linear Regression,3,1,81,3.5160131,2.0464401869
Linear Regression,3,1,83,3.5652984,3.85796501099
Decision Tree,3,1,6,0.7654678,0.31168918
Decision Tree,3,1,10,1.047319,1.3051573
Decision Tree,3,1,13,1.2669476,2.94706715385
Decision Tree,3,1,14,1.3480731,2.3387596
Decision Tree,3,1,15,1.3987169,2.3387596
Decision Tree,3,1,21,1.6389967,2.3387596
Decision Tree,3,1,27,1.8000583,2.26394165556
Decision Tree,3,1,29,1.8484548,2.94706715385
Decision Tree,3,1,34,2.0215476,1.3051573
Decision Tree,3,1,43,2.3272777,2.26394165556
Decision Tree,3,1,45,2.5217206,2.94706715385
Decision Tree,3,1,47,2.5687881,2.94706715385
Decision Tree,3,1,51,2.6567569,2.94706715385
Decision Tree,3,1,57,2.7880929,2.3387596
Decision Tree,3,1,58,2.7942279,2.26394165556
Decision Tree,3,1,60,2.8124102,2.94706715385
Decision Tree,3,1,62,2.8535925,2.94706715385
Decision Tree,3,1,79,3.4578927,2.94706715385
Decision Tree,3,1,81,3.5160131,2.94706715385
Decision Tree,3,1,83,3.5652984,2.94706715385
Random Forest,3,1,6,0.7654678,0.416146495813
Random Forest,3,1,10,1.047319,1.50678656599
Random Forest,3,1,13,1.2669476,2.56370754001
Random Forest,3,1,14,1.3480731,2.18068161345
Random Forest,3,1,15,1.3987169,2.1824916755
Random Forest,3,1,21,1.6389967,1.95092567549
Random Forest,3,1,27,1.8000583,2.40238300071
Random Forest,3,1,29,1.8484548,2.40353197869
Random Forest,3,1,34,2.0215476,1.37238811284
Random Forest,3,1,43,2.3272777,2.09181804008
Random Forest,3,1,45,2.5217206,2.35391171586
Random Forest,3,1,47,2.5687881,3.78087806982
Random Forest,3,1,51,2.6567569,2.65074275345
Random Forest,3,1,57,2.7880929,2.12704588749
Random Forest,3,1,58,2.7942279,2.06904132779
Random Forest,3,1,60,2.8124102,2.6755494063
Random Forest,3,1,62,2.8535925,3.14889667344
Random Forest,3,1,79,3.4578927,3.50783280123
Random Forest,3,1,81,3.5160131,2.41910478563
Random Forest,3,1,83,3.5652984,3.48769424133
Gradient Boosting,3,1,6,0.7654678,0.72932258463
Gradient Boosting,3,1,10,1.047319,1.34831902604
Gradient Boosting,3,1,13,1.2669476,2.42661460117
Gradient Boosting,3,1,14,1.3480731,2.018528584
Gradient Boosting,3,1,15,1.3987169,2.32410731804
Gradient Boosting,3,1,21,1.6389967,2.02218754631
Gradient Boosting,3,1,27,1.8000583,2.7206573367
Gradient Boosting,3,1,29,1.8484548,2.38423237638
Gradient Boosting,3,1,34,2.0215476,1.45918916791
Gradient Boosting,3,1,43,2.3272777,2.25157465974
Gradient Boosting,3,1,45,2.5217206,2.30678884049
Gradient Boosting,3,1,47,2.5687881,3.67572034104
Gradient Boosting,3,1,51,2.6567569,2.68767809177
Gradient Boosting,3,1,57,2.7880929,2.15657271809
Gradient Boosting,3,1,58,2.7942279,2.4162551068
Gradient Boosting,3,1,60,2.8124102,2.68767809177
Gradient Boosting,3,1,62,2.8535925,3.26075222836
Gradient Boosting,3,1,79,3.4578927,3.47038337842
Gradient Boosting,3,1,81,3.5160131,2.28544956872
Gradient Boosting,3,1,83,3.5652984,3.3319094406
MLP (L-BFGS),3,1,6,0.7654678,0.434258888491
MLP (L-BFGS),3,1,10,1.047319,0.935313123085
MLP (L-BFGS),3,1,13,1.2669476,1.7901182332
MLP (L-BFGS),3,1,14,1.3480731,1.7888286129
MLP (L-BFGS),3,1,15,1.3987169,2.29629098116
MLP (L-BFGS),3,1,21,1.6389967,1.57519104857
MLP (L-BFGS),3,1,27,1.8000583,2.44803978614
MLP (L-BFGS),3,1,29,1.8484548,2.42944328179
MLP (L-BFGS),3,1,34,2.0215476,1.03571649785
MLP (L-BFGS),3,1,43,2.3272777,1.809108352
MLP (L-BFGS),3,1,45,2.5217206,2.40048434439
MLP (L-BFGS),3,1,47,2.5687881,3.84588330106
MLP (L-BFGS),3,1,51,2.6567569,3.0018824762
MLP (L-BFGS),3,1,57,2.7880929,2.56706362921
MLP (L-BFGS),3,1,58,2.7942279,1.70272466953
MLP (L-BFGS),3,1,60,2.8124102,2.76556515368
MLP (L-BFGS),3,1,62,2.8535925,3.53418492576
MLP (L-BFGS),3,1,79,3.4578927,3.36917520494
MLP (L-BFGS),3,1,81,3.5160131,1.95428540064
MLP (L-BFGS),3,1,83,3.5652984,3.94208927862
Ridge,3,1,6,0.7654678,0.686549327866
Ridge,3,1,10,1.047319,1.25915334801
Ridge,3,1,13,1.2669476,2.03477999942
Ridge,3,1,14,1.3480731,1.88041204149
Ridge,3,1,15,1.3987169,2.01461186503
Ridge,3,1,21,1.6389967,1.91560937047
Ridge,3,1,27,1.8000583,2.0890176214
Ridge,3,1,29,1.8484548,2.03336159478
Ridge,3,1,34,2.0215476,1.24758786188
Ridge,3,1,43,2.3272777,1.99721734071
Ridge,3,1,45,2.5217206,2.36203119791
Ridge,3,1,47,2.5687881,4.46108215973
Ridge,3,1,51,2.6567569,2.53015103292
Ridge,3,1,57,2.7880929,1.49269911188
Ridge,3,1,58,2.7942279,2.08341790534
Ridge,3,1,60,2.8124102,2.64344198077
Ridge,3,1,62,2.8535925,3.58729769164
Ridge,3,1,79,3.4578927,3.62514401294
Ridge,3,1,81,3.5160131,2.05514137557
Ridge,3,1,83,3.5652984,3.84404137429
Lasso,3,1,6,0.7654678,0.772887200487
Lasso,3,1,10,1.047319,1.40486248714
Lasso,3,1,13,1.2669476,2.09142512621
Lasso,3,1,14,1.3480731,1.95314080702
Lasso,3,1,15,1.3987169,2.07337388646
Lasso,3,1,21,1.6389967,1.95684162342
Lasso,3,1,27,1.8000583,2.0418453011
Lasso,3,1,29,1.8484548,2.04675185104
Lasso,3,1,34,2.0215476,1.31369757957
Lasso,3,1,43,2.3272777,2.05105288487
Lasso,3,1,45,2.5217206,2.34410089165
Lasso,3,1,47,2.5687881,4.30942329043
Lasso,3,1,51,2.6567569,2.43538869915
Lasso,3,1,57,2.7880929,1.62901833086
Lasso,3,1,58,2.7942279,1.92443234369
Lasso,3,1,60,2.8124102,2.41682367257
Lasso,3,1,62,2.8535925,3.5200925028
Lasso,3,1,79,3.4578927,3.71650745995
Lasso,3,1,81,3.5160131,2.14327280997
Lasso,3,1,83,3.5652984,3.81418934801
Mean baseline,3,1,6,0.7654678,2.53773862857
Mean baseline,3,1,10,1.047319,2.53773862857
Mean baseline,3,1,13,1.2669476,2.53773862857
Mean baseline,3,1,14,1.3480731,2.53773862857
Mean baseline,3,1,15,1.3987169,2.53773862857
Mean baseline,3,1,21,1.6389967,2.53773862857
Mean baseline,3,1,27,1.8000583,2.53773862857
Mean baseline,3,1,29,1.8484548,2.53773862857
Mean baseline,3,1,34,2.0215476,2.53773862857
Mean baseline,3,1,43,2.3272777,2.53773862857
Mean baseline,3,1,45,2.5217206,2.53773862857
Mean baseline,3,1,47,2.5687881,2.53773862857
Mean baseline,3,1,51,2.6567569,2.53773862857
Mean baseline,3,1,57,2.7880929,2.53773862857
Mean baseline,3,1,58,2.7942279,2.53773862857
Mean baseline,3,1,60,2.8124102,2.53773862857
Mean baseline,3,1,62,2.8535925,2.53773862857
Mean baseline,3,1,79,3.4578927,2.53773862857
Mean baseline,3,1,81,3.5160131,2.53773862857
Mean baseline,3,1,83,3.5652984,2.53773862857
Linear Regression,3,2,4,-0.1625189,0.818124946193
Linear Regression,3,2,5,0.3715636,1.75165902442
Linear Regression,3,2,8,0.8544153,2.2628467905
Linear Regression,3,2,9,1.047319,1.53996332618
Linear Regression,3,2,12,1.2669476,1.0856296031
Linear Regression,3,2,22,1.6582281,2.65558197276
Linear Regression,3,2,37,2.1575593,1.69529631178
Linear Regression,3,2,46,2.5533438,2.55316035289
Linear Regression,3,2,48,2.5687881,2.63517061016
Linear Regression,3,2,49,2.5915164,2.90348580201
Linear Regression,3,2,61,2.8419982,2.33233427193
Linear Regression,3,2,64,2.8820035,3.76434389221
Linear Regression,3,2,65,2.8820035,2.45831470861
Linear Regression,3,2,66,2.8875901,2.71492638115
Linear Regression,3,2,72,3.0373539,1.95186811432
Linear Regression,3,2,80,3.5130369,3.08063658553
Linear Regression,3,2,82,3.5307626,2.98606745664
Linear Regression,3,2,91,4.029806,3.19581930025
Linear Regression,3,2,92,4.1295508,4.07725117389
Linear Regression,3,2,97,5.5829322,3.90692725533
Decision Tree,3,2,4,-0.1625189,0.543901216667
Decision Tree,3,2,5,0.3715636,1.96238075517
Decision Tree,3,2,8,0.8544153,1.96238075517
Decision Tree,3,2,9,1.047319,0.543901216667
Decision Tree,3,2,12,1.2669476,0.543901216667
Decision Tree,3,2,22,1.6582281,1.96238075517
Decision Tree,3,2,37,2.1575593,1.96238075517
Decision Tree,3,2,46,2.5533438,1.96238075517
Decision Tree,3,2,48,2.5687881,2.69078324167
Decision Tree,3,2,49,2.5915164,1.96238075517
Decision Tree,3,2,61,2.8419982,2.69078324167
Decision Tree,3,2,64,2.8820035,2.82142162
Decision Tree,3,2,65,2.8820035,1.96238075517
Decision Tree,3,2,66,2.8875901,2.69078324167
Decision Tree,3,2,72,3.0373539,1.96238075517
Decision Tree,3,2,80,3.5130369,2.69078324167
Decision Tree,3,2,82,3.5307626,1.96238075517
Decision Tree,3,2,91,4.029806,2.69078324167
Decision Tree,3,2,92,4.1295508,3.48052312
Decision Tree,3,2,97,5.5829322,4.2397945625
Random Forest,3,2,4,-0.1625189,0.618633579385
Random Forest,3,2,5,0.3715636,1.68280753047
Random Forest,3,2,8,0.8544153,2.09039004334
Random Forest,3,2,9,1.047319,0.748109508038
Random Forest,3,2,12,1.2669476,0.824415955301
Random Forest,3,2,22,1.6582281,2.73712068827
Random Forest,3,2,37,2.1575593,2.58647126093
Random Forest,3,2,46,2.5533438,2.29217390216
Random Forest,3,2,48,2.5687881,2.56896003951
Random Forest,3,2,49,2.5915164,2.19163632154
Random Forest,3,2,61,2.8419982,2.49438358212
Random Forest,3,2,64,2.8820035,2.94836280441
Random Forest,3,2,65,2.8820035,2.28350216167
Random Forest,3,2,66,2.8875901,2.64533722431
Random Forest,3,2,72,3.0373539,2.08073579147
Random Forest,3,2,80,3.5130369,3.1979329967
Random Forest,3,2,82,3.5307626,2.72327393701
Random Forest,3,2,91,4.029806,3.04878423128
Random Forest,3,2,92,4.1295508,3.00532264782
Random Forest,3,2,97,5.5829322,3.95186418906
Gradient Boosting,3,2,4,-0.1625189,1.00649547154
Gradient Boosting,3,2,5,0.3715636,1.89404346847
Gradient Boosting,3,2,8,0.8544153,2.05918313267
Gradient Boosting,3,2,9,1.047319,1.13785812057
Gradient Boosting,3,2,12,1.2669476,1.16447398676
Gradient Boosting,3,2,22,1.6582281,2.77967091014
Gradient Boosting,3,2,37,2.1575593,2.46717842829
Gradient Boosting,3,2,46,2.5533438,2.32369560026
Gradient Boosting,3,2,48,2.5687881,2.61357592426
Gradient Boosting,3,2,49,2.5915164,2.27736820826
Gradient Boosting,3,2,61,2.8419982,2.58712913348
Gradient Boosting,3,2,64,2.8820035,3.07875464951
Gradient Boosting,3,2,65,2.8820035,2.15126473941
Gradient Boosting,3,2,66,2.8875901,2.72968952647
Gradient Boosting,3,2,72,3.0373539,2.18335925269
Gradient Boosting,3,2,80,3.5130369,2.87026870638
Gradient Boosting,3,2,82,3.5307626,2.73646969899
Gradient Boosting,3,2,91,4.029806,2.91830724607
Gradient Boosting,3,2,92,4.1295508,3.01005841113
Gradient Boosting,3,2,97,5.5829322,3.85543359308
MLP (L-BFGS),3,2,4,-0.1625189,0.426495753327
MLP (L-BFGS),3,2,5,0.3715636,1.4595105797
MLP (L-BFGS),3,2,8,0.8544153,2.10239872278
MLP (L-BFGS),3,2,9,1.047319,1.2363843215
MLP (L-BFGS),3,2,12,1.2669476,0.568962204991
MLP (L-BFGS),3,2,22,1.6582281,3.2690578676
MLP (L-BFGS),3,2,37,2.1575593,2.46217771293
MLP (L-BFGS),3,2,46,2.5533438,2.54886917126
MLP (L-BFGS),3,2,48,2.5687881,2.77626094891
MLP (L-BFGS),3,2,49,2.5915164,2.64711717023
MLP (L-BFGS),3,2,61,2.8419982,2.73270849482
MLP (L-BFGS),3,2,64,2.8820035,3.07694356378
MLP (L-BFGS),3,2,65,2.8820035,2.0312942908
MLP (L-BFGS),3,2,66,2.8875901,2.78193629783
MLP (L-BFGS),3,2,72,3.0373539,2.74940559334
MLP (L-BFGS),3,2,80,3.5130369,2.68529733721
MLP (L-BFGS),3,2,82,3.5307626,2.7999031286
MLP (L-BFGS),3,2,91,4.029806,3.09455774441
MLP (L-BFGS),3,2,92,4.1295508,4.13306907891
MLP (L-BFGS),3,2,97,5.5829322,2.79504641508
Ridge,3,2,4,-0.1625189,0.846251382375
Ridge,3,2,5,0.3715636,1.74789421542
Ridge,3,2,8,0.8544153,2.24577071295
Ridge,3,2,9,1.047319,1.54306037005
Ridge,3,2,12,1.2669476,1.11524119809
Ridge,3,2,22,1.6582281,2.67669171462
Ridge,3,2,37,2.1575593,1.77196211081
Ridge,3,2,46,2.5533438,2.52729254482
Ridge,3,2,48,2.5687881,2.6326347256
Ridge,3,2,49,2.5915164,2.85287822805
Ridge,3,2,61,2.8419982,2.33609544092
Ridge,3,2,64,2.8820035,3.76256457896
Ridge,3,2,65,2.8820035,2.43166765758
Ridge,3,2,66,2.8875901,2.70838691909
Ridge,3,2,72,3.0373539,1.95086723671
Ridge,3,2,80,3.5130369,3.06242991792
Ridge,3,2,82,3.5307626,2.9989896841
Ridge,3,2,91,4.029806,3.15106777478
Ridge,3,2,92,4.1295508,4.00565450795
Ridge,3,2,97,5.5829322,3.92282945144
Lasso,3,2,4,-0.1625189,0.999475386503
Lasso,3,2,5,0.3715636,1.83678831604
Lasso,3,2,8,0.8544153,2.11974474518
Lasso,3,2,9,1.047319,1.46503229202
Lasso,3,2,12,1.2669476,1.20557647147
Lasso,3,2,22,1.6582281,2.70457340431
Lasso,3,2,37,2.1575593,2.17715129524
Lasso,3,2,46,2.5533438,2.39625099135
Lasso,3,2,48,2.5687881,2.56525320861
Lasso,3,2,49,2.5915164,2.5576110056
Lasso,3,2,61,2.8419982,2.35664210734
Lasso,3,2,64,2.8820035,3.60792780157
Lasso,3,2,65,2.8820035,2.45797474249
Lasso,3,2,66,2.8875901,2.5975169711
Lasso,3,2,72,3.0373539,2.03918579797
Lasso,3,2,80,3.5130369,3.03100306028
Lasso,3,2,82,3.5307626,2.98385377264
Lasso,3,2,91,4.029806,3.13378191851
Lasso,3,2,92,4.1295508,3.57711532989
Lasso,3,2,97,5.5829322,3.97562333262
Mean baseline,3,2,4,-0.1625189,2.46986139221
Mean baseline,3,2,5,0.3715636,2.46986139221
Mean baseline,3,2,8,0.8544153,2.46986139221
Mean baseline,3,2,9,1.047319,2.46986139221
Mean baseline,3,2,12,1.2669476,2.46986139221
Mean baseline,3,2,22,1.6582281,2.46986139221
Mean baseline,3,2,37,2.1575593,2.46986139221
Mean baseline,3,2,46,2.5533438,2.46986139221
Mean baseline,3,2,48,2.5687881,2.46986139221
Mean baseline,3,2,49,2.5915164,2.46986139221
Mean baseline,3,2,61,2.8419982,2.46986139221
Mean baseline,3,2,64,2.8820035,2.46986139221
Mean baseline,3,2,65,2.8820035,2.46986139221
Mean baseline,3,2,66,2.8875901,2.46986139221
Mean baseline,3,2,72,3.0373539,2.46986139221
Mean baseline,3,2,80,3.5130369,2.46986139221
Mean baseline,3,2,82,3.5307626,2.46986139221
Mean baseline,3,2,91,4.029806,2.46986139221
Mean baseline,3,2,92,4.1295508,2.46986139221
Mean baseline,3,2,97,5.5829322,2.46986139221
Linear Regression,3,3,18,1.4929041,2.50642995847
Linear Regression,3,3,23,1.6956156,1.00059139452
Linear Regression,3,3,25,1.7316555,1.83162446461
Linear Regression,3,3,26,1.7664417,2.0068776182
Linear Regression,3,3,28,1.8164521,1.62133743584
Linear Regression,3,3,30,1.8946169,2.24508952847
Linear Regression,3,3,31,1.9242487,2.06425277178
Linear Regression,3,3,35,2.0476928,1.0292865486
Linear Regression,3,3,39,2.2137539,3.98404030182
Linear Regression,3,3,40,2.2772673,1.5905661181
Linear Regression,3,3,42,2.3075726,2.24229286485
Linear Regression,3,3,50,2.5915164,2.15678625427
Linear Regression,3,3,63,2.8535925,2.95287568725
Linear Regression,3,3,76,3.3375474,3.61655050064
Linear Regression,3,3,77,3.3928291,3.42093110664
Linear Regression,3,3,84,3.5709402,3.23955500593
Linear Regression,3,3,85,3.5876769,2.56193696297
Linear Regression,3,3,93,4.3851468,3.92823484672
Linear Regression,3,3,95,5.1431245,3.40310923175
Decision Tree,3,3,18,1.4929041,2.41283792667
Decision Tree,3,3,23,1.6956156,0.464942425
Decision Tree,3,3,25,1.7316555,2.42496472222
Decision Tree,3,3,26,1.7664417,2.41283792667
Decision Tree,3,3,28,1.8164521,2.42496472222
Decision Tree,3,3,30,1.8946169,4.12680814
Decision Tree,3,3,31,1.9242487,2.42496472222
Decision Tree,3,3,35,2.0476928,1.36518475556
Decision Tree,3,3,39,2.2137539,4.12680814
Decision Tree,3,3,40,2.2772673,1.36518475556
Decision Tree,3,3,42,2.3075726,2.41283792667
Decision Tree,3,3,50,2.5915164,2.41283792667
Decision Tree,3,3,63,2.8535925,3.26056684
Decision Tree,3,3,76,3.3375474,4.12680814
Decision Tree,3,3,77,3.3928291,2.41283792667
Decision Tree,3,3,84,3.5709402,4.12680814
Decision Tree,3,3,85,3.5876769,2.41283792667
Decision Tree,3,3,93,4.3851468,4.12680814
Decision Tree,3,3,95,5.1431245,4.12680814
Random Forest,3,3,18,1.4929041,2.89841146738
Random Forest,3,3,23,1.6956156,0.686806577076
Random Forest,3,3,25,1.7316555,2.1462519344
Random Forest,3,3,26,1.7664417,1.96072880617
Random Forest,3,3,28,1.8164521,2.18105246843
Random Forest,3,3,30,1.8946169,2.95837737072
Random Forest,3,3,31,1.9242487,2.31236195907
Random Forest,3,3,35,2.0476928,1.40564437744
Random Forest,3,3,39,2.2137539,3.64892964237
Random Forest,3,3,40,2.2772673,1.72280645366
Random Forest,3,3,42,2.3075726,2.42326615473
Random Forest,3,3,50,2.5915164,2.15636247038
Random Forest,3,3,63,2.8535925,3.21021970479
Random Forest,3,3,76,3.3375474,3.92247508579
Random Forest,3,3,77,3.3928291,2.91373729965
Random Forest,3,3,84,3.5709402,3.44304283621
Random Forest,3,3,85,3.5876769,2.69638712068
Random Forest,3,3,93,4.3851468,3.94677326026
Random Forest,3,3,95,5.1431245,3.75895607647
Gradient Boosting,3,3,18,1.4929041,2.82772803288
Gradient Boosting,3,3,23,1.6956156,0.725616608656
Gradient Boosting,3,3,25,1.7316555,2.41444322894
Gradient Boosting,3,3,26,1.7664417,2.05027173833
Gradient Boosting,3,3,28,1.8164521,2.36787367579
Gradient Boosting,3,3,30,1.8946169,2.80955040538
Gradient Boosting,3,3,31,1.9242487,2.32932473813
Gradient Boosting,3,3,35,2.0476928,1.3212578945
Gradient Boosting,3,3,39,2.2137539,3.61744645541
Gradient Boosting,3,3,40,2.2772673,1.40149286512
Gradient Boosting,3,3,42,2.3075726,2.62161019112
Gradient Boosting,3,3,50,2.5915164,2.14794129536
Gradient Boosting,3,3,63,2.8535925,2.96177537534
Gradient Boosting,3,3,76,3.3375474,3.59224813995
Gradient Boosting,3,3,77,3.3928291,2.79960860491
Gradient Boosting,3,3,84,3.5709402,3.31424523081
Gradient Boosting,3,3,85,3.5876769,2.62172404782
Gradient Boosting,3,3,93,4.3851468,3.92061712522
Gradient Boosting,3,3,95,5.1431245,3.41145069093
MLP (L-BFGS),3,3,18,1.4929041,3.0114932507
MLP (L-BFGS),3,3,23,1.6956156,0.694931340834
MLP (L-BFGS),3,3,25,1.7316555,1.67909992245
MLP (L-BFGS),3,3,26,1.7664417,1.87374832988
MLP (L-BFGS),3,3,28,1.8164521,1.82107294374
MLP (L-BFGS),3,3,30,1.8946169,2.86643751319
MLP (L-BFGS),3,3,31,1.9242487,2.23818555141
MLP (L-BFGS),3,3,35,2.0476928,0.506648720031
MLP (L-BFGS),3,3,39,2.2137539,3.88542478193
MLP (L-BFGS),3,3,40,2.2772673,2.19851959818
MLP (L-BFGS),3,3,42,2.3075726,2.15833569215
MLP (L-BFGS),3,3,50,2.5915164,2.16118464594
MLP (L-BFGS),3,3,63,2.8535925,2.17044839117
MLP (L-BFGS),3,3,76,3.3375474,4.39538998175
MLP (L-BFGS),3,3,77,3.3928291,3.29157345203
MLP (L-BFGS),3,3,84,3.5709402,2.32723723058
MLP (L-BFGS),3,3,85,3.5876769,2.20729509011
MLP (L-BFGS),3,3,93,4.3851468,3.80755592285
MLP (L-BFGS),3,3,95,5.1431245,4.08871050522
Ridge,3,3,18,1.4929041,2.51370040056
Ridge,3,3,23,1.6956156,1.01639048404
Ridge,3,3,25,1.7316555,1.83671534204
Ridge,3,3,26,1.7664417,2.00000369663
Ridge,3,3,28,1.8164521,1.63531245623
Ridge,3,3,30,1.8946169,2.2702907903
Ridge,3,3,31,1.9242487,2.07483195203
Ridge,3,3,35,2.0476928,1.05088777854
Ridge,3,3,39,2.2137539,3.98176223928
Ridge,3,3,40,2.2772673,1.60888039382
Ridge,3,3,42,2.3075726,2.23988623941
Ridge,3,3,50,2.5915164,2.16043749714
Ridge,3,3,63,2.8535925,2.96294023898
Ridge,3,3,76,3.3375474,3.61579382592
Ridge,3,3,77,3.3928291,3.4147025738
Ridge,3,3,84,3.5709402,3.25398328958
Ridge,3,3,85,3.5876769,2.57356379891
Ridge,3,3,93,4.3851468,3.9105233947
Ridge,3,3,95,5.1431245,3.41207320269
Lasso,3,3,18,1.4929041,2.762077209
Lasso,3,3,23,1.6956156,1.11354774349
Lasso,3,3,25,1.7316555,1.8834886595
Lasso,3,3,26,1.7664417,2.0881992951
Lasso,3,3,28,1.8164521,1.61728292567
Lasso,3,3,30,1.8946169,2.67225893585
Lasso,3,3,31,1.9242487,2.08520060672
Lasso,3,3,35,2.0476928,1.28433600515
Lasso,3,3,39,2.2137539,3.91946792903
Lasso,3,3,40,2.2772673,1.71319776542
Lasso,3,3,42,2.3075726,2.34358127583
Lasso,3,3,50,2.5915164,2.26550338571
Lasso,3,3,63,2.8535925,3.11090594959
Lasso,3,3,76,3.3375474,3.67402670739
Lasso,3,3,77,3.3928291,3.31218230929
Lasso,3,3,84,3.5709402,3.30482526206
Lasso,3,3,85,3.5876769,2.59306735488
Lasso,3,3,93,4.3851468,3.8115902017
Lasso,3,3,95,5.1431245,3.49803062242
Mean baseline,3,3,18,1.4929041,2.44067861795
Mean baseline,3,3,23,1.6956156,2.44067861795
Mean baseline,3,3,25,1.7316555,2.44067861795
Mean baseline,3,3,26,1.7664417,2.44067861795
Mean baseline,3,3,28,1.8164521,2.44067861795
Mean baseline,3,3,30,1.8946169,2.44067861795
Mean baseline,3,3,31,1.9242487,2.44067861795
Mean baseline,3,3,35,2.0476928,2.44067861795
Mean baseline,3,3,39,2.2137539,2.44067861795
Mean baseline,3,3,40,2.2772673,2.44067861795
Mean baseline,3,3,42,2.3075726,2.44067861795
Mean baseline,3,3,50,2.5915164,2.44067861795
Mean baseline,3,3,63,2.8535925,2.44067861795
Mean baseline,3,3,76,3.3375474,2.44067861795
Mean baseline,3,3,77,3.3928291,2.44067861795
Mean baseline,3,3,84,3.5709402,2.44067861795
Mean baseline,3,3,85,3.5876769,2.44067861795
Mean baseline,3,3,93,4.3851468,2.44067861795
Mean baseline,3,3,95,5.1431245,2.44067861795
Linear Regression,3,4,3,-0.1625189,0.551980369242
Linear Regression,3,4,7,0.7654678,1.97710594496
Linear Regression,3,4,11,1.2669476,1.55994775805
Linear Regression,3,4,16,1.446919,1.95419003828
Linear Regression,3,4,20,1.5993876,1.86920267115
Linear Regression,3,4,33,2.008214,1.97344152854
Linear Regression,3,4,36,2.0856721,2.90271508524
Linear Regression,3,4,41,2.2975726,1.9485354102
Linear Regression,3,4,52,2.677591,3.08424799763
Linear Regression,3,4,59,2.8063861,2.25765528438
Linear Regression,3,4,67,2.9204698,2.94973203817
Linear Regression,3,4,71,3.0130809,3.13700441426
Linear Regression,3,4,73,3.0563569,2.76251421949
Linear Regression,3,4,74,3.0750055,3.30586967135
Linear Regression,3,4,78,3.4355988,3.51448723195
Linear Regression,3,4,86,3.6309855,3.74229978093
Linear Regression,3,4,88,3.7123518,2.92687728406
Linear Regression,3,4,94,4.6844434,4.57002439624
Linear Regression,3,4,96,5.477509,3.9973519542
Decision Tree,3,4,3,-0.1625189,1.9664175375
Decision Tree,3,4,7,0.7654678,1.9664175375
Decision Tree,3,4,11,1.2669476,1.9664175375
Decision Tree,3,4,16,1.446919,1.9664175375
Decision Tree,3,4,20,1.5993876,2.7613185913
Decision Tree,3,4,33,2.008214,1.9664175375
Decision Tree,3,4,36,2.0856721,2.7613185913
Decision Tree,3,4,41,2.2975726,1.9664175375
Decision Tree,3,4,52,2.677591,2.7613185913
Decision Tree,3,4,59,2.8063861,2.7613185913
Decision Tree,3,4,67,2.9204698,2.7613185913
Decision Tree,3,4,71,3.0130809,1.9664175375
Decision Tree,3,4,73,3.0563569,2.7613185913
Decision Tree,3,4,74,3.0750055,1.9664175375
Decision Tree,3,4,78,3.4355988,3.26706845556
Decision Tree,3,4,86,3.6309855,4.0553585125
Decision Tree,3,4,88,3.7123518,1.9664175375
Decision Tree,3,4,94,4.6844434,4.0553585125
Decision Tree,3,4,96,5.477509,4.0553585125
Random Forest,3,4,3,-0.1625189,1.67522643809
Random Forest,3,4,7,0.7654678,1.77209352127
Random Forest,3,4,11,1.2669476,1.81518168373
Random Forest,3,4,16,1.446919,1.94996288354
Random Forest,3,4,20,1.5993876,2.22469040035
Random Forest,3,4,33,2.008214,2.26664546583
Random Forest,3,4,36,2.0856721,2.70872230888
Random Forest,3,4,41,2.2975726,1.73067286797
Random Forest,3,4,52,2.677591,2.83721424526
Random Forest,3,4,59,2.8063861,2.46965982863
Random Forest,3,4,67,2.9204698,2.95999293426
Random Forest,3,4,71,3.0130809,2.63110577804
Random Forest,3,4,73,3.0563569,2.66285527432
Random Forest,3,4,74,3.0750055,2.4880356476
Random Forest,3,4,78,3.4355988,3.25282181518
Random Forest,3,4,86,3.6309855,3.67989813155
Random Forest,3,4,88,3.7123518,2.30298990721
Random Forest,3,4,94,4.6844434,3.8706895404
Random Forest,3,4,96,5.477509,3.57379813686
Gradient Boosting,3,4,3,-0.1625189,1.75773023751
Gradient Boosting,3,4,7,0.7654678,1.60839655383
Gradient Boosting,3,4,11,1.2669476,1.88246232543
Gradient Boosting,3,4,16,1.446919,2.0090210012
Gradient Boosting,3,4,20,1.5993876,2.38301803941
Gradient Boosting,3,4,33,2.008214,2.15599253518
Gradient Boosting,3,4,36,2.0856721,2.68896699357
Gradient Boosting,3,4,41,2.2975726,1.63756254299
Gradient Boosting,3,4,52,2.677591,2.86120425986
Gradient Boosting,3,4,59,2.8063861,2.3079238394
Gradient Boosting,3,4,67,2.9204698,2.82749652741
Gradient Boosting,3,4,71,3.0130809,2.52180736585
Gradient Boosting,3,4,73,3.0563569,2.62291768953
Gradient Boosting,3,4,74,3.0750055,2.47708860108
Gradient Boosting,3,4,78,3.4355988,3.19527938943
Gradient Boosting,3,4,86,3.6309855,3.56869864452
Gradient Boosting,3,4,88,3.7123518,2.40186427617
Gradient Boosting,3,4,94,4.6844434,4.00596603876
Gradient Boosting,3,4,96,5.477509,3.94132435344
MLP (L-BFGS),3,4,3,-0.1625189,1.14924169253
MLP (L-BFGS),3,4,7,0.7654678,1.70998445609
MLP (L-BFGS),3,4,11,1.2669476,1.54806759403
MLP (L-BFGS),3,4,16,1.446919,1.42476996155
MLP (L-BFGS),3,4,20,1.5993876,2.19391071091
MLP (L-BFGS),3,4,33,2.008214,2.25085841806
MLP (L-BFGS),3,4,36,2.0856721,2.54781746252
MLP (L-BFGS),3,4,41,2.2975726,1.67910889195
MLP (L-BFGS),3,4,52,2.677591,3.23847229341
MLP (L-BFGS),3,4,59,2.8063861,2.81294200988
MLP (L-BFGS),3,4,67,2.9204698,3.04713549814
MLP (L-BFGS),3,4,71,3.0130809,3.08834850615
MLP (L-BFGS),3,4,73,3.0563569,2.15487203469
MLP (L-BFGS),3,4,74,3.0750055,2.96770436435
MLP (L-BFGS),3,4,78,3.4355988,3.46111760335
MLP (L-BFGS),3,4,86,3.6309855,4.19026222023
MLP (L-BFGS),3,4,88,3.7123518,2.96564008477
MLP (L-BFGS),3,4,94,4.6844434,6.03367998629
MLP (L-BFGS),3,4,96,5.477509,3.99793323055
Ridge,3,4,3,-0.1625189,0.586675323627
Ridge,3,4,7,0.7654678,1.9754562008
Ridge,3,4,11,1.2669476,1.57157661108
Ridge,3,4,16,1.446919,1.94945629776
Ridge,3,4,20,1.5993876,1.87831000082
Ridge,3,4,33,2.008214,1.97108121352
Ridge,3,4,36,2.0856721,2.88699458501
Ridge,3,4,41,2.2975726,1.94225833793
Ridge,3,4,52,2.677591,3.06186615908
Ridge,3,4,59,2.8063861,2.26163322617
Ridge,3,4,67,2.9204698,2.95058030353
Ridge,3,4,71,3.0130809,3.13042512994
Ridge,3,4,73,3.0563569,2.7686048967
Ridge,3,4,74,3.0750055,3.29291950647
Ridge,3,4,78,3.4355988,3.4930479514
Ridge,3,4,86,3.6309855,3.73091807631
Ridge,3,4,88,3.7123518,2.91836065879
Ridge,3,4,94,4.6844434,4.5296015526
Ridge,3,4,96,5.477509,3.97455565684
Lasso,3,4,3,-0.1625189,0.939937879408
Lasso,3,4,7,0.7654678,2.03742545427
Lasso,3,4,11,1.2669476,1.7400310821
Lasso,3,4,16,1.446919,2.13182239866
Lasso,3,4,20,1.5993876,1.98335418604
Lasso,3,4,33,2.008214,2.14354663998
Lasso,3,4,36,2.0856721,2.70936162023
Lasso,3,4,41,2.2975726,1.71034012214
Lasso,3,4,52,2.677591,2.93162705926
Lasso,3,4,59,2.8063861,2.25328230196
Lasso,3,4,67,2.9204698,2.93193689644
Lasso,3,4,71,3.0130809,2.97794071698
Lasso,3,4,73,3.0563569,2.7610455415
Lasso,3,4,74,3.0750055,2.90850035155
Lasso,3,4,78,3.4355988,3.43860144603
Lasso,3,4,86,3.6309855,3.660657565
Lasso,3,4,88,3.7123518,2.80913782091
Lasso,3,4,94,4.6844434,4.092149951
Lasso,3,4,96,5.477509,3.74024127227
Mean baseline,3,4,3,-0.1625189,2.44366777821
Mean baseline,3,4,7,0.7654678,2.44366777821
Mean baseline,3,4,11,1.2669476,2.44366777821
Mean baseline,3,4,16,1.446919,2.44366777821
Mean baseline,3,4,20,1.5993876,2.44366777821
Mean baseline,3,4,33,2.008214,2.44366777821
Mean baseline,3,4,36,2.0856721,2.44366777821
Mean baseline,3,4,41,2.2975726,2.44366777821
Mean baseline,3,4,52,2.677591,2.44366777821
Mean baseline,3,4,59,2.8063861,2.44366777821
Mean baseline,3,4,67,2.9204698,2.44366777821
Mean baseline,3,4,71,3.0130809,2.44366777821
Mean baseline,3,4,73,3.0563569,2.44366777821
Mean baseline,3,4,74,3.0750055,2.44366777821
Mean baseline,3,4,78,3.4355988,2.44366777821
Mean baseline,3,4,86,3.6309855,2.44366777821
Mean baseline,3,4,88,3.7123518,2.44366777821
Mean baseline,3,4,94,4.6844434,2.44366777821
Mean baseline,3,4,96,5.477509,2.44366777821
Linear Regression,3,5,1,-0.4307829,0.860295800157
Linear Regression,3,5,2,-0.1625189,0.719934588552
Linear Regression,3,5,17,1.4701758,1.19990885992
Linear Regression,3,5,19,1.5581446,1.43755793964
Linear Regression,3,5,24,1.7137979,2.56926114695
Linear Regression,3,5,32,2.008214,1.81215669974
Linear Regression,3,5,38,2.1916535,0.956844030742
Linear Regression,3,5,44,2.3749058,2.58835228166
Linear Regression,3,5,53,2.6844403,2.09974751138
Linear Regression,3,5,54,2.6912431,3.09085560663
Linear Regression,3,5,55,2.7047113,3.39076485955
Linear Regression,3,5,56,2.7180005,2.8875872338
Linear Regression,3,5,68,2.9626924,3.06722597003
Linear Regression,3,5,69,2.9626924,1.40194194151
Linear Regression,3,5,70,2.9729753,2.92700375735
Linear Regression,3,5,75,3.2752562,3.68869127236
Linear Regression,3,5,87,3.6800909,3.06745874842
Linear Regression,3,5,89,3.9843437,4.30536274649
Linear Regression,3,5,90,3.993603,2.98958606924
Decision Tree,3,5,1,-0.4307829,1.08020275
Decision Tree,3,5,2,-0.1625189,1.08020275
Decision Tree,3,5,17,1.4701758,1.08020275
Decision Tree,3,5,19,1.5581446,1.08020275
Decision Tree,3,5,24,1.7137979,2.80355948947
Decision Tree,3,5,32,2.008214,2.18241023333
Decision Tree,3,5,38,2.1916535,1.08020275
Decision Tree,3,5,44,2.3749058,2.10594542778
Decision Tree,3,5,53,2.6844403,1.08020275
Decision Tree,3,5,54,2.6912431,2.80355948947
Decision Tree,3,5,55,2.7047113,4.53393685
Decision Tree,3,5,56,2.7180005,2.10594542778
Decision Tree,3,5,68,2.9626924,2.10594542778
Decision Tree,3,5,69,2.9626924,2.18241023333
Decision Tree,3,5,70,2.9729753,2.10594542778
Decision Tree,3,5,75,3.2752562,4.53393685
Decision Tree,3,5,87,3.6800909,2.10594542778
Decision Tree,3,5,89,3.9843437,4.53393685
Decision Tree,3,5,90,3.993603,2.80355948947
Random Forest,3,5,1,-0.4307829,0.985596340122
Random Forest,3,5,2,-0.1625189,0.824628020619
Random Forest,3,5,17,1.4701758,1.71092087447
Random Forest,3,5,19,1.5581446,0.976790575607
Random Forest,3,5,24,1.7137979,2.95882176571
Random Forest,3,5,32,2.008214,1.94132533878
Random Forest,3,5,38,2.1916535,1.69277274662
Random Forest,3,5,44,2.3749058,2.57558403812
Random Forest,3,5,53,2.6844403,2.2049883589
Random Forest,3,5,54,2.6912431,2.90866187357
Random Forest,3,5,55,2.7047113,4.08312545566
Random Forest,3,5,56,2.7180005,2.49568063252
Random Forest,3,5,68,2.9626924,2.65200020073
Random Forest,3,5,69,2.9626924,1.76605726979
Random Forest,3,5,70,2.9729753,2.40605854668
Random Forest,3,5,75,3.2752562,4.48985679481
Random Forest,3,5,87,3.6800909,2.47705663945
Random Forest,3,5,89,3.9843437,4.01126060489
Random Forest,3,5,90,3.993603,3.06521237833
Gradient Boosting,3,5,1,-0.4307829,1.06081031524
Gradient Boosting,3,5,2,-0.1625189,0.945619796889
Gradient Boosting,3,5,17,1.4701758,1.52179883411
Gradient Boosting,3,5,19,1.5581446,1.11217547038
Gradient Boosting,3,5,24,1.7137979,2.85852733535
Gradient Boosting,3,5,32,2.008214,2.20737221096
Gradient Boosting,3,5,38,2.1916535,1.54899775243
Gradient Boosting,3,5,44,2.3749058,2.46935751357
Gradient Boosting,3,5,53,2.6844403,1.97990335269
Gradient Boosting,3,5,54,2.6912431,2.90254504067
Gradient Boosting,3,5,55,2.7047113,3.33084885486
Gradient Boosting,3,5,56,2.7180005,2.67921896382
Gradient Boosting,3,5,68,2.9626924,2.80459813238
Gradient Boosting,3,5,69,2.9626924,1.91137333711
Gradient Boosting,3,5,70,2.9729753,2.41525324302
Gradient Boosting,3,5,75,3.2752562,4.56687182681
Gradient Boosting,3,5,87,3.6800909,2.54063241158
Gradient Boosting,3,5,89,3.9843437,4.37608097959
Gradient Boosting,3,5,90,3.993603,2.87707900861
MLP (L-BFGS),3,5,1,-0.4307829,1.15965340143
MLP (L-BFGS),3,5,2,-0.1625189,0.768230761196
MLP (L-BFGS),3,5,17,1.4701758,1.75035731905
MLP (L-BFGS),3,5,19,1.5581446,1.709571791
MLP (L-BFGS),3,5,24,1.7137979,2.82937588491
MLP (L-BFGS),3,5,32,2.008214,1.57966746017
MLP (L-BFGS),3,5,38,2.1916535,0.83383153497
MLP (L-BFGS),3,5,44,2.3749058,2.08068069012
MLP (L-BFGS),3,5,53,2.6844403,2.54320643292
MLP (L-BFGS),3,5,54,2.6912431,2.98234648471
MLP (L-BFGS),3,5,55,2.7047113,3.09550145091
MLP (L-BFGS),3,5,56,2.7180005,2.57581564841
MLP (L-BFGS),3,5,68,2.9626924,2.90901235109
MLP (L-BFGS),3,5,69,2.9626924,1.28903932155
MLP (L-BFGS),3,5,70,2.9729753,2.53265760291
MLP (L-BFGS),3,5,75,3.2752562,3.87146088255
MLP (L-BFGS),3,5,87,3.6800909,2.86464579137
MLP (L-BFGS),3,5,89,3.9843437,4.23007921375
MLP (L-BFGS),3,5,90,3.993603,2.90430676052
Ridge,3,5,1,-0.4307829,0.871256251208
Ridge,3,5,2,-0.1625189,0.747100608533
Ridge,3,5,17,1.4701758,1.22866463549
Ridge,3,5,19,1.5581446,1.4408275293
Ridge,3,5,24,1.7137979,2.5768749399
Ridge,3,5,32,2.008214,1.81804311978
Ridge,3,5,38,2.1916535,0.961644446354
Ridge,3,5,44,2.3749058,2.60335692525
Ridge,3,5,53,2.6844403,2.11010113209
Ridge,3,5,54,2.6912431,3.10150064663
Ridge,3,5,55,2.7047113,3.35002572433
Ridge,3,5,56,2.7180005,2.87493667751
Ridge,3,5,68,2.9626924,3.05723258716
Ridge,3,5,69,2.9626924,1.43358997546
Ridge,3,5,70,2.9729753,2.93142405992
Ridge,3,5,75,3.2752562,3.69186550208
Ridge,3,5,87,3.6800909,3.03573069666
Ridge,3,5,89,3.9843437,4.31239105155
Ridge,3,5,90,3.993603,2.99366641515
Lasso,3,5,1,-0.4307829,0.923981345008
Lasso,3,5,2,-0.1625189,0.881647758252
Lasso,3,5,17,1.4701758,1.32112782314
Lasso,3,5,19,1.5581446,1.32457772131
Lasso,3,5,24,1.7137979,2.58518697638
Lasso,3,5,32,2.008214,1.8263271799
Lasso,3,5,38,2.1916535,1.12720841199
Lasso,3,5,44,2.3749058,2.68475589615
Lasso,3,5,53,2.6844403,2.04069423705
Lasso,3,5,54,2.6912431,3.09458099279
Lasso,3,5,55,2.7047113,3.25968918813
Lasso,3,5,56,2.7180005,2.7197664068
Lasso,3,5,68,2.9626924,3.02249978182
Lasso,3,5,69,2.9626924,1.60954924317
Lasso,3,5,70,2.9729753,2.85945254188
Lasso,3,5,75,3.2752562,3.76798898452
Lasso,3,5,87,3.6800909,2.88391878867
Lasso,3,5,89,3.9843437,4.2404107176
Lasso,3,5,90,3.993603,2.9915832579
Mean baseline,3,5,1,-0.4307829,2.50063959359
Mean baseline,3,5,2,-0.1625189,2.50063959359
Mean baseline,3,5,17,1.4701758,2.50063959359
Mean baseline,3,5,19,1.5581446,2.50063959359
Mean baseline,3,5,24,1.7137979,2.50063959359
Mean baseline,3,5,32,2.008214,2.50063959359
Mean baseline,3,5,38,2.1916535,2.50063959359
Mean baseline,3,5,44,2.3749058,2.50063959359
Mean baseline,3,5,53,2.6844403,2.50063959359
Mean baseline,3,5,54,2.6912431,2.50063959359
Mean baseline,3,5,55,2.7047113,2.50063959359
Mean baseline,3,5,56,2.7180005,2.50063959359
Mean baseline,3,5,68,2.9626924,2.50063959359
Mean baseline,3,5,69,2.9626924,2.50063959359
Mean baseline,3,5,70,2.9729753,2.50063959359
Mean baseline,3,5,75,3.2752562,2.50063959359
Mean baseline,3,5,87,3.6800909,2.50063959359
Mean baseline,3,5,89,3.9843437,2.50063959359
Mean baseline,3,5,90,3.993603,2.50063959359
Linear Regression,4,1,5,0.3715636,1.72040460706
Linear Regression,4,1,12,1.2669476,0.862947111756
Linear Regression,4,1,13,1.2669476,2.11461106924
Linear Regression,4,1,14,1.3480731,1.96453270538
Linear Regression,4,1,15,1.3987169,2.06694307714
Linear Regression,4,1,39,2.2137539,4.11732677625
Linear Regression,4,1,40,2.2772673,1.7038499249
Linear Regression,4,1,42,2.3075726,2.41382241455
Linear Regression,4,1,47,2.5687881,4.5617771935
Linear Regression,4,1,52,2.677591,2.98531630882
Linear Regression,4,1,56,2.7180005,3.00719569797
Linear Regression,4,1,58,2.7942279,2.084810922
Linear Regression,4,1,62,2.8535925,3.583440565
Linear Regression,4,1,63,2.8535925,3.36589833896
Linear Regression,4,1,70,2.9729753,3.14395706316
Linear Regression,4,1,73,3.0563569,3.06515399409
Linear Regression,4,1,83,3.5652984,3.88560508938
Linear Regression,4,1,87,3.6800909,2.86768725983
Linear Regression,4,1,92,4.1295508,4.12396549804
Linear Regression,4,1,95,5.1431245,3.51662329745
Decision Tree,4,1,5,0.3715636,1.89196260909
Decision Tree,4,1,12,1.2669476,0.518525925
Decision Tree,4,1,13,1.2669476,3.1361886
Decision Tree,4,1,14,1.3480731,2.29694915455
Decision Tree,4,1,15,1.3987169,1.89196260909
Decision Tree,4,1,39,2.2137539,4.19390132
Decision Tree,4,1,40,2.2772673,1.89196260909
Decision Tree,4,1,42,2.3075726,1.89196260909
Decision Tree,4,1,47,2.5687881,4.19390132
Decision Tree,4,1,52,2.677591,2.29694915455
Decision Tree,4,1,56,2.7180005,2.48026825
Decision Tree,4,1,58,2.7942279,1.89196260909
Decision Tree,4,1,62,2.8535925,3.1361886
Decision Tree,4,1,63,2.8535925,3.3323799
Decision Tree,4,1,70,2.9729753,2.48026825
Decision Tree,4,1,73,3.0563569,1.89196260909
Decision Tree,4,1,83,3.5652984,4.19390132
Decision Tree,4,1,87,3.6800909,2.29694915455
Decision Tree,4,1,92,4.1295508,3.3323799
Decision Tree,4,1,95,5.1431245,3.3323799
Random Forest,4,1,5,0.3715636,1.68653463979
Random Forest,4,1,12,1.2669476,0.514090896229
Random Forest,4,1,13,1.2669476,2.71005776054
Random Forest,4,1,14,1.3480731,2.261307929
Random Forest,4,1,15,1.3987169,2.20126854976
Random Forest,4,1,39,2.2137539,3.96979155262
Random Forest,4,1,40,2.2772673,2.05534526851
Random Forest,4,1,42,2.3075726,2.35896761967
Random Forest,4,1,47,2.5687881,4.03449539393
Random Forest,4,1,52,2.677591,2.53192571667
Random Forest,4,1,56,2.7180005,2.54696770628
Random Forest,4,1,58,2.7942279,1.96203164606
Random Forest,4,1,62,2.8535925,3.17841180334
Random Forest,4,1,63,2.8535925,3.39152943999
Random Forest,4,1,70,2.9729753,2.59018624162
Random Forest,4,1,73,3.0563569,2.81002673536
Random Forest,4,1,83,3.5652984,3.8795793139
Random Forest,4,1,87,3.6800909,2.36609564613
Random Forest,4,1,92,4.1295508,3.53464161999
Random Forest,4,1,95,5.1431245,3.54346957189
Gradient Boosting,4,1,5,0.3715636,1.65895170133
Gradient Boosting,4,1,12,1.2669476,0.581022287165
Gradient Boosting,4,1,13,1.2669476,2.61911361279
Gradient Boosting,4,1,14,1.3480731,2.17903329811
Gradient Boosting,4,1,15,1.3987169,2.1753954575
Gradient Boosting,4,1,39,2.2137539,4.0542030893
Gradient Boosting,4,1,40,2.2772673,1.74370538447
Gradient Boosting,4,1,42,2.3075726,2.43474462592
Gradient Boosting,4,1,47,2.5687881,4.0542030893
Gradient Boosting,4,1,52,2.677591,2.65374599893
Gradient Boosting,4,1,56,2.7180005,2.60681077847
Gradient Boosting,4,1,58,2.7942279,2.10139849905
Gradient Boosting,4,1,62,2.8535925,3.37205954435
Gradient Boosting,4,1,63,2.8535925,3.02343256011
Gradient Boosting,4,1,70,2.9729753,2.4895186197
Gradient Boosting,4,1,73,3.0563569,2.86877578235
Gradient Boosting,4,1,83,3.5652984,3.83865255552
Gradient Boosting,4,1,87,3.6800909,2.5197211511
Gradient Boosting,4,1,92,4.1295508,3.60025179222
Gradient Boosting,4,1,95,5.1431245,3.33527324316
MLP (L-BFGS),4,1,5,0.3715636,1.53858124505
MLP (L-BFGS),4,1,12,1.2669476,0.661907340526
MLP (L-BFGS),4,1,13,1.2669476,2.58665360438
MLP (L-BFGS),4,1,14,1.3480731,2.35687833749
MLP (L-BFGS),4,1,15,1.3987169,2.64587359668
MLP (L-BFGS),4,1,39,2.2137539,4.27367000727
MLP (L-BFGS),4,1,40,2.2772673,2.25282188579
MLP (L-BFGS),4,1,42,2.3075726,2.49946977116
MLP (L-BFGS),4,1,47,2.5687881,4.11443872378
MLP (L-BFGS),4,1,52,2.677591,2.7122066558
MLP (L-BFGS),4,1,56,2.7180005,2.60621297389
MLP (L-BFGS),4,1,58,2.7942279,1.90895004885
MLP (L-BFGS),4,1,62,2.8535925,3.52915808753
MLP (L-BFGS),4,1,63,2.8535925,2.7989334223
MLP (L-BFGS),4,1,70,2.9729753,3.05262733436
MLP (L-BFGS),4,1,73,3.0563569,3.19784066043
MLP (L-BFGS),4,1,83,3.5652984,4.49697361318
MLP (L-BFGS),4,1,87,3.6800909,2.31774584535
MLP (L-BFGS),4,1,92,4.1295508,4.47283878338
MLP (L-BFGS),4,1,95,5.1431245,3.81171712206
Ridge,4,1,5,0.3715636,1.71891244108
Ridge,4,1,12,1.2669476,0.887892827511
Ridge,4,1,13,1.2669476,2.11080650292
Ridge,4,1,14,1.3480731,1.957121643
Ridge,4,1,15,1.3987169,2.07047799757
Ridge,4,1,39,2.2137539,4.10884275962
Ridge,4,1,40,2.2772673,1.71273758757
Ridge,4,1,42,2.3075726,2.40494681193
Ridge,4,1,47,2.5687881,4.56507000946
Ridge,4,1,52,2.677591,2.95990431051
Ridge,4,1,56,2.7180005,2.98784979713
Ridge,4,1,58,2.7942279,2.06919220218
Ridge,4,1,62,2.8535925,3.58224497245
Ridge,4,1,63,2.8535925,3.37694935357
Ridge,4,1,70,2.9729753,3.14010866203
Ridge,4,1,73,3.0563569,3.06361876161
Ridge,4,1,83,3.5652984,3.8700942202
Ridge,4,1,87,3.6800909,2.83431744999
Ridge,4,1,92,4.1295508,4.06256488302
Ridge,4,1,95,5.1431245,3.51528241753
Lasso,4,1,5,0.3715636,1.79669275607
Lasso,4,1,12,1.2669476,0.9545523386
Lasso,4,1,13,1.2669476,2.16923755329
Lasso,4,1,14,1.3480731,1.99992376696
Lasso,4,1,15,1.3987169,2.12945221392
Lasso,4,1,39,2.2137539,3.96459507645
Lasso,4,1,40,2.2772673,1.74291447589
Lasso,4,1,42,2.3075726,2.40185472909
Lasso,4,1,47,2.5687881,4.37090130035
Lasso,4,1,52,2.677591,2.79492143388
Lasso,4,1,56,2.7180005,2.77778556957
Lasso,4,1,58,2.7942279,1.92693788562
Lasso,4,1,62,2.8535925,3.45568016462
Lasso,4,1,63,2.8535925,3.43569713055
Lasso,4,1,70,2.9729753,3.00531209049
Lasso,4,1,73,3.0563569,2.99060171789
Lasso,4,1,83,3.5652984,3.75857289867
Lasso,4,1,87,3.6800909,2.66392891448
Lasso,4,1,92,4.1295508,3.59218380013
Lasso,4,1,95,5.1431245,3.5176695032
Mean baseline,4,1,5,0.3715636,2.45375967922
Mean baseline,4,1,12,1.2669476,2.45375967922
Mean baseline,4,1,13,1.2669476,2.45375967922
Mean baseline,4,1,14,1.3480731,2.45375967922
Mean baseline,4,1,15,1.3987169,2.45375967922
Mean baseline,4,1,39,2.2137539,2.45375967922
Mean baseline,4,1,40,2.2772673,2.45375967922
Mean baseline,4,1,42,2.3075726,2.45375967922
Mean baseline,4,1,47,2.5687881,2.45375967922
Mean baseline,4,1,52,2.677591,2.45375967922
Mean baseline,4,1,56,2.7180005,2.45375967922
Mean baseline,4,1,58,2.7942279,2.45375967922
Mean baseline,4,1,62,2.8535925,2.45375967922
Mean baseline,4,1,63,2.8535925,2.45375967922
Mean baseline,4,1,70,2.9729753,2.45375967922
Mean baseline,4,1,73,3.0563569,2.45375967922
Mean baseline,4,1,83,3.5652984,2.45375967922
Mean baseline,4,1,87,3.6800909,2.45375967922
Mean baseline,4,1,92,4.1295508,2.45375967922
Mean baseline,4,1,95,5.1431245,2.45375967922
Linear Regression,4,2,1,-0.4307829,0.956449879405
Linear Regression,4,2,2,-0.1625189,0.933156765781
Linear Regression,4,2,9,1.047319,1.45173278216
Linear Regression,4,2,10,1.047319,1.3933113493
Linear Regression,4,2,11,1.2669476,1.60911742401
Linear Regression,4,2,16,1.446919,1.87768320087
Linear Regression,4,2,26,1.7664417,1.93523802769
Linear Regression,4,2,34,2.0215476,1.50850066045
Linear Regression,4,2,36,2.0856721,2.89860632751
Linear Regression,4,2,43,2.3272777,2.06670894084
Linear Regression,4,2,45,2.5217206,2.30134638105
Linear Regression,4,2,50,2.5915164,2.04611878011
Linear Regression,4,2,55,2.7047113,3.32290558627
Linear Regression,4,2,65,2.8820035,2.58311370113
Linear Regression,4,2,78,3.4355988,3.38846620027
Linear Regression,4,2,80,3.5130369,3.04699354676
Linear Regression,4,2,81,3.5160131,1.91533970467
Linear Regression,4,2,82,3.5307626,2.62007435262
Linear Regression,4,2,85,3.5876769,2.49437491995
Linear Regression,4,2,93,4.3851468,3.8232245054
Decision Tree,4,2,1,-0.4307829,0.8268563
Decision Tree,4,2,2,-0.1625189,0.8268563
Decision Tree,4,2,9,1.047319,0.8268563
Decision Tree,4,2,10,1.047319,1.89464086786
Decision Tree,4,2,11,1.2669476,1.89464086786
Decision Tree,4,2,16,1.446919,1.89464086786
Decision Tree,4,2,26,1.7664417,1.89464086786
Decision Tree,4,2,34,2.0215476,1.89464086786
Decision Tree,4,2,36,2.0856721,2.96442786667
Decision Tree,4,2,43,2.3272777,2.96442786667
Decision Tree,4,2,45,2.5217206,1.89464086786
Decision Tree,4,2,50,2.5915164,1.89464086786
Decision Tree,4,2,55,2.7047113,1.89464086786
Decision Tree,4,2,65,2.8820035,1.89464086786
Decision Tree,4,2,78,3.4355988,2.96442786667
Decision Tree,4,2,80,3.5130369,2.96442786667
Decision Tree,4,2,81,3.5160131,1.89464086786
Decision Tree,4,2,82,3.5307626,1.89464086786
Decision Tree,4,2,85,3.5876769,1.89464086786
Decision Tree,4,2,93,4.3851468,4.3895177375
Random Forest,4,2,1,-0.4307829,1.03655985274
Random Forest,4,2,2,-0.1625189,0.865676597053
Random Forest,4,2,9,1.047319,1.03296910108
Random Forest,4,2,10,1.047319,1.53783546999
Random Forest,4,2,11,1.2669476,1.61533106843
Random Forest,4,2,16,1.446919,1.83823585724
Random Forest,4,2,26,1.7664417,1.84949508722
Random Forest,4,2,34,2.0215476,1.55500582011
Random Forest,4,2,36,2.0856721,2.64657708869
Random Forest,4,2,43,2.3272777,2.43577092748
Random Forest,4,2,45,2.5217206,2.003556088
Random Forest,4,2,50,2.5915164,1.9908425044
Random Forest,4,2,55,2.7047113,3.37163255724
Random Forest,4,2,65,2.8820035,2.25502519069
Random Forest,4,2,78,3.4355988,3.18630380456
Random Forest,4,2,80,3.5130369,3.31221113924
Random Forest,4,2,81,3.5160131,2.0729121268
Random Forest,4,2,82,3.5307626,2.66205768737
Random Forest,4,2,85,3.5876769,2.57639088706
Random Forest,4,2,93,4.3851468,4.00052825918
Gradient Boosting,4,2,1,-0.4307829,1.18336705671
Gradient Boosting,4,2,2,-0.1625189,1.07104951384
Gradient Boosting,4,2,9,1.047319,1.20280914467
Gradient Boosting,4,2,10,1.047319,1.43064030769
Gradient Boosting,4,2,11,1.2669476,1.58686800855
Gradient Boosting,4,2,16,1.446919,2.05171759594
Gradient Boosting,4,2,26,1.7664417,2.02463676152
Gradient Boosting,4,2,34,2.0215476,1.59007583805
Gradient Boosting,4,2,36,2.0856721,2.69052255382
Gradient Boosting,4,2,43,2.3272777,2.43341206352
Gradient Boosting,4,2,45,2.5217206,2.08704309955
Gradient Boosting,4,2,50,2.5915164,2.13022877418
Gradient Boosting,4,2,55,2.7047113,3.02370604463
Gradient Boosting,4,2,65,2.8820035,2.18737981341
Gradient Boosting,4,2,78,3.4355988,3.03942714861
Gradient Boosting,4,2,80,3.5130369,3.14761069324
Gradient Boosting,4,2,81,3.5160131,2.1061090694
Gradient Boosting,4,2,82,3.5307626,2.29886182626
Gradient Boosting,4,2,85,3.5876769,2.30752789002
Gradient Boosting,4,2,93,4.3851468,4.00198750566
MLP (L-BFGS),4,2,1,-0.4307829,1.36196476956
MLP (L-BFGS),4,2,2,-0.1625189,0.732006137976
MLP (L-BFGS),4,2,9,1.047319,1.18641360926
MLP (L-BFGS),4,2,10,1.047319,0.944560844496
MLP (L-BFGS),4,2,11,1.2669476,1.24169676135
MLP (L-BFGS),4,2,16,1.446919,1.46634350433
MLP (L-BFGS),4,2,26,1.7664417,1.9466409944
MLP (L-BFGS),4,2,34,2.0215476,1.1972989487
MLP (L-BFGS),4,2,36,2.0856721,2.51671079088
MLP (L-BFGS),4,2,43,2.3272777,1.8104864297
MLP (L-BFGS),4,2,45,2.5217206,1.99112506056
MLP (L-BFGS),4,2,50,2.5915164,1.88426141855
MLP (L-BFGS),4,2,55,2.7047113,3.32659497783
MLP (L-BFGS),4,2,65,2.8820035,2.24611735266
MLP (L-BFGS),4,2,78,3.4355988,3.67341200518
MLP (L-BFGS),4,2,80,3.5130369,3.05270997346
MLP (L-BFGS),4,2,81,3.5160131,1.36465516837
MLP (L-BFGS),4,2,82,3.5307626,2.21050563871
MLP (L-BFGS),4,2,85,3.5876769,2.17426543894
MLP (L-BFGS),4,2,93,4.3851468,3.87875073364
Ridge,4,2,1,-0.4307829,0.97196805625
Ridge,4,2,2,-0.1625189,0.956824988304
Ridge,4,2,9,1.047319,1.46293239882
Ridge,4,2,10,1.047319,1.40266157685
Ridge,4,2,11,1.2669476,1.61697830689
Ridge,4,2,16,1.446919,1.87052707896
Ridge,4,2,26,1.7664417,1.92887471815
Ridge,4,2,34,2.0215476,1.51459493235
Ridge,4,2,36,2.0856721,2.87849916099
Ridge,4,2,43,2.3272777,2.07994217601
Ridge,4,2,45,2.5217206,2.30086217364
Ridge,4,2,50,2.5915164,2.05108650071
Ridge,4,2,55,2.7047113,3.27894905366
Ridge,4,2,65,2.8820035,2.56276784354
Ridge,4,2,78,3.4355988,3.3574770857
Ridge,4,2,80,3.5130369,3.0367193927
Ridge,4,2,81,3.5160131,1.92839703912
Ridge,4,2,82,3.5307626,2.64430962624
Ridge,4,2,85,3.5876769,2.50787801822
Ridge,4,2,93,4.3851468,3.80642851324
Lasso,4,2,1,-0.4307829,1.07779884097
Lasso,4,2,2,-0.1625189,1.14862863901
Lasso,4,2,9,1.047319,1.44581263704
Lasso,4,2,10,1.047319,1.58362560298
Lasso,4,2,11,1.2669476,1.78200125156
Lasso,4,2,16,1.446919,2.01586468199
Lasso,4,2,26,1.7664417,2.03725085949
Lasso,4,2,34,2.0215476,1.57416215581
Lasso,4,2,36,2.0856721,2.63315730419
Lasso,4,2,43,2.3272777,2.16394735092
Lasso,4,2,45,2.5217206,2.28766356367
Lasso,4,2,50,2.5915164,2.19955797186
Lasso,4,2,55,2.7047113,3.02816161937
Lasso,4,2,65,2.8820035,2.56847031766
Lasso,4,2,78,3.4355988,3.18173019936
Lasso,4,2,80,3.5130369,3.01089892685
Lasso,4,2,81,3.5160131,2.06235318432
Lasso,4,2,82,3.5307626,2.79342858325
Lasso,4,2,85,3.5876769,2.53092150212
Lasso,4,2,93,4.3851468,3.7354744799
Mean baseline,4,2,1,-0.4307829,2.53661296623
Mean baseline,4,2,2,-0.1625189,2.53661296623
Mean baseline,4,2,9,1.047319,2.53661296623
Mean baseline,4,2,10,1.047319,2.53661296623
Mean baseline,4,2,11,1.2669476,2.53661296623
Mean baseline,4,2,16,1.446919,2.53661296623
Mean baseline,4,2,26,1.7664417,2.53661296623
Mean baseline,4,2,34,2.0215476,2.53661296623
Mean baseline,4,2,36,2.0856721,2.53661296623
Mean baseline,4,2,43,2.3272777,2.53661296623
Mean baseline,4,2,45,2.5217206,2.53661296623
Mean baseline,4,2,50,2.5915164,2.53661296623
Mean baseline,4,2,55,2.7047113,2.53661296623
Mean baseline,4,2,65,2.8820035,2.53661296623
Mean baseline,4,2,78,3.4355988,2.53661296623
Mean baseline,4,2,80,3.5130369,2.53661296623
Mean baseline,4,2,81,3.5160131,2.53661296623
Mean baseline,4,2,82,3.5307626,2.53661296623
Mean baseline,4,2,85,3.5876769,2.53661296623
Mean baseline,4,2,93,4.3851468,2.53661296623
Linear Regression,4,3,3,-0.1625189,0.330145392418
Linear Regression,4,3,6,0.7654678,0.763443311538
Linear Regression,4,3,18,1.4929041,2.62814757289
Linear Regression,4,3,23,1.6956156,1.04196356515
Linear Regression,4,3,24,1.7137979,2.51762497126
Linear Regression,4,3,25,1.7316555,1.77956969974
Linear Regression,4,3,31,1.9242487,2.06366456515
Linear Regression,4,3,32,2.008214,1.83080467596
Linear Regression,4,3,37,2.1575593,1.94959710007
Linear Regression,4,3,41,2.2975726,1.72128353407
Linear Regression,4,3,53,2.6844403,2.05490774171
Linear Regression,4,3,57,2.7880929,1.63140226066
Linear Regression,4,3,60,2.8124102,2.54811527632
Linear Regression,4,3,66,2.8875901,2.63543891121
Linear Regression,4,3,68,2.9626924,3.05236419232
Linear Regression,4,3,71,3.0130809,3.24621201212
Linear Regression,4,3,72,3.0373539,1.94780640305
Linear Regression,4,3,77,3.3928291,3.31721084414
Linear Regression,4,3,90,3.993603,3.10115975657
Decision Tree,4,3,3,-0.1625189,1.882473975
Decision Tree,4,3,6,0.7654678,0.31168918
Decision Tree,4,3,18,1.4929041,2.6610074875
Decision Tree,4,3,23,1.6956156,1.882473975
Decision Tree,4,3,24,1.7137979,1.882473975
Decision Tree,4,3,25,1.7316555,2.6610074875
Decision Tree,4,3,31,1.9242487,2.6610074875
Decision Tree,4,3,32,2.008214,2.6610074875
Decision Tree,4,3,37,2.1575593,2.6610074875
Decision Tree,4,3,41,2.2975726,1.882473975
Decision Tree,4,3,53,2.6844403,2.6610074875
Decision Tree,4,3,57,2.7880929,1.882473975
Decision Tree,4,3,60,2.8124102,2.6610074875
Decision Tree,4,3,66,2.8875901,2.6610074875
Decision Tree,4,3,68,2.9626924,2.6610074875
Decision Tree,4,3,71,3.0130809,1.882473975
Decision Tree,4,3,72,3.0373539,1.882473975
Decision Tree,4,3,77,3.3928291,2.6610074875
Decision Tree,4,3,90,3.993603,2.6610074875
Random Forest,4,3,3,-0.1625189,1.49869951051
Random Forest,4,3,6,0.7654678,0.534145373266
Random Forest,4,3,18,1.4929041,2.8517716707
Random Forest,4,3,23,1.6956156,0.99100339744
Random Forest,4,3,24,1.7137979,2.84272329097
Random Forest,4,3,25,1.7316555,2.11752635852
Random Forest,4,3,31,1.9242487,2.30985879067
Random Forest,4,3,32,2.008214,2.13384356356
Random Forest,4,3,37,2.1575593,2.60249303624
Random Forest,4,3,41,2.2975726,1.65393522517
Random Forest,4,3,53,2.6844403,2.03250207521
Random Forest,4,3,57,2.7880929,1.87373683155
Random Forest,4,3,60,2.8124102,2.40539033662
Random Forest,4,3,66,2.8875901,2.59465332466
Random Forest,4,3,68,2.9626924,2.83143726378
Random Forest,4,3,71,3.0130809,2.97466495822
Random Forest,4,3,72,3.0373539,1.99056123845
Random Forest,4,3,77,3.3928291,2.95682370753
Random Forest,4,3,90,3.993603,2.95691744967
Gradient Boosting,4,3,3,-0.1625189,1.7099992986
Gradient Boosting,4,3,6,0.7654678,0.601561111817
Gradient Boosting,4,3,18,1.4929041,2.75026735593
Gradient Boosting,4,3,23,1.6956156,1.33338365607
Gradient Boosting,4,3,24,1.7137979,2.67446058813
Gradient Boosting,4,3,25,1.7316555,2.05824893825
Gradient Boosting,4,3,31,1.9242487,2.40493225119
Gradient Boosting,4,3,32,2.008214,2.37236515668
Gradient Boosting,4,3,37,2.1575593,2.57427552684
Gradient Boosting,4,3,41,2.2975726,1.75153587015
Gradient Boosting,4,3,53,2.6844403,1.87437001106
Gradient Boosting,4,3,57,2.7880929,1.88739754062
Gradient Boosting,4,3,60,2.8124102,2.68385995329
Gradient Boosting,4,3,66,2.8875901,2.73060274684
Gradient Boosting,4,3,68,2.9626924,2.85330546
Gradient Boosting,4,3,71,3.0130809,2.99679599516
Gradient Boosting,4,3,72,3.0373539,2.16509880894
Gradient Boosting,4,3,77,3.3928291,2.87238487509
Gradient Boosting,4,3,90,3.993603,2.83369508658
MLP (L-BFGS),4,3,3,-0.1625189,1.21648334537
MLP (L-BFGS),4,3,6,0.7654678,0.460962047999
MLP (L-BFGS),4,3,18,1.4929041,2.24566466171
MLP (L-BFGS),4,3,23,1.6956156,0.687821480336
MLP (L-BFGS),4,3,24,1.7137979,2.81043222854
MLP (L-BFGS),4,3,25,1.7316555,1.76639021818
MLP (L-BFGS),4,3,31,1.9242487,1.96263191175
MLP (L-BFGS),4,3,32,2.008214,1.61857102575
MLP (L-BFGS),4,3,37,2.1575593,2.84183888415
MLP (L-BFGS),4,3,41,2.2975726,1.85046244402
MLP (L-BFGS),4,3,53,2.6844403,1.92211524045
MLP (L-BFGS),4,3,57,2.7880929,2.18721951827
MLP (L-BFGS),4,3,60,2.8124102,2.64409929347
MLP (L-BFGS),4,3,66,2.8875901,2.600665115
MLP (L-BFGS),4,3,68,2.9626924,2.60460991004
MLP (L-BFGS),4,3,71,3.0130809,3.46129997323
MLP (L-BFGS),4,3,72,3.0373539,2.4055551897
MLP (L-BFGS),4,3,77,3.3928291,3.48577438912
MLP (L-BFGS),4,3,90,3.993603,3.11180478348
Ridge,4,3,3,-0.1625189,0.367730178067
Ridge,4,3,6,0.7654678,0.783394549426
Ridge,4,3,18,1.4929041,2.63297865441
Ridge,4,3,23,1.6956156,1.06003438929
Ridge,4,3,24,1.7137979,2.52269338414
Ridge,4,3,25,1.7316555,1.78513763896
Ridge,4,3,31,1.9242487,2.07266252112
Ridge,4,3,32,2.008214,1.83503062656
Ridge,4,3,37,2.1575593,2.0038519706
Ridge,4,3,41,2.2975726,1.72200248502
Ridge,4,3,53,2.6844403,2.05765903434
Ridge,4,3,57,2.7880929,1.65327670563
Ridge,4,3,60,2.8124102,2.52971894563
Ridge,4,3,66,2.8875901,2.63201476235
Ridge,4,3,68,2.9626924,3.04771617919
Ridge,4,3,71,3.0130809,3.23932199716
Ridge,4,3,72,3.0373539,1.94952031094
Ridge,4,3,77,3.3928291,3.30842388797
Ridge,4,3,90,3.993603,3.09475767649
Lasso,4,3,3,-0.1625189,0.749747605332
Lasso,4,3,6,0.7654678,0.792697607516
Lasso,4,3,18,1.4929041,2.82043600376
Lasso,4,3,23,1.6956156,1.14985848311
Lasso,4,3,24,1.7137979,2.48001288054
Lasso,4,3,25,1.7316555,1.85756008078
Lasso,4,3,31,1.9242487,2.05439514879
Lasso,4,3,32,2.008214,1.83229937059
Lasso,4,3,37,2.1575593,2.36254862212
Lasso,4,3,41,2.2975726,1.63964546128
Lasso,4,3,53,2.6844403,1.91465608484
Lasso,4,3,57,2.7880929,1.6931129866
Lasso,4,3,60,2.8124102,2.33410471657
Lasso,4,3,66,2.8875901,2.54172027448
Lasso,4,3,68,2.9626924,3.07002965253
Lasso,4,3,71,3.0130809,3.11045785248
Lasso,4,3,72,3.0373539,2.08786082292
Lasso,4,3,77,3.3928291,3.1804844136
Lasso,4,3,90,3.993603,3.03228315777
Mean baseline,4,3,3,-0.1625189,2.52829381795
Mean baseline,4,3,6,0.7654678,2.52829381795
Mean baseline,4,3,18,1.4929041,2.52829381795
Mean baseline,4,3,23,1.6956156,2.52829381795
Mean baseline,4,3,24,1.7137979,2.52829381795
Mean baseline,4,3,25,1.7316555,2.52829381795
Mean baseline,4,3,31,1.9242487,2.52829381795
Mean baseline,4,3,32,2.008214,2.52829381795
Mean baseline,4,3,37,2.1575593,2.52829381795
Mean baseline,4,3,41,2.2975726,2.52829381795
Mean baseline,4,3,53,2.6844403,2.52829381795
Mean baseline,4,3,57,2.7880929,2.52829381795
Mean baseline,4,3,60,2.8124102,2.52829381795
Mean baseline,4,3,66,2.8875901,2.52829381795
Mean baseline,4,3,68,2.9626924,2.52829381795
Mean baseline,4,3,71,3.0130809,2.52829381795
Mean baseline,4,3,72,3.0373539,2.52829381795
Mean baseline,4,3,77,3.3928291,2.52829381795
Mean baseline,4,3,90,3.993603,2.52829381795
Linear Regression,4,4,4,-0.1625189,0.494853614359
Linear Regression,4,4,19,1.5581446,1.39641924516
Linear Regression,4,4,28,1.8164521,1.68601777501
Linear Regression,4,4,29,1.8484548,2.273481578
Linear Regression,4,4,35,2.0476928,0.917566853828
Linear Regression,4,4,44,2.3749058,2.13154595089
Linear Regression,4,4,46,2.5533438,2.65544232347
Linear Regression,4,4,49,2.5915164,2.75894406533
Linear Regression,4,4,61,2.8419982,2.07876920081
Linear Regression,4,4,64,2.8820035,3.79182526481
Linear Regression,4,4,69,2.9626924,0.992782101771
Linear Regression,4,4,74,3.0750055,3.89438976478
Linear Regression,4,4,75,3.2752562,3.33531306252
Linear Regression,4,4,79,3.4578927,3.35768893446
Linear Regression,4,4,84,3.5709402,3.48902549324
Linear Regression,4,4,88,3.7123518,2.98209435202
Linear Regression,4,4,89,3.9843437,3.91503674185
Linear Regression,4,4,91,4.029806,3.06349976934
Linear Regression,4,4,97,5.5829322,3.84834046772
Decision Tree,4,4,4,-0.1625189,0.574218471429
Decision Tree,4,4,19,1.5581446,0.574218471429
Decision Tree,4,4,28,1.8164521,2.18621067778
Decision Tree,4,4,29,1.8484548,2.21830995455
Decision Tree,4,4,35,2.0476928,1.36518475556
Decision Tree,4,4,44,2.3749058,2.98864788696
Decision Tree,4,4,46,2.5533438,2.21830995455
Decision Tree,4,4,49,2.5915164,2.21830995455
Decision Tree,4,4,61,2.8419982,2.18621067778
Decision Tree,4,4,64,2.8820035,2.98864788696
Decision Tree,4,4,69,2.9626924,2.18621067778
Decision Tree,4,4,74,3.0750055,2.21830995455
Decision Tree,4,4,75,3.2752562,4.1095631
Decision Tree,4,4,79,3.4578927,2.21830995455
Decision Tree,4,4,84,3.5709402,2.98864788696
Decision Tree,4,4,88,3.7123518,2.21830995455
Decision Tree,4,4,89,3.9843437,4.1095631
Decision Tree,4,4,91,4.029806,4.1095631
Decision Tree,4,4,97,5.5829322,4.1095631
Random Forest,4,4,4,-0.1625189,0.565870985866
Random Forest,4,4,19,1.5581446,0.726507209266
Random Forest,4,4,28,1.8164521,1.86256616531
Random Forest,4,4,29,1.8484548,2.38788595682
Random Forest,4,4,35,2.0476928,1.21702725283
Random Forest,4,4,44,2.3749058,2.77602774202
Random Forest,4,4,46,2.5533438,2.30627166807
Random Forest,4,4,49,2.5915164,2.04045340365
Random Forest,4,4,61,2.8419982,2.26012843017
Random Forest,4,4,64,2.8820035,3.01649664261
Random Forest,4,4,69,2.9626924,1.58679594047
Random Forest,4,4,74,3.0750055,2.73995993742
Random Forest,4,4,75,3.2752562,4.11759698824
Random Forest,4,4,79,3.4578927,3.17897543767
Random Forest,4,4,84,3.5709402,3.08566823192
Random Forest,4,4,88,3.7123518,2.60494067195
Random Forest,4,4,89,3.9843437,3.97764353433
Random Forest,4,4,91,4.029806,3.31894216511
Random Forest,4,4,97,5.5829322,3.98155120236
Gradient Boosting,4,4,4,-0.1625189,0.692677988068
Gradient Boosting,4,4,19,1.5581446,0.861222544278
Gradient Boosting,4,4,28,1.8164521,2.24066422167
Gradient Boosting,4,4,29,1.8484548,2.61639755692
Gradient Boosting,4,4,35,2.0476928,1.12944296607
Gradient Boosting,4,4,44,2.3749058,2.77222002947
Gradient Boosting,4,4,46,2.5533438,2.31816357454
Gradient Boosting,4,4,49,2.5915164,2.13018758431
Gradient Boosting,4,4,61,2.8419982,2.21914986086
Gradient Boosting,4,4,64,2.8820035,3.01521051464
Gradient Boosting,4,4,69,2.9626924,2.02175959123
Gradient Boosting,4,4,74,3.0750055,2.83686140144
Gradient Boosting,4,4,75,3.2752562,3.94814200311
Gradient Boosting,4,4,79,3.4578927,2.95269771012
Gradient Boosting,4,4,84,3.5709402,2.93432540134
Gradient Boosting,4,4,88,3.7123518,2.64027894265
Gradient Boosting,4,4,89,3.9843437,3.94814200311
Gradient Boosting,4,4,91,4.029806,3.28887052931
Gradient Boosting,4,4,97,5.5829322,3.94814200311
MLP (L-BFGS),4,4,4,-0.1625189,0.366105502591
MLP (L-BFGS),4,4,19,1.5581446,1.53082833484
MLP (L-BFGS),4,4,28,1.8164521,2.07183646338
MLP (L-BFGS),4,4,29,1.8484548,2.88525548924
MLP (L-BFGS),4,4,35,2.0476928,0.830998046128
MLP (L-BFGS),4,4,44,2.3749058,2.08772477332
MLP (L-BFGS),4,4,46,2.5533438,2.41146740157
MLP (L-BFGS),4,4,49,2.5915164,3.19839707275
MLP (L-BFGS),4,4,61,2.8419982,2.67549823518
MLP (L-BFGS),4,4,64,2.8820035,3.18500884361
MLP (L-BFGS),4,4,69,2.9626924,1.73553984239
MLP (L-BFGS),4,4,74,3.0750055,2.99767243875
MLP (L-BFGS),4,4,75,3.2752562,3.07734475684
MLP (L-BFGS),4,4,79,3.4578927,3.17632210087
MLP (L-BFGS),4,4,84,3.5709402,2.76819015169
MLP (L-BFGS),4,4,88,3.7123518,3.29443247994
MLP (L-BFGS),4,4,89,3.9843437,4.04572644691
MLP (L-BFGS),4,4,91,4.029806,3.96347098006
MLP (L-BFGS),4,4,97,5.5829322,2.89338015952
Ridge,4,4,4,-0.1625189,0.525924496962
Ridge,4,4,19,1.5581446,1.39381158848
Ridge,4,4,28,1.8164521,1.70004956373
Ridge,4,4,29,1.8484548,2.26230591327
Ridge,4,4,35,2.0476928,0.944066070162
Ridge,4,4,44,2.3749058,2.16232832957
Ridge,4,4,46,2.5533438,2.62940163406
Ridge,4,4,49,2.5915164,2.72086469747
Ridge,4,4,61,2.8419982,2.09294835812
Ridge,4,4,64,2.8820035,3.79050128616
Ridge,4,4,69,2.9626924,1.03624806006
Ridge,4,4,74,3.0750055,3.87124634596
Ridge,4,4,75,3.2752562,3.35272109169
Ridge,4,4,79,3.4578927,3.36835504888
Ridge,4,4,84,3.5709402,3.49430908912
Ridge,4,4,88,3.7123518,2.97473581081
Ridge,4,4,89,3.9843437,3.93130744024
Ridge,4,4,91,4.029806,3.03796179468
Ridge,4,4,97,5.5829322,3.86529455057
Lasso,4,4,4,-0.1625189,0.712311050577
Lasso,4,4,19,1.5581446,1.22296994814
Lasso,4,4,28,1.8164521,1.65032025268
Lasso,4,4,29,1.8484548,2.23736264292
Lasso,4,4,35,2.0476928,1.21930744705
Lasso,4,4,44,2.3749058,2.3739614272
Lasso,4,4,46,2.5533438,2.42197412362
Lasso,4,4,49,2.5915164,2.41121145547
Lasso,4,4,61,2.8419982,2.17658916245
Lasso,4,4,64,2.8820035,3.6846333238
Lasso,4,4,69,2.9626924,1.3276274463
Lasso,4,4,74,3.0750055,3.40887718841
Lasso,4,4,75,3.2752562,3.52489066507
Lasso,4,4,79,3.4578927,3.51293082272
Lasso,4,4,84,3.5709402,3.35029400287
Lasso,4,4,88,3.7123518,2.87464358556
Lasso,4,4,89,3.9843437,3.96365224921
Lasso,4,4,91,4.029806,3.05530134592
Lasso,4,4,97,5.5829322,4.01380951532
Mean baseline,4,4,4,-0.1625189,2.38974760769
Mean baseline,4,4,19,1.5581446,2.38974760769
Mean baseline,4,4,28,1.8164521,2.38974760769
Mean baseline,4,4,29,1.8484548,2.38974760769
Mean baseline,4,4,35,2.0476928,2.38974760769
Mean baseline,4,4,44,2.3749058,2.38974760769
Mean baseline,4,4,46,2.5533438,2.38974760769
Mean baseline,4,4,49,2.5915164,2.38974760769
Mean baseline,4,4,61,2.8419982,2.38974760769
Mean baseline,4,4,64,2.8820035,2.38974760769
Mean baseline,4,4,69,2.9626924,2.38974760769
Mean baseline,4,4,74,3.0750055,2.38974760769
Mean baseline,4,4,75,3.2752562,2.38974760769
Mean baseline,4,4,79,3.4578927,2.38974760769
Mean baseline,4,4,84,3.5709402,2.38974760769
Mean baseline,4,4,88,3.7123518,2.38974760769
Mean baseline,4,4,89,3.9843437,2.38974760769
Mean baseline,4,4,91,4.029806,2.38974760769
Mean baseline,4,4,97,5.5829322,2.38974760769
Linear Regression,4,5,7,0.7654678,1.9584039604
Linear Regression,4,5,8,0.8544153,2.24356490084
Linear Regression,4,5,17,1.4701758,1.27969767646
Linear Regression,4,5,20,1.5993876,1.82970794211
Linear Regression,4,5,21,1.6389967,2.04586580238
Linear Regression,4,5,22,1.6582281,2.94964626765
Linear Regression,4,5,27,1.8000583,1.84107903083
Linear Regression,4,5,30,1.8946169,2.54847376577
Linear Regression,4,5,33,2.008214,1.89749413895
Linear Regression,4,5,38,2.1916535,0.883026628874
Linear Regression,4,5,48,2.5687881,2.6576942582
Linear Regression,4,5,51,2.6567569,2.243767836
Linear Regression,4,5,54,2.6912431,3.24929386183
Linear Regression,4,5,59,2.8063861,2.15081678874
Linear Regression,4,5,67,2.9204698,3.10145054601
Linear Regression,4,5,76,3.3375474,3.65609216253
Linear Regression,4,5,86,3.6309855,3.87220352913
Linear Regression,4,5,94,4.6844434,4.89243030516
Linear Regression,4,5,96,5.477509,4.10287169515
Decision Tree,4,5,7,0.7654678,2.89790811739
Decision Tree,4,5,8,0.8544153,2.89790811739
Decision Tree,4,5,17,1.4701758,1.86964107778
Decision Tree,4,5,20,1.5993876,1.86964107778
Decision Tree,4,5,21,1.6389967,2.145491845
Decision Tree,4,5,22,1.6582281,2.89790811739
Decision Tree,4,5,27,1.8000583,2.145491845
Decision Tree,4,5,30,1.8946169,3.28392149
Decision Tree,4,5,33,2.008214,2.89790811739
Decision Tree,4,5,38,2.1916535,2.145491845
Decision Tree,4,5,48,2.5687881,2.89790811739
Decision Tree,4,5,51,2.6567569,2.145491845
Decision Tree,4,5,54,2.6912431,2.89790811739
Decision Tree,4,5,59,2.8063861,2.145491845
Decision Tree,4,5,67,2.9204698,2.89790811739
Decision Tree,4,5,76,3.3375474,4.15790295714
Decision Tree,4,5,86,3.6309855,4.15790295714
Decision Tree,4,5,94,4.6844434,4.15790295714
Decision Tree,4,5,96,5.477509,4.15790295714
Random Forest,4,5,7,0.7654678,2.04357111021
Random Forest,4,5,8,0.8544153,2.24240438946
Random Forest,4,5,17,1.4701758,1.97880392432
Random Forest,4,5,20,1.5993876,2.21434571529
Random Forest,4,5,21,1.6389967,1.91605501688
Random Forest,4,5,22,1.6582281,2.95937267935
Random Forest,4,5,27,1.8000583,2.26260123415
Random Forest,4,5,30,1.8946169,2.73445905125
Random Forest,4,5,33,2.008214,2.23567686366
Random Forest,4,5,38,2.1916535,1.72558385484
Random Forest,4,5,48,2.5687881,2.7405471539
Random Forest,4,5,51,2.6567569,2.41901872257
Random Forest,4,5,54,2.6912431,2.98666131632
Random Forest,4,5,59,2.8063861,2.49225293018
Random Forest,4,5,67,2.9204698,3.05422061023
Random Forest,4,5,76,3.3375474,4.04236576614
Random Forest,4,5,86,3.6309855,3.99939318436
Random Forest,4,5,94,4.6844434,3.97841136604
Random Forest,4,5,96,5.477509,3.77793672372
Gradient Boosting,4,5,7,0.7654678,2.19107276439
Gradient Boosting,4,5,8,0.8544153,2.20755820287
Gradient Boosting,4,5,17,1.4701758,2.05217835105
Gradient Boosting,4,5,20,1.5993876,2.24921749359
Gradient Boosting,4,5,21,1.6389967,2.08564776636
Gradient Boosting,4,5,22,1.6582281,2.80307382171
Gradient Boosting,4,5,27,1.8000583,2.51916222313
Gradient Boosting,4,5,30,1.8946169,2.66049706255
Gradient Boosting,4,5,33,2.008214,2.00202061048
Gradient Boosting,4,5,38,2.1916535,1.55971565294
Gradient Boosting,4,5,48,2.5687881,2.65144540599
Gradient Boosting,4,5,51,2.6567569,2.55756640345
Gradient Boosting,4,5,54,2.6912431,2.88504609587
Gradient Boosting,4,5,59,2.8063861,2.71268123513
Gradient Boosting,4,5,67,2.9204698,2.88504609587
Gradient Boosting,4,5,76,3.3375474,4.06883728222
Gradient Boosting,4,5,86,3.6309855,4.09091305229
Gradient Boosting,4,5,94,4.6844434,4.04596658305
Gradient Boosting,4,5,96,5.477509,3.84764736094
MLP (L-BFGS),4,5,7,0.7654678,2.04436088306
MLP (L-BFGS),4,5,8,0.8544153,2.56694894189
MLP (L-BFGS),4,5,17,1.4701758,1.78056856824
MLP (L-BFGS),4,5,20,1.5993876,2.07500705172
MLP (L-BFGS),4,5,21,1.6389967,1.60196344481
MLP (L-BFGS),4,5,22,1.6582281,3.7651097661
MLP (L-BFGS),4,5,27,1.8000583,2.97032648872
MLP (L-BFGS),4,5,30,1.8946169,2.45629611264
MLP (L-BFGS),4,5,33,2.008214,2.10073973479
MLP (L-BFGS),4,5,38,2.1916535,0.199008060314
MLP (L-BFGS),4,5,48,2.5687881,2.71736071686
MLP (L-BFGS),4,5,51,2.6567569,3.63575983573
MLP (L-BFGS),4,5,54,2.6912431,2.83424178995
MLP (L-BFGS),4,5,59,2.8063861,2.86796698172
MLP (L-BFGS),4,5,67,2.9204698,2.78109711852
MLP (L-BFGS),4,5,76,3.3375474,3.93776738792
MLP (L-BFGS),4,5,86,3.6309855,4.00395213946
MLP (L-BFGS),4,5,94,4.6844434,5.87869268399
MLP (L-BFGS),4,5,96,5.477509,3.69289620753
Ridge,4,5,7,0.7654678,1.95771294532
Ridge,4,5,8,0.8544153,2.23458277216
Ridge,4,5,17,1.4701758,1.30658834339
Ridge,4,5,20,1.5993876,1.83972970679
Ridge,4,5,21,1.6389967,2.03886414638
Ridge,4,5,22,1.6582281,2.95149325172
Ridge,4,5,27,1.8000583,1.84571433747
Ridge,4,5,30,1.8946169,2.55943759531
Ridge,4,5,33,2.008214,1.89686233831
Ridge,4,5,38,2.1916535,0.896226122355
Ridge,4,5,48,2.5687881,2.6577064615
Ridge,4,5,51,2.6567569,2.24107010744
Ridge,4,5,54,2.6912431,3.25355135562
Ridge,4,5,59,2.8063861,2.15876509272
Ridge,4,5,67,2.9204698,3.10096303982
Ridge,4,5,76,3.3375474,3.65016079946
Ridge,4,5,86,3.6309855,3.85921130235
Ridge,4,5,94,4.6844434,4.85157264714
Ridge,4,5,96,5.477509,4.08132192314
Lasso,4,5,7,0.7654678,2.02792181658
Lasso,4,5,8,0.8544153,2.16771840903
Lasso,4,5,17,1.4701758,1.41517805317
Lasso,4,5,20,1.5993876,1.93310288101
Lasso,4,5,21,1.6389967,2.10757731098
Lasso,4,5,22,1.6582281,2.87186148761
Lasso,4,5,27,1.8000583,1.8579005258
Lasso,4,5,30,1.8946169,2.72064210451
Lasso,4,5,33,2.008214,2.08940598281
Lasso,4,5,38,2.1916535,1.15351294666
Lasso,4,5,48,2.5687881,2.59904735556
Lasso,4,5,51,2.6567569,2.28622851164
Lasso,4,5,54,2.6912431,3.17438920047
Lasso,4,5,59,2.8063861,2.20981650633
Lasso,4,5,67,2.9204698,2.99532258362
Lasso,4,5,76,3.3375474,3.62793149284
Lasso,4,5,86,3.6309855,3.77396054206
Lasso,4,5,94,4.6844434,4.43335185612
Lasso,4,5,96,5.477509,3.87691022068
Mean baseline,4,5,7,0.7654678,2.48395107564
Mean baseline,4,5,8,0.8544153,2.48395107564
Mean baseline,4,5,17,1.4701758,2.48395107564
Mean baseline,4,5,20,1.5993876,2.48395107564
Mean baseline,4,5,21,1.6389967,2.48395107564
Mean baseline,4,5,22,1.6582281,2.48395107564
Mean baseline,4,5,27,1.8000583,2.48395107564
Mean baseline,4,5,30,1.8946169,2.48395107564
Mean baseline,4,5,33,2.008214,2.48395107564
Mean baseline,4,5,38,2.1916535,2.48395107564
Mean baseline,4,5,48,2.5687881,2.48395107564
Mean baseline,4,5,51,2.6567569,2.48395107564
Mean baseline,4,5,54,2.6912431,2.48395107564
Mean baseline,4,5,59,2.8063861,2.48395107564
Mean baseline,4,5,67,2.9204698,2.48395107564
Mean baseline,4,5,76,3.3375474,2.48395107564
Mean baseline,4,5,86,3.6309855,2.48395107564
Mean baseline,4,5,94,4.6844434,2.48395107564
Mean baseline,4,5,96,5.477509,2.48395107564
Linear Regression,5,1,2,-0.1625189,0.83895533709
Linear Regression,5,1,4,-0.1625189,0.703956404987
Linear Regression,5,1,7,0.7654678,1.92589463355
Linear Regression,5,1,10,1.047319,1.32428821765
Linear Regression,5,1,11,1.2669476,1.51536677709
Linear Regression,5,1,18,1.4929041,2.5165026845
Linear Regression,5,1,24,1.7137979,2.63133379155
Linear Regression,5,1,27,1.8000583,2.03034147523
Linear Regression,5,1,31,1.9242487,2.15118599687
Linear Regression,5,1,33,2.008214,1.84478492517
Linear Regression,5,1,36,2.0856721,2.81587709062
Linear Regression,5,1,38,2.1916535,0.959180957458
Linear Regression,5,1,44,2.3749058,2.51709046491
Linear Regression,5,1,50,2.5915164,2.14807346445
Linear Regression,5,1,61,2.8419982,2.38846218401
Linear Regression,5,1,64,2.8820035,3.84559750598
Linear Regression,5,1,69,2.9626924,1.54132167192
Linear Regression,5,1,75,3.2752562,3.71097030966
Linear Regression,5,1,80,3.5130369,3.19806783107
Linear Regression,5,1,87,3.6800909,3.02491736338
Decision Tree,5,1,2,-0.1625189,0.901296075
Decision Tree,5,1,4,-0.1625189,0.901296075
Decision Tree,5,1,7,0.7654678,1.97329489048
Decision Tree,5,1,10,1.047319,1.97329489048
Decision Tree,5,1,11,1.2669476,1.97329489048
Decision Tree,5,1,18,1.4929041,1.97329489048
Decision Tree,5,1,24,1.7137979,2.73705146897
Decision Tree,5,1,27,1.8000583,2.73705146897
Decision Tree,5,1,31,1.9242487,1.97329489048
Decision Tree,5,1,33,2.008214,1.97329489048
Decision Tree,5,1,36,2.0856721,1.97329489048
Decision Tree,5,1,38,2.1916535,2.73705146897
Decision Tree,5,1,44,2.3749058,1.97329489048
Decision Tree,5,1,50,2.5915164,1.97329489048
Decision Tree,5,1,61,2.8419982,1.97329489048
Decision Tree,5,1,64,2.8820035,2.73705146897
Decision Tree,5,1,69,2.9626924,0.901296075
Decision Tree,5,1,75,3.2752562,4.56258828
Decision Tree,5,1,80,3.5130369,3.25846422222
Decision Tree,5,1,87,3.6800909,1.97329489048
Random Forest,5,1,2,-0.1625189,0.95891498574
Random Forest,5,1,4,-0.1625189,0.929646874386
Random Forest,5,1,7,0.7654678,1.65805839089
Random Forest,5,1,10,1.047319,1.56619257764
Random Forest,5,1,11,1.2669476,1.70988764929
Random Forest,5,1,18,1.4929041,2.71798324123
Random Forest,5,1,24,1.7137979,2.9091516292
Random Forest,5,1,27,1.8000583,2.3583768193
Random Forest,5,1,31,1.9242487,2.11504042454
Random Forest,5,1,33,2.008214,1.87622497741
Random Forest,5,1,36,2.0856721,2.58963020222
Random Forest,5,1,38,2.1916535,1.69285170983
Random Forest,5,1,44,2.3749058,2.85639645805
Random Forest,5,1,50,2.5915164,2.09112636848
Random Forest,5,1,61,2.8419982,2.32740975683
Random Forest,5,1,64,2.8820035,3.02783445639
Random Forest,5,1,69,2.9626924,1.78268833347
Random Forest,5,1,75,3.2752562,4.40480146897
Random Forest,5,1,80,3.5130369,3.47419991834
Random Forest,5,1,87,3.6800909,2.70148617086
Gradient Boosting,5,1,2,-0.1625189,1.16810514954
Gradient Boosting,5,1,4,-0.1625189,1.16810514954
Gradient Boosting,5,1,7,0.7654678,1.66643038576
Gradient Boosting,5,1,10,1.047319,1.62869629316
Gradient Boosting,5,1,11,1.2669476,1.7263109455
Gradient Boosting,5,1,18,1.4929041,2.69479708938
Gradient Boosting,5,1,24,1.7137979,2.80339963369
Gradient Boosting,5,1,27,1.8000583,2.42619188475
Gradient Boosting,5,1,31,1.9242487,2.18911169542
Gradient Boosting,5,1,33,2.008214,1.60606796668
Gradient Boosting,5,1,36,2.0856721,2.53008396003
Gradient Boosting,5,1,38,2.1916535,1.35649867349
Gradient Boosting,5,1,44,2.3749058,2.84019127255
Gradient Boosting,5,1,50,2.5915164,2.01636669184
Gradient Boosting,5,1,61,2.8419982,2.22730232074
Gradient Boosting,5,1,64,2.8820035,3.16067428401
Gradient Boosting,5,1,69,2.9626924,1.87753119395
Gradient Boosting,5,1,75,3.2752562,4.49681365478
Gradient Boosting,5,1,80,3.5130369,3.15994073116
Gradient Boosting,5,1,87,3.6800909,2.80582674462
MLP (L-BFGS),5,1,2,-0.1625189,0.920027973015
MLP (L-BFGS),5,1,4,-0.1625189,0.760142371102
MLP (L-BFGS),5,1,7,0.7654678,1.65166047027
MLP (L-BFGS),5,1,10,1.047319,1.15184882963
MLP (L-BFGS),5,1,11,1.2669476,1.34049416054
MLP (L-BFGS),5,1,18,1.4929041,2.45570933985
MLP (L-BFGS),5,1,24,1.7137979,2.93623503554
MLP (L-BFGS),5,1,27,1.8000583,2.01914440621
MLP (L-BFGS),5,1,31,1.9242487,2.10146107049
MLP (L-BFGS),5,1,33,2.008214,1.69398785895
MLP (L-BFGS),5,1,36,2.0856721,2.5693295994
MLP (L-BFGS),5,1,38,2.1916535,0.107863393658
MLP (L-BFGS),5,1,44,2.3749058,2.76826513519
MLP (L-BFGS),5,1,50,2.5915164,2.09272803831
MLP (L-BFGS),5,1,61,2.8419982,2.56967121848
MLP (L-BFGS),5,1,64,2.8820035,3.22013013964
MLP (L-BFGS),5,1,69,2.9626924,1.86072790607
MLP (L-BFGS),5,1,75,3.2752562,3.65562621832
MLP (L-BFGS),5,1,80,3.5130369,3.17170429364
MLP (L-BFGS),5,1,87,3.6800909,2.92030432408
Ridge,5,1,2,-0.1625189,0.864897050279
Ridge,5,1,4,-0.1625189,0.732840038467
Ridge,5,1,7,0.7654678,1.92496650087
Ridge,5,1,10,1.047319,1.33756369234
Ridge,5,1,11,1.2669476,1.53091243606
Ridge,5,1,18,1.4929041,2.52534521248
Ridge,5,1,24,1.7137979,2.6350812281
Ridge,5,1,27,1.8000583,2.03566106722
Ridge,5,1,31,1.9242487,2.16060667912
Ridge,5,1,33,2.008214,1.83953440952
Ridge,5,1,36,2.0856721,2.80472412773
Ridge,5,1,38,2.1916535,0.96882682218
Ridge,5,1,44,2.3749058,2.53709110356
Ridge,5,1,50,2.5915164,2.15041317853
Ridge,5,1,61,2.8419982,2.39559564881
Ridge,5,1,64,2.8820035,3.84100003666
Ridge,5,1,69,2.9626924,1.57256661374
Ridge,5,1,75,3.2752562,3.71742437363
Ridge,5,1,80,3.5130369,3.18852509797
Ridge,5,1,87,3.6800909,2.99577571063
Lasso,5,1,2,-0.1625189,1.02594954035
Lasso,5,1,4,-0.1625189,0.904902684247
Lasso,5,1,7,0.7654678,1.98650989594
Lasso,5,1,10,1.047319,1.53116360872
Lasso,5,1,11,1.2669476,1.72658398524
Lasso,5,1,18,1.4929041,2.72228703384
Lasso,5,1,24,1.7137979,2.60326702304
Lasso,5,1,27,1.8000583,2.06089581883
Lasso,5,1,31,1.9242487,2.15866303077
Lasso,5,1,33,2.008214,1.98148631737
Lasso,5,1,36,2.0856721,2.69529116227
Lasso,5,1,38,2.1916535,1.19302051654
Lasso,5,1,44,2.3749058,2.66093980082
Lasso,5,1,50,2.5915164,2.25762813712
Lasso,5,1,61,2.8419982,2.43134061782
Lasso,5,1,64,2.8820035,3.65571665702
Lasso,5,1,69,2.9626924,1.79620151205
Lasso,5,1,75,3.2752562,3.82075907551
Lasso,5,1,80,3.5130369,3.18234989482
Lasso,5,1,87,3.6800909,2.8411944047
Mean baseline,5,1,2,-0.1625189,2.60143872338
Mean baseline,5,1,4,-0.1625189,2.60143872338
Mean baseline,5,1,7,0.7654678,2.60143872338
Mean baseline,5,1,10,1.047319,2.60143872338
Mean baseline,5,1,11,1.2669476,2.60143872338
Mean baseline,5,1,18,1.4929041,2.60143872338
Mean baseline,5,1,24,1.7137979,2.60143872338
Mean baseline,5,1,27,1.8000583,2.60143872338
Mean baseline,5,1,31,1.9242487,2.60143872338
Mean baseline,5,1,33,2.008214,2.60143872338
Mean baseline,5,1,36,2.0856721,2.60143872338
Mean baseline,5,1,38,2.1916535,2.60143872338
Mean baseline,5,1,44,2.3749058,2.60143872338
Mean baseline,5,1,50,2.5915164,2.60143872338
Mean baseline,5,1,61,2.8419982,2.60143872338
Mean baseline,5,1,64,2.8820035,2.60143872338
Mean baseline,5,1,69,2.9626924,2.60143872338
Mean baseline,5,1,75,3.2752562,2.60143872338
Mean baseline,5,1,80,3.5130369,2.60143872338
Mean baseline,5,1,87,3.6800909,2.60143872338
Linear Regression,5,2,3,-0.1625189,0.622485389684
Linear Regression,5,2,14,1.3480731,1.91604975313
Linear Regression,5,2,20,1.5993876,1.77711854052
Linear Regression,5,2,21,1.6389967,1.97144895917
Linear Regression,5,2,29,1.8484548,1.98275769488
Linear Regression,5,2,35,2.0476928,1.09707307609
Linear Regression,5,2,41,2.2975726,2.07425313801
Linear Regression,5,2,43,2.3272777,2.01712404117
Linear Regression,5,2,46,2.5533438,2.54160170158
Linear Regression,5,2,48,2.5687881,2.558887888
Linear Regression,5,2,56,2.7180005,2.84686200776
Linear Regression,5,2,59,2.8063861,2.19389224711
Linear Regression,5,2,65,2.8820035,2.5031605759
Linear Regression,5,2,66,2.8875901,2.61528981523
Linear Regression,5,2,76,3.3375474,3.65675628414
Linear Regression,5,2,82,3.5307626,2.76011687648
Linear Regression,5,2,83,3.5652984,3.67835308468
Linear Regression,5,2,85,3.5876769,2.52986570464
Linear Regression,5,2,91,4.029806,3.32578861547
Linear Regression,5,2,92,4.1295508,4.15878309512
Decision Tree,5,2,3,-0.1625189,1.92280930303
Decision Tree,5,2,14,1.3480731,1.92280930303
Decision Tree,5,2,20,1.5993876,2.80475229
Decision Tree,5,2,21,1.6389967,1.92280930303
Decision Tree,5,2,29,1.8484548,1.92280930303
Decision Tree,5,2,35,2.0476928,1.92280930303
Decision Tree,5,2,41,2.2975726,1.92280930303
Decision Tree,5,2,43,2.3272777,2.80475229
Decision Tree,5,2,46,2.5533438,1.92280930303
Decision Tree,5,2,48,2.5687881,2.80475229
Decision Tree,5,2,56,2.7180005,2.80475229
Decision Tree,5,2,59,2.8063861,2.80475229
Decision Tree,5,2,65,2.8820035,1.92280930303
Decision Tree,5,2,66,2.8875901,2.80475229
Decision Tree,5,2,76,3.3375474,4.5204676625
Decision Tree,5,2,82,3.5307626,1.92280930303
Decision Tree,5,2,83,3.5652984,2.71489898
Decision Tree,5,2,85,3.5876769,1.92280930303
Decision Tree,5,2,91,4.029806,2.80475229
Decision Tree,5,2,92,4.1295508,3.45038678
Random Forest,5,2,3,-0.1625189,1.69947701812
Random Forest,5,2,14,1.3480731,2.05886087939
Random Forest,5,2,20,1.5993876,2.27417451837
Random Forest,5,2,21,1.6389967,1.88606785359
Random Forest,5,2,29,1.8484548,2.55931605437
Random Forest,5,2,35,2.0476928,1.43478170982
Random Forest,5,2,41,2.2975726,1.76413417064
Random Forest,5,2,43,2.3272777,2.25456824306
Random Forest,5,2,46,2.5533438,2.29045793883
Random Forest,5,2,48,2.5687881,2.72307617845
Random Forest,5,2,56,2.7180005,2.60280800494
Random Forest,5,2,59,2.8063861,2.4778415336
Random Forest,5,2,65,2.8820035,2.20378707209
Random Forest,5,2,66,2.8875901,2.66050189901
Random Forest,5,2,76,3.3375474,4.38982428063
Random Forest,5,2,82,3.5307626,2.74363828808
Random Forest,5,2,83,3.5652984,3.10553001725
Random Forest,5,2,85,3.5876769,2.71795105085
Random Forest,5,2,91,4.029806,3.51320367194
Random Forest,5,2,92,4.1295508,2.88348283403
Gradient Boosting,5,2,3,-0.1625189,1.79466341363
Gradient Boosting,5,2,14,1.3480731,2.01047012991
Gradient Boosting,5,2,20,1.5993876,2.39249519716
Gradient Boosting,5,2,21,1.6389967,1.9885766732
Gradient Boosting,5,2,29,1.8484548,2.52755682299
Gradient Boosting,5,2,35,2.0476928,1.30036001822
Gradient Boosting,5,2,41,2.2975726,1.69577672196
Gradient Boosting,5,2,43,2.3272777,2.27778483516
Gradient Boosting,5,2,46,2.5533438,2.37675321164
Gradient Boosting,5,2,48,2.5687881,2.72827719727
Gradient Boosting,5,2,56,2.7180005,2.67252459649
Gradient Boosting,5,2,59,2.8063861,2.46379404094
Gradient Boosting,5,2,65,2.8820035,2.05781536201
Gradient Boosting,5,2,66,2.8875901,2.65239703371
Gradient Boosting,5,2,76,3.3375474,4.18854073263
Gradient Boosting,5,2,82,3.5307626,2.48550015956
Gradient Boosting,5,2,83,3.5652984,2.95481772187
Gradient Boosting,5,2,85,3.5876769,2.64641525537
Gradient Boosting,5,2,91,4.029806,3.26394974034
Gradient Boosting,5,2,92,4.1295508,2.8851928093
MLP (L-BFGS),5,2,3,-0.1625189,1.052366104
MLP (L-BFGS),5,2,14,1.3480731,1.81151793937
MLP (L-BFGS),5,2,20,1.5993876,2.01026196351
MLP (L-BFGS),5,2,21,1.6389967,1.30488564643
MLP (L-BFGS),5,2,29,1.8484548,2.83521412617
MLP (L-BFGS),5,2,35,2.0476928,0.644448044814
MLP (L-BFGS),5,2,41,2.2975726,2.32130587942
MLP (L-BFGS),5,2,43,2.3272777,1.80997637762
MLP (L-BFGS),5,2,46,2.5533438,2.52895569861
MLP (L-BFGS),5,2,48,2.5687881,2.63362433079
MLP (L-BFGS),5,2,56,2.7180005,2.55934784456
MLP (L-BFGS),5,2,59,2.8063861,2.8020371171
MLP (L-BFGS),5,2,65,2.8820035,1.96309956703
MLP (L-BFGS),5,2,66,2.8875901,2.30230198874
MLP (L-BFGS),5,2,76,3.3375474,4.31094391183
MLP (L-BFGS),5,2,82,3.5307626,2.62268519522
MLP (L-BFGS),5,2,83,3.5652984,3.90811256986
MLP (L-BFGS),5,2,85,3.5876769,2.06043387827
MLP (L-BFGS),5,2,91,4.029806,3.23533080318
MLP (L-BFGS),5,2,92,4.1295508,3.99538950981
Ridge,5,2,3,-0.1625189,0.650390971939
Ridge,5,2,14,1.3480731,1.90370941709
Ridge,5,2,20,1.5993876,1.78447841749
Ridge,5,2,21,1.6389967,1.959627717
Ridge,5,2,29,1.8484548,1.99355697913
Ridge,5,2,35,2.0476928,1.12206373445
Ridge,5,2,41,2.2975726,2.05549289493
Ridge,5,2,43,2.3272777,2.02972615022
Ridge,5,2,46,2.5533438,2.51363418187
Ridge,5,2,48,2.5687881,2.55841706299
Ridge,5,2,56,2.7180005,2.82487323351
Ridge,5,2,59,2.8063861,2.19173754782
Ridge,5,2,65,2.8820035,2.47896334589
Ridge,5,2,66,2.8875901,2.60738399121
Ridge,5,2,76,3.3375474,3.65440908712
Ridge,5,2,82,3.5307626,2.78439973402
Ridge,5,2,83,3.5652984,3.65727129478
Ridge,5,2,85,3.5876769,2.54302734522
Ridge,5,2,91,4.029806,3.28324827644
Ridge,5,2,92,4.1295508,4.08265071028
Lasso,5,2,3,-0.1625189,0.963253012958
Lasso,5,2,14,1.3480731,1.99517784886
Lasso,5,2,20,1.5993876,1.85931564821
Lasso,5,2,21,1.6389967,2.00152201603
Lasso,5,2,29,1.8484548,2.0453504997
Lasso,5,2,35,2.0476928,1.37660886079
Lasso,5,2,41,2.2975726,1.77552715145
Lasso,5,2,43,2.3272777,2.06610336838
Lasso,5,2,46,2.5533438,2.35530942089
Lasso,5,2,48,2.5687881,2.47338987028
Lasso,5,2,56,2.7180005,2.59894662555
Lasso,5,2,59,2.8063861,2.14440439359
Lasso,5,2,65,2.8820035,2.51811813574
Lasso,5,2,66,2.8875901,2.47985342921
Lasso,5,2,76,3.3375474,3.72140958857
Lasso,5,2,82,3.5307626,2.85294622916
Lasso,5,2,83,3.5652984,3.66852618652
Lasso,5,2,85,3.5876769,2.51248011382
Lasso,5,2,91,4.029806,3.26164811389
Lasso,5,2,92,4.1295508,3.61194325267
Mean baseline,5,2,3,-0.1625189,2.45275112468
Mean baseline,5,2,14,1.3480731,2.45275112468
Mean baseline,5,2,20,1.5993876,2.45275112468
Mean baseline,5,2,21,1.6389967,2.45275112468
Mean baseline,5,2,29,1.8484548,2.45275112468
Mean baseline,5,2,35,2.0476928,2.45275112468
Mean baseline,5,2,41,2.2975726,2.45275112468
Mean baseline,5,2,43,2.3272777,2.45275112468
Mean baseline,5,2,46,2.5533438,2.45275112468
Mean baseline,5,2,48,2.5687881,2.45275112468
Mean baseline,5,2,56,2.7180005,2.45275112468
Mean baseline,5,2,59,2.8063861,2.45275112468
Mean baseline,5,2,65,2.8820035,2.45275112468
Mean baseline,5,2,66,2.8875901,2.45275112468
Mean baseline,5,2,76,3.3375474,2.45275112468
Mean baseline,5,2,82,3.5307626,2.45275112468
Mean baseline,5,2,83,3.5652984,2.45275112468
Mean baseline,5,2,85,3.5876769,2.45275112468
Mean baseline,5,2,91,4.029806,2.45275112468
Mean baseline,5,2,92,4.1295508,2.45275112468
Linear Regression,5,3,1,-0.4307829,0.722471627243
Linear Regression,5,3,9,1.047319,1.22647019293
Linear Regression,5,3,12,1.2669476,0.865461109531
Linear Regression,5,3,23,1.6956156,1.05169921204
Linear Regression,5,3,32,2.008214,1.87036831292
Linear Regression,5,3,34,2.0215476,1.33237703207
Linear Regression,5,3,37,2.1575593,1.68286979818
Linear Regression,5,3,39,2.2137539,3.93210718635
Linear Regression,5,3,45,2.5217206,2.27266102714
Linear Regression,5,3,57,2.7880929,1.43223649535
Linear Regression,5,3,71,3.0130809,3.30558486322
Linear Regression,5,3,72,3.0373539,2.00850504647
Linear Regression,5,3,74,3.0750055,3.39297711389
Linear Regression,5,3,77,3.3928291,3.35704363725
Linear Regression,5,3,78,3.4355988,3.4350239332
Linear Regression,5,3,79,3.4578927,3.42990702158
Linear Regression,5,3,84,3.5709402,3.18539869616
Linear Regression,5,3,95,5.1431245,3.36941145708
Linear Regression,5,3,96,5.477509,4.21421712017
Decision Tree,5,3,1,-0.4307829,0.36721114
Decision Tree,5,3,9,1.047319,0.36721114
Decision Tree,5,3,12,1.2669476,0.36721114
Decision Tree,5,3,23,1.6956156,0.36721114
Decision Tree,5,3,32,2.008214,2.00688726
Decision Tree,5,3,34,2.0215476,1.82862398077
Decision Tree,5,3,37,2.1575593,2.75256621111
Decision Tree,5,3,39,2.2137539,4.11439408571
Decision Tree,5,3,45,2.5217206,1.82862398077
Decision Tree,5,3,57,2.7880929,1.82862398077
Decision Tree,5,3,71,3.0130809,1.82862398077
Decision Tree,5,3,72,3.0373539,1.82862398077
Decision Tree,5,3,74,3.0750055,1.82862398077
Decision Tree,5,3,77,3.3928291,2.75256621111
Decision Tree,5,3,78,3.4355988,4.11439408571
Decision Tree,5,3,79,3.4578927,3.3719304
Decision Tree,5,3,84,3.5709402,3.3719304
Decision Tree,5,3,95,5.1431245,3.3719304
Decision Tree,5,3,96,5.477509,3.3719304
Random Forest,5,3,1,-0.4307829,0.699344723985
Random Forest,5,3,9,1.047319,0.740137637686
Random Forest,5,3,12,1.2669476,0.889858833566
Random Forest,5,3,23,1.6956156,0.607617140241
Random Forest,5,3,32,2.008214,2.06844882001
Random Forest,5,3,34,2.0215476,1.33270691824
Random Forest,5,3,37,2.1575593,2.41982444515
Random Forest,5,3,39,2.2137539,3.55849950471
Random Forest,5,3,45,2.5217206,2.07245374826
Random Forest,5,3,57,2.7880929,1.87153323822
Random Forest,5,3,71,3.0130809,3.03582168186
Random Forest,5,3,72,3.0373539,1.92729362216
Random Forest,5,3,74,3.0750055,2.90726344518
Random Forest,5,3,77,3.3928291,2.8885226132
Random Forest,5,3,78,3.4355988,3.17955429344
Random Forest,5,3,79,3.4578927,3.2940097847
Random Forest,5,3,84,3.5709402,3.2239454121
Random Forest,5,3,95,5.1431245,3.3665456791
Random Forest,5,3,96,5.477509,3.60326611182
Gradient Boosting,5,3,1,-0.4307829,0.838077653736
Gradient Boosting,5,3,9,1.047319,0.803792103097
Gradient Boosting,5,3,12,1.2669476,0.813632470426
Gradient Boosting,5,3,23,1.6956156,0.633880552918
Gradient Boosting,5,3,32,2.008214,2.22259062506
Gradient Boosting,5,3,34,2.0215476,1.58047750561
Gradient Boosting,5,3,37,2.1575593,2.29413448237
Gradient Boosting,5,3,39,2.2137539,3.47575269114
Gradient Boosting,5,3,45,2.5217206,2.08087427522
Gradient Boosting,5,3,57,2.7880929,1.9364150246
Gradient Boosting,5,3,71,3.0130809,3.06764990256
Gradient Boosting,5,3,72,3.0373539,1.98063754478
Gradient Boosting,5,3,74,3.0750055,2.93515779715
Gradient Boosting,5,3,77,3.3928291,2.79156784636
Gradient Boosting,5,3,78,3.4355988,3.02009580094
Gradient Boosting,5,3,79,3.4578927,3.2646208361
Gradient Boosting,5,3,84,3.5709402,3.04450166955
Gradient Boosting,5,3,95,5.1431245,3.18218808723
Gradient Boosting,5,3,96,5.477509,3.85867246296
MLP (L-BFGS),5,3,1,-0.4307829,0.771797835533
MLP (L-BFGS),5,3,9,1.047319,1.18731463633
MLP (L-BFGS),5,3,12,1.2669476,0.561557605142
MLP (L-BFGS),5,3,23,1.6956156,0.649156435504
MLP (L-BFGS),5,3,32,2.008214,1.56757393451
MLP (L-BFGS),5,3,34,2.0215476,1.04610660928
MLP (L-BFGS),5,3,37,2.1575593,2.38171695095
MLP (L-BFGS),5,3,39,2.2137539,3.82413573616
MLP (L-BFGS),5,3,45,2.5217206,2.74256405478
MLP (L-BFGS),5,3,57,2.7880929,1.9413926406
MLP (L-BFGS),5,3,71,3.0130809,3.17311289094
MLP (L-BFGS),5,3,72,3.0373539,2.55470958432
MLP (L-BFGS),5,3,74,3.0750055,3.29850372739
MLP (L-BFGS),5,3,77,3.3928291,3.39596241915
MLP (L-BFGS),5,3,78,3.4355988,3.64340898623
MLP (L-BFGS),5,3,79,3.4578927,3.32222765317
MLP (L-BFGS),5,3,84,3.5709402,2.61069919502
MLP (L-BFGS),5,3,95,5.1431245,3.9472265734
MLP (L-BFGS),5,3,96,5.477509,3.98159892169
Ridge,5,3,1,-0.4307829,0.738157230208
Ridge,5,3,9,1.047319,1.24020870573
Ridge,5,3,12,1.2669476,0.892109992624
Ridge,5,3,23,1.6956156,1.06919546773
Ridge,5,3,32,2.008214,1.87263388398
Ridge,5,3,34,2.0215476,1.33969894649
Ridge,5,3,37,2.1575593,1.74990333979
Ridge,5,3,39,2.2137539,3.92846842939
Ridge,5,3,45,2.5217206,2.27545597691
Ridge,5,3,57,2.7880929,1.46596032597
Ridge,5,3,71,3.0130809,3.29434066416
Ridge,5,3,72,3.0373539,2.00409212257
Ridge,5,3,74,3.0750055,3.38497077281
Ridge,5,3,77,3.3928291,3.34498094638
Ridge,5,3,78,3.4355988,3.41298349788
Ridge,5,3,79,3.4578927,3.42977673152
Ridge,5,3,84,3.5709402,3.20561530492
Ridge,5,3,95,5.1431245,3.38622959154
Ridge,5,3,96,5.477509,4.17729715964
Lasso,5,3,1,-0.4307829,0.796013786645
Lasso,5,3,9,1.047319,1.21269764818
Lasso,5,3,12,1.2669476,1.01046677562
Lasso,5,3,23,1.6956156,1.18594113138
Lasso,5,3,32,2.008214,1.87148607293
Lasso,5,3,34,2.0215476,1.37766841352
Lasso,5,3,37,2.1575593,2.27265203062
Lasso,5,3,39,2.2137539,3.84680062315
Lasso,5,3,45,2.5217206,2.26990590982
Lasso,5,3,57,2.7880929,1.61161058215
Lasso,5,3,71,3.0130809,3.13808910656
Lasso,5,3,72,3.0373539,2.0343947863
Lasso,5,3,74,3.0750055,3.0257996549
Lasso,5,3,77,3.3928291,3.24733081297
Lasso,5,3,78,3.4355988,3.32330637178
Lasso,5,3,79,3.4578927,3.48190785895
Lasso,5,3,84,3.5709402,3.19158286484
Lasso,5,3,95,5.1431245,3.43502032903
Lasso,5,3,96,5.477509,3.850010644
Mean baseline,5,3,1,-0.4307829,2.42961801282
Mean baseline,5,3,9,1.047319,2.42961801282
Mean baseline,5,3,12,1.2669476,2.42961801282
Mean baseline,5,3,23,1.6956156,2.42961801282
Mean baseline,5,3,32,2.008214,2.42961801282
Mean baseline,5,3,34,2.0215476,2.42961801282
Mean baseline,5,3,37,2.1575593,2.42961801282
Mean baseline,5,3,39,2.2137539,2.42961801282
Mean baseline,5,3,45,2.5217206,2.42961801282
Mean baseline,5,3,57,2.7880929,2.42961801282
Mean baseline,5,3,71,3.0130809,2.42961801282
Mean baseline,5,3,72,3.0373539,2.42961801282
Mean baseline,5,3,74,3.0750055,2.42961801282
Mean baseline,5,3,77,3.3928291,2.42961801282
Mean baseline,5,3,78,3.4355988,2.42961801282
Mean baseline,5,3,79,3.4578927,2.42961801282
Mean baseline,5,3,84,3.5709402,2.42961801282
Mean baseline,5,3,95,5.1431245,2.42961801282
Mean baseline,5,3,96,5.477509,2.42961801282
Linear Regression,5,4,5,0.3715636,1.77253372955
Linear Regression,5,4,6,0.7654678,0.732253569547
Linear Regression,5,4,13,1.2669476,2.10451791566
Linear Regression,5,4,16,1.446919,1.93554521629
Linear Regression,5,4,17,1.4701758,1.26851027443
Linear Regression,5,4,19,1.5581446,1.19994650489
Linear Regression,5,4,26,1.7664417,2.00107023936
Linear Regression,5,4,28,1.8164521,1.65066370439
Linear Regression,5,4,30,1.8946169,2.33780155603
Linear Regression,5,4,40,2.2772673,1.70516799385
Linear Regression,5,4,47,2.5687881,4.15227108425
Linear Regression,5,4,55,2.7047113,3.42224441207
Linear Regression,5,4,67,2.9204698,3.01668082844
Linear Regression,5,4,68,2.9626924,3.15040605926
Linear Regression,5,4,73,3.0563569,2.86791919856
Linear Regression,5,4,81,3.5160131,2.07654707809
Linear Regression,5,4,88,3.7123518,3.01971285538
Linear Regression,5,4,89,3.9843437,4.42123546658
Linear Regression,5,4,93,4.3851468,3.94930095546
Decision Tree,5,4,5,0.3715636,2.05292632414
Decision Tree,5,4,6,0.7654678,0.441648942857
Decision Tree,5,4,13,1.2669476,2.05292632414
Decision Tree,5,4,16,1.446919,2.05292632414
Decision Tree,5,4,17,1.4701758,2.05292632414
Decision Tree,5,4,19,1.5581446,0.441648942857
Decision Tree,5,4,26,1.7664417,2.05292632414
Decision Tree,5,4,28,1.8164521,2.716008796
Decision Tree,5,4,30,1.8946169,3.36338075556
Decision Tree,5,4,40,2.2772673,2.05292632414
Decision Tree,5,4,47,2.5687881,3.36338075556
Decision Tree,5,4,55,2.7047113,4.395200525
Decision Tree,5,4,67,2.9204698,2.716008796
Decision Tree,5,4,68,2.9626924,2.716008796
Decision Tree,5,4,73,3.0563569,2.716008796
Decision Tree,5,4,81,3.5160131,2.05292632414
Decision Tree,5,4,88,3.7123518,2.05292632414
Decision Tree,5,4,89,3.9843437,3.36338075556
Decision Tree,5,4,93,4.3851468,3.36338075556
Random Forest,5,4,5,0.3715636,1.68785300084
Random Forest,5,4,6,0.7654678,0.338347346888
Random Forest,5,4,13,1.2669476,2.40655734154
Random Forest,5,4,16,1.446919,2.1531289653
Random Forest,5,4,17,1.4701758,1.5971414406
Random Forest,5,4,19,1.5581446,0.587006675828
Random Forest,5,4,26,1.7664417,1.99744828999
Random Forest,5,4,28,1.8164521,1.91799149004
Random Forest,5,4,30,1.8946169,2.80694796338
Random Forest,5,4,40,2.2772673,1.87810271586
Random Forest,5,4,47,2.5687881,3.46018247968
Random Forest,5,4,55,2.7047113,4.01420603496
Random Forest,5,4,67,2.9204698,2.95734897435
Random Forest,5,4,68,2.9626924,2.88880007005
Random Forest,5,4,73,3.0563569,2.57175191531
Random Forest,5,4,81,3.5160131,2.33312375066
Random Forest,5,4,88,3.7123518,2.54011195839
Random Forest,5,4,89,3.9843437,3.5637085711
Random Forest,5,4,93,4.3851468,3.59795376191
Gradient Boosting,5,4,5,0.3715636,1.70841161522
Gradient Boosting,5,4,6,0.7654678,0.645481988491
Gradient Boosting,5,4,13,1.2669476,2.37196787571
Gradient Boosting,5,4,16,1.446919,2.24494778089
Gradient Boosting,5,4,17,1.4701758,1.76774448143
Gradient Boosting,5,4,19,1.5581446,0.897543498954
Gradient Boosting,5,4,26,1.7664417,1.99739820516
Gradient Boosting,5,4,28,1.8164521,2.46326873279
Gradient Boosting,5,4,30,1.8946169,2.67883313553
Gradient Boosting,5,4,40,2.2772673,1.71919095081
Gradient Boosting,5,4,47,2.5687881,3.56674801044
Gradient Boosting,5,4,55,2.7047113,3.3305556468
Gradient Boosting,5,4,67,2.9204698,2.90298867043
Gradient Boosting,5,4,68,2.9626924,2.90298867043
Gradient Boosting,5,4,73,3.0563569,2.64571738518
Gradient Boosting,5,4,81,3.5160131,2.20150455642
Gradient Boosting,5,4,88,3.7123518,2.66991175101
Gradient Boosting,5,4,89,3.9843437,3.53925859879
Gradient Boosting,5,4,93,4.3851468,3.41585959235
MLP (L-BFGS),5,4,5,0.3715636,1.419480337
MLP (L-BFGS),5,4,6,0.7654678,0.141339309434
MLP (L-BFGS),5,4,13,1.2669476,1.5584713834
MLP (L-BFGS),5,4,16,1.446919,1.7445097542
MLP (L-BFGS),5,4,17,1.4701758,1.62702407788
MLP (L-BFGS),5,4,19,1.5581446,1.05282181833
MLP (L-BFGS),5,4,26,1.7664417,2.06712768197
MLP (L-BFGS),5,4,28,1.8164521,1.80606382377
MLP (L-BFGS),5,4,30,1.8946169,2.4786494472
MLP (L-BFGS),5,4,40,2.2772673,1.79560543125
MLP (L-BFGS),5,4,47,2.5687881,4.01082136038
MLP (L-BFGS),5,4,55,2.7047113,3.33992245615
MLP (L-BFGS),5,4,67,2.9204698,3.26737985053
MLP (L-BFGS),5,4,68,2.9626924,2.99099302231
MLP (L-BFGS),5,4,73,3.0563569,2.57818555549
MLP (L-BFGS),5,4,81,3.5160131,1.97556585433
MLP (L-BFGS),5,4,88,3.7123518,2.69152861135
MLP (L-BFGS),5,4,89,3.9843437,4.51277062944
MLP (L-BFGS),5,4,93,4.3851468,4.02372299384
Ridge,5,4,5,0.3715636,1.77023327127
Ridge,5,4,6,0.7654678,0.751780236818
Ridge,5,4,13,1.2669476,2.09824450916
Ridge,5,4,16,1.446919,1.92418108059
Ridge,5,4,17,1.4701758,1.29797739894
Ridge,5,4,19,1.5581446,1.20499805973
Ridge,5,4,26,1.7664417,1.99177344259
Ridge,5,4,28,1.8164521,1.66700254618
Ridge,5,4,30,1.8946169,2.35555459333
Ridge,5,4,40,2.2772673,1.71886679656
Ridge,5,4,47,2.5687881,4.16135207808
Ridge,5,4,55,2.7047113,3.38035912659
Ridge,5,4,67,2.9204698,3.02267650168
Ridge,5,4,68,2.9626924,3.14339383807
Ridge,5,4,73,3.0563569,2.87203895988
Ridge,5,4,81,3.5160131,2.08379277617
Ridge,5,4,88,3.7123518,3.0105906742
Ridge,5,4,89,3.9843437,4.41783281474
Ridge,5,4,93,4.3851468,3.93305578749
Lasso,5,4,5,0.3715636,1.87896072068
Lasso,5,4,6,0.7654678,0.768467239475
Lasso,5,4,13,1.2669476,2.18641940221
Lasso,5,4,16,1.446919,2.11232296171
Lasso,5,4,17,1.4701758,1.40522810423
Lasso,5,4,19,1.5581446,1.06139326406
Lasso,5,4,26,1.7664417,2.14214818685
Lasso,5,4,28,1.8164521,1.6044337512
Lasso,5,4,30,1.8946169,2.76776706732
Lasso,5,4,40,2.2772673,1.74852625795
Lasso,5,4,47,2.5687881,4.03217083915
Lasso,5,4,55,2.7047113,3.26750332654
Lasso,5,4,67,2.9204698,3.04630756541
Lasso,5,4,68,2.9626924,3.1435191192
Lasso,5,4,73,3.0563569,2.86228764677
Lasso,5,4,81,3.5160131,2.20438558126
Lasso,5,4,88,3.7123518,2.91664822365
Lasso,5,4,89,3.9843437,4.31112815352
Lasso,5,4,93,4.3851468,3.85987963295
Mean baseline,5,4,5,0.3715636,2.51229047308
Mean baseline,5,4,6,0.7654678,2.51229047308
Mean baseline,5,4,13,1.2669476,2.51229047308
Mean baseline,5,4,16,1.446919,2.51229047308
Mean baseline,5,4,17,1.4701758,2.51229047308
Mean baseline,5,4,19,1.5581446,2.51229047308
Mean baseline,5,4,26,1.7664417,2.51229047308
Mean baseline,5,4,28,1.8164521,2.51229047308
Mean baseline,5,4,30,1.8946169,2.51229047308
Mean baseline,5,4,40,2.2772673,2.51229047308
Mean baseline,5,4,47,2.5687881,2.51229047308
Mean baseline,5,4,55,2.7047113,2.51229047308
Mean baseline,5,4,67,2.9204698,2.51229047308
Mean baseline,5,4,68,2.9626924,2.51229047308
Mean baseline,5,4,73,3.0563569,2.51229047308
Mean baseline,5,4,81,3.5160131,2.51229047308
Mean baseline,5,4,88,3.7123518,2.51229047308
Mean baseline,5,4,89,3.9843437,2.51229047308
Mean baseline,5,4,93,4.3851468,2.51229047308
Linear Regression,5,5,8,0.8544153,2.25960278612
Linear Regression,5,5,15,1.3987169,2.17836334687
Linear Regression,5,5,22,1.6582281,2.86513925867
Linear Regression,5,5,25,1.7316555,1.82538969213
Linear Regression,5,5,42,2.3075726,2.2292303161
Linear Regression,5,5,49,2.5915164,2.95198356571
Linear Regression,5,5,51,2.6567569,2.31768539368
Linear Regression,5,5,52,2.677591,3.13440161324
Linear Regression,5,5,53,2.6844403,2.1636630677
Linear Regression,5,5,54,2.6912431,3.11520423296
Linear Regression,5,5,58,2.7942279,2.51803109758
Linear Regression,5,5,60,2.8124102,2.73582229419
Linear Regression,5,5,62,2.8535925,3.52277489494
Linear Regression,5,5,63,2.8535925,2.93356394962
Linear Regression,5,5,70,2.9729753,3.01273660002
Linear Regression,5,5,86,3.6309855,3.78892130313
Linear Regression,5,5,90,3.993603,2.96575621192
Linear Regression,5,5,94,4.6844434,4.89203797863
Linear Regression,5,5,97,5.5829322,4.10456213661
Decision Tree,5,5,8,0.8544153,1.71502574375
Decision Tree,5,5,15,1.3987169,2.7400971125
Decision Tree,5,5,22,1.6582281,2.7400971125
Decision Tree,5,5,25,1.7316555,1.71502574375
Decision Tree,5,5,42,2.3075726,2.7400971125
Decision Tree,5,5,49,2.5915164,2.7400971125
Decision Tree,5,5,51,2.6567569,2.4465092
Decision Tree,5,5,52,2.677591,2.7400971125
Decision Tree,5,5,53,2.6844403,1.71502574375
Decision Tree,5,5,54,2.6912431,2.7400971125
Decision Tree,5,5,58,2.7942279,1.71502574375
Decision Tree,5,5,60,2.8124102,2.4465092
Decision Tree,5,5,62,2.8535925,2.7400971125
Decision Tree,5,5,63,2.8535925,3.33173582222
Decision Tree,5,5,70,2.9729753,2.7400971125
Decision Tree,5,5,86,3.6309855,4.0421806125
Decision Tree,5,5,90,3.993603,2.7400971125
Decision Tree,5,5,94,4.6844434,4.0421806125
Decision Tree,5,5,97,5.5829322,4.0421806125
Random Forest,5,5,8,0.8544153,1.76398517586
Random Forest,5,5,15,1.3987169,2.18912574569
Random Forest,5,5,22,1.6582281,2.96669408472
Random Forest,5,5,25,1.7316555,1.99015781745
Random Forest,5,5,42,2.3075726,2.19181066421
Random Forest,5,5,49,2.5915164,2.36079639212
Random Forest,5,5,51,2.6567569,2.23568046921
Random Forest,5,5,52,2.677591,2.53677115027
Random Forest,5,5,53,2.6844403,2.13088370596
Random Forest,5,5,54,2.6912431,2.88444960221
Random Forest,5,5,58,2.7942279,1.97325816829
Random Forest,5,5,60,2.8124102,2.36325244047
Random Forest,5,5,62,2.8535925,3.04547529543
Random Forest,5,5,63,2.8535925,3.55799142501
Random Forest,5,5,70,2.9729753,2.54699104242
Random Forest,5,5,86,3.6309855,3.8392911527
Random Forest,5,5,90,3.993603,2.88415996901
Random Forest,5,5,94,4.6844434,3.80779812035
Random Forest,5,5,97,5.5829322,3.74238871285
Gradient Boosting,5,5,8,0.8544153,1.87343699531
Gradient Boosting,5,5,15,1.3987169,2.35084971789
Gradient Boosting,5,5,22,1.6582281,2.71767522428
Gradient Boosting,5,5,25,1.7316555,2.21799591697
Gradient Boosting,5,5,42,2.3075726,2.8642852228
Gradient Boosting,5,5,49,2.5915164,2.32502059474
Gradient Boosting,5,5,51,2.6567569,2.3558279041
Gradient Boosting,5,5,52,2.677591,2.5560237028
Gradient Boosting,5,5,53,2.6844403,1.79112409269
Gradient Boosting,5,5,54,2.6912431,2.88940637662
Gradient Boosting,5,5,58,2.7942279,2.39044930213
Gradient Boosting,5,5,60,2.8124102,2.41486882587
Gradient Boosting,5,5,62,2.8535925,3.14091923135
Gradient Boosting,5,5,63,2.8535925,3.17716809894
Gradient Boosting,5,5,70,2.9729753,2.51675653418
Gradient Boosting,5,5,86,3.6309855,3.85099752021
Gradient Boosting,5,5,90,3.993603,3.01514831246
Gradient Boosting,5,5,94,4.6844434,3.96579753776
Gradient Boosting,5,5,97,5.5829322,3.70977519997
MLP (L-BFGS),5,5,8,0.8544153,2.26728437076
MLP (L-BFGS),5,5,15,1.3987169,2.26268153789
MLP (L-BFGS),5,5,22,1.6582281,3.03030237551
MLP (L-BFGS),5,5,25,1.7316555,1.99358329331
MLP (L-BFGS),5,5,42,2.3075726,1.95046902283
MLP (L-BFGS),5,5,49,2.5915164,2.9585750533
MLP (L-BFGS),5,5,51,2.6567569,3.15413017416
MLP (L-BFGS),5,5,52,2.677591,3.29532397372
MLP (L-BFGS),5,5,53,2.6844403,1.64640349699
MLP (L-BFGS),5,5,54,2.6912431,2.56434039063
MLP (L-BFGS),5,5,58,2.7942279,3.06981018442
MLP (L-BFGS),5,5,60,2.8124102,3.17521320224
MLP (L-BFGS),5,5,62,2.8535925,3.25655613804
MLP (L-BFGS),5,5,63,2.8535925,2.97427367498
MLP (L-BFGS),5,5,70,2.9729753,2.53302009793
MLP (L-BFGS),5,5,86,3.6309855,4.11675954391
MLP (L-BFGS),5,5,90,3.993603,3.21109149047
MLP (L-BFGS),5,5,94,4.6844434,5.66461081885
MLP (L-BFGS),5,5,97,5.5829322,3.09647295744
Ridge,5,5,8,0.8544153,2.24528007936
Ridge,5,5,15,1.3987169,2.17749874084
Ridge,5,5,22,1.6582281,2.86873693971
Ridge,5,5,25,1.7316555,1.83124407828
Ridge,5,5,42,2.3075726,2.22568110501
Ridge,5,5,49,2.5915164,2.90686309217
Ridge,5,5,51,2.6567569,2.31017044896
Ridge,5,5,52,2.677591,3.10867988743
Ridge,5,5,53,2.6844403,2.16930644571
Ridge,5,5,54,2.6912431,3.1229032414
Ridge,5,5,58,2.7942279,2.49315508274
Ridge,5,5,60,2.8124102,2.71425846838
Ridge,5,5,62,2.8535925,3.52142775344
Ridge,5,5,63,2.8535925,2.94496454137
Ridge,5,5,70,2.9729753,3.01246670414
Ridge,5,5,86,3.6309855,3.77917037681
Ridge,5,5,90,3.993603,2.97057377603
Ridge,5,5,94,4.6844434,4.84448367143
Ridge,5,5,97,5.5829322,4.10651829876
Lasso,5,5,8,0.8544153,2.11470376385
Lasso,5,5,15,1.3987169,2.16878693468
Lasso,5,5,22,1.6582281,2.84809602998
Lasso,5,5,25,1.7316555,1.90307821283
Lasso,5,5,42,2.3075726,2.29592010522
Lasso,5,5,49,2.5915164,2.57909704834
Lasso,5,5,51,2.6567569,2.2816563051
Lasso,5,5,52,2.677591,2.93356951893
Lasso,5,5,53,2.6844403,2.08349540035
Lasso,5,5,54,2.6912431,3.12864210333
Lasso,5,5,58,2.7942279,2.1846555541
Lasso,5,5,60,2.8124102,2.47395229934
Lasso,5,5,62,2.8535925,3.37786977241
Lasso,5,5,63,2.8535925,3.02214803789
Lasso,5,5,70,2.9729753,2.92855835745
Lasso,5,5,86,3.6309855,3.73969966259
Lasso,5,5,90,3.993603,2.96885634479
Lasso,5,5,94,4.6844434,4.38804606236
Lasso,5,5,97,5.5829322,4.12149544619
Mean baseline,5,5,8,0.8544153,2.39708498205
Mean baseline,5,5,15,1.3987169,2.39708498205
Mean baseline,5,5,22,1.6582281,2.39708498205
Mean baseline,5,5,25,1.7316555,2.39708498205
Mean baseline,5,5,42,2.3075726,2.39708498205
Mean baseline,5,5,49,2.5915164,2.39708498205
Mean baseline,5,5,51,2.6567569,2.39708498205
Mean baseline,5,5,52,2.677591,2.39708498205
Mean baseline,5,5,53,2.6844403,2.39708498205
Mean baseline,5,5,54,2.6912431,2.39708498205
Mean baseline,5,5,58,2.7942279,2.39708498205
Mean baseline,5,5,60,2.8124102,2.39708498205
Mean baseline,5,5,62,2.8535925,2.39708498205
Mean baseline,5,5,63,2.8535925,2.39708498205
Mean baseline,5,5,70,2.9729753,2.39708498205
Mean baseline,5,5,86,3.6309855,2.39708498205
Mean baseline,5,5,90,3.993603,2.39708498205
Mean baseline,5,5,94,4.6844434,2.39708498205
Mean baseline,5,5,97,5.5829322,2.39708498205
Linear Regression,6,1,1,-0.4307829,0.855448108317
Linear Regression,6,1,5,0.3715636,1.8045052246
Linear Regression,6,1,6,0.7654678,0.865255228123
Linear Regression,6,1,14,1.3480731,1.9813820842
Linear Regression,6,1,15,1.3987169,2.09004684556
Linear Regression,6,1,30,1.8946169,2.1712475239
Linear Regression,6,1,31,1.9242487,2.03806011722
Linear Regression,6,1,42,2.3075726,2.38242480988
Linear Regression,6,1,47,2.5687881,4.21817731354
Linear Regression,6,1,49,2.5915164,2.6760793268
Linear Regression,6,1,52,2.677591,3.00029607481
Linear Regression,6,1,56,2.7180005,2.95290872379
Linear Regression,6,1,57,2.7880929,1.61760509191
Linear Regression,6,1,58,2.7942279,2.23683955029
Linear Regression,6,1,63,2.8535925,3.20418446523
Linear Regression,6,1,66,2.8875901,2.69639107399
Linear Regression,6,1,68,2.9626924,3.07492035417
Linear Regression,6,1,76,3.3375474,3.6071943274
Linear Regression,6,1,83,3.5652984,3.67667547974
Linear Regression,6,1,97,5.5829322,3.97155416795
Decision Tree,6,1,1,-0.4307829,0.725781442857
Decision Tree,6,1,5,0.3715636,2.2268692383
Decision Tree,6,1,6,0.7654678,0.725781442857
Decision Tree,6,1,14,1.3480731,2.2268692383
Decision Tree,6,1,15,1.3987169,2.2268692383
Decision Tree,6,1,30,1.8946169,3.40736227143
Decision Tree,6,1,31,1.9242487,2.2268692383
Decision Tree,6,1,42,2.3075726,2.2268692383
Decision Tree,6,1,47,2.5687881,3.40736227143
Decision Tree,6,1,49,2.5915164,2.2268692383
Decision Tree,6,1,52,2.677591,2.2268692383
Decision Tree,6,1,56,2.7180005,2.2268692383
Decision Tree,6,1,57,2.7880929,2.2268692383
Decision Tree,6,1,58,2.7942279,2.2268692383
Decision Tree,6,1,63,2.8535925,3.40736227143
Decision Tree,6,1,66,2.8875901,2.2268692383
Decision Tree,6,1,68,2.9626924,2.2268692383
Decision Tree,6,1,76,3.3375474,4.14614737778
Decision Tree,6,1,83,3.5652984,3.40736227143
Decision Tree,6,1,97,5.5829322,4.14614737778
Random Forest,6,1,1,-0.4307829,0.910633606323
Random Forest,6,1,5,0.3715636,1.62721136185
Random Forest,6,1,6,0.7654678,0.658696227509
Random Forest,6,1,14,1.3480731,2.10330199756
Random Forest,6,1,15,1.3987169,2.17285921779
Random Forest,6,1,30,1.8946169,2.71118572684
Random Forest,6,1,31,1.9242487,2.1780583701
Random Forest,6,1,42,2.3075726,2.38654050919
Random Forest,6,1,47,2.5687881,3.65107708911
Random Forest,6,1,49,2.5915164,2.25486708383
Random Forest,6,1,52,2.677591,2.68443726611
Random Forest,6,1,56,2.7180005,2.6148229149
Random Forest,6,1,57,2.7880929,2.03531367655
Random Forest,6,1,58,2.7942279,2.03715496407
Random Forest,6,1,63,2.8535925,3.52573383529
Random Forest,6,1,66,2.8875901,2.67707464465
Random Forest,6,1,68,2.9626924,2.8906189355
Random Forest,6,1,76,3.3375474,4.00361979719
Random Forest,6,1,83,3.5652984,3.40086085961
Random Forest,6,1,97,5.5829322,4.0398176262
Gradient Boosting,6,1,1,-0.4307829,1.10403597645
Gradient Boosting,6,1,5,0.3715636,1.70068852198
Gradient Boosting,6,1,6,0.7654678,1.1265089538
Gradient Boosting,6,1,14,1.3480731,2.13615626028
Gradient Boosting,6,1,15,1.3987169,2.6520941343
Gradient Boosting,6,1,30,1.8946169,2.72291412745
Gradient Boosting,6,1,31,1.9242487,2.31652749595
Gradient Boosting,6,1,42,2.3075726,2.3788101371
Gradient Boosting,6,1,47,2.5687881,3.75718694612
Gradient Boosting,6,1,49,2.5915164,2.73681156521
Gradient Boosting,6,1,52,2.677591,2.77942801579
Gradient Boosting,6,1,56,2.7180005,2.74081600216
Gradient Boosting,6,1,57,2.7880929,2.07404187038
Gradient Boosting,6,1,58,2.7942279,2.40123294011
Gradient Boosting,6,1,63,2.8535925,3.20294549873
Gradient Boosting,6,1,66,2.8875901,2.67270125419
Gradient Boosting,6,1,68,2.9626924,2.72693301362
Gradient Boosting,6,1,76,3.3375474,3.83407811602
Gradient Boosting,6,1,83,3.5652984,3.41182830008
Gradient Boosting,6,1,97,5.5829322,3.77527806128
MLP (L-BFGS),6,1,1,-0.4307829,1.21100297541
MLP (L-BFGS),6,1,5,0.3715636,1.49015357718
MLP (L-BFGS),6,1,6,0.7654678,0.676915262817
MLP (L-BFGS),6,1,14,1.3480731,1.8888116212
MLP (L-BFGS),6,1,15,1.3987169,2.21664922258
MLP (L-BFGS),6,1,30,1.8946169,2.0173129337
MLP (L-BFGS),6,1,31,1.9242487,2.14850301587
MLP (L-BFGS),6,1,42,2.3075726,2.1270695588
MLP (L-BFGS),6,1,47,2.5687881,3.34736845068
MLP (L-BFGS),6,1,49,2.5915164,2.86050279351
MLP (L-BFGS),6,1,52,2.677591,3.24900944958
MLP (L-BFGS),6,1,56,2.7180005,2.68528577057
MLP (L-BFGS),6,1,57,2.7880929,2.86862387897
MLP (L-BFGS),6,1,58,2.7942279,1.91744401809
MLP (L-BFGS),6,1,63,2.8535925,2.69439411167
MLP (L-BFGS),6,1,66,2.8875901,2.58921430507
MLP (L-BFGS),6,1,68,2.9626924,2.46027794938
MLP (L-BFGS),6,1,76,3.3375474,3.82149648956
MLP (L-BFGS),6,1,83,3.5652984,3.62637597344
MLP (L-BFGS),6,1,97,5.5829322,3.01502526023
Ridge,6,1,1,-0.4307829,0.866998511177
Ridge,6,1,5,0.3715636,1.80374026264
Ridge,6,1,6,0.7654678,0.881266420996
Ridge,6,1,14,1.3480731,1.97929102863
Ridge,6,1,15,1.3987169,2.09748398705
Ridge,6,1,30,1.8946169,2.19988605426
Ridge,6,1,31,1.9242487,2.04620126572
Ridge,6,1,42,2.3075726,2.37672222046
Ridge,6,1,47,2.5687881,4.22479938648
Ridge,6,1,49,2.5915164,2.64539020786
Ridge,6,1,52,2.677591,2.97735279097
Ridge,6,1,56,2.7180005,2.9364229593
Ridge,6,1,57,2.7880929,1.63884982913
Ridge,6,1,58,2.7942279,2.22224515803
Ridge,6,1,63,2.8535925,3.21403489703
Ridge,6,1,66,2.8875901,2.69122012977
Ridge,6,1,68,2.9626924,3.06842049651
Ridge,6,1,76,3.3375474,3.60985550688
Ridge,6,1,83,3.5652984,3.66752944466
Ridge,6,1,97,5.5829322,3.98292502967
Lasso,6,1,1,-0.4307829,0.943003261229
Lasso,6,1,5,0.3715636,1.89503044557
Lasso,6,1,6,0.7654678,0.930368481883
Lasso,6,1,14,1.3480731,2.08073681525
Lasso,6,1,15,1.3987169,2.15688389729
Lasso,6,1,30,1.8946169,2.66932989476
Lasso,6,1,31,1.9242487,2.05403415635
Lasso,6,1,42,2.3075726,2.40005528455
Lasso,6,1,47,2.5687881,4.12240712841
Lasso,6,1,49,2.5915164,2.40574124463
Lasso,6,1,52,2.677591,2.78794202289
Lasso,6,1,56,2.7180005,2.69198473836
Lasso,6,1,57,2.7880929,1.77261431459
Lasso,6,1,58,2.7942279,1.97595280861
Lasso,6,1,63,2.8535925,3.29917056929
Lasso,6,1,66,2.8875901,2.5758464676
Lasso,6,1,68,2.9626924,3.02216339457
Lasso,6,1,76,3.3375474,3.72539376371
Lasso,6,1,83,3.5652984,3.68344908526
Lasso,6,1,97,5.5829322,4.12695619671
Mean baseline,6,1,1,-0.4307829,2.51293741169
Mean baseline,6,1,5,0.3715636,2.51293741169
Mean baseline,6,1,6,0.7654678,2.51293741169
Mean baseline,6,1,14,1.3480731,2.51293741169
Mean baseline,6,1,15,1.3987169,2.51293741169
Mean baseline,6,1,30,1.8946169,2.51293741169
Mean baseline,6,1,31,1.9242487,2.51293741169
Mean baseline,6,1,42,2.3075726,2.51293741169
Mean baseline,6,1,47,2.5687881,2.51293741169
Mean baseline,6,1,49,2.5915164,2.51293741169
Mean baseline,6,1,52,2.677591,2.51293741169
Mean baseline,6,1,56,2.7180005,2.51293741169
Mean baseline,6,1,57,2.7880929,2.51293741169
Mean baseline,6,1,58,2.7942279,2.51293741169
Mean baseline,6,1,63,2.8535925,2.51293741169
Mean baseline,6,1,66,2.8875901,2.51293741169
Mean baseline,6,1,68,2.9626924,2.51293741169
Mean baseline,6,1,76,3.3375474,2.51293741169
Mean baseline,6,1,83,3.5652984,2.51293741169
Mean baseline,6,1,97,5.5829322,2.51293741169
Linear Regression,6,2,3,-0.1625189,0.277072822034
Linear Regression,6,2,17,1.4701758,1.30726070349
Linear Regression,6,2,18,1.4929041,2.5580404666
Linear Regression,6,2,19,1.5581446,1.15405669111
Linear Regression,6,2,20,1.5993876,1.83305567264
Linear Regression,6,2,22,1.6582281,2.80064857612
Linear Regression,6,2,23,1.6956156,0.988495640815
Linear Regression,6,2,27,1.8000583,2.0070164123
Linear Regression,6,2,28,1.8164521,1.67164266574
Linear Regression,6,2,38,2.1916535,0.782798974057
Linear Regression,6,2,39,2.2137539,4.06472910431
Linear Regression,6,2,54,2.6912431,3.2706258546
Linear Regression,6,2,55,2.7047113,3.20525607763
Linear Regression,6,2,59,2.8063861,2.22568673893
Linear Regression,6,2,70,2.9729753,3.10369989794
Linear Regression,6,2,71,3.0130809,3.23049352406
Linear Regression,6,2,73,3.0563569,2.68287565606
Linear Regression,6,2,77,3.3928291,3.55881426117
Linear Regression,6,2,91,4.029806,3.50709082206
Linear Regression,6,2,95,5.1431245,3.50535489163
Decision Tree,6,2,3,-0.1625189,2.73065490417
Decision Tree,6,2,17,1.4701758,2.73065490417
Decision Tree,6,2,18,1.4929041,2.52421480833
Decision Tree,6,2,19,1.5581446,0.38731895
Decision Tree,6,2,20,1.5993876,2.52421480833
Decision Tree,6,2,22,1.6582281,2.73065490417
Decision Tree,6,2,23,1.6956156,0.38731895
Decision Tree,6,2,27,1.8000583,2.73065490417
Decision Tree,6,2,28,1.8164521,2.73065490417
Decision Tree,6,2,38,2.1916535,2.73065490417
Decision Tree,6,2,39,2.2137539,3.402829
Decision Tree,6,2,54,2.6912431,2.73065490417
Decision Tree,6,2,55,2.7047113,1.67362916667
Decision Tree,6,2,59,2.8063861,2.73065490417
Decision Tree,6,2,70,2.9729753,2.52421480833
Decision Tree,6,2,71,3.0130809,2.73065490417
Decision Tree,6,2,73,3.0563569,2.73065490417
Decision Tree,6,2,77,3.3928291,2.73065490417
Decision Tree,6,2,91,4.029806,2.52421480833
Decision Tree,6,2,95,5.1431245,4.294770525
Random Forest,6,2,3,-0.1625189,1.62694943981
Random Forest,6,2,17,1.4701758,1.8963695214
Random Forest,6,2,18,1.4929041,2.74491010167
Random Forest,6,2,19,1.5581446,0.632305082303
Random Forest,6,2,20,1.5993876,2.29428514933
Random Forest,6,2,22,1.6582281,3.02348082628
Random Forest,6,2,23,1.6956156,0.635036390764
Random Forest,6,2,27,1.8000583,2.41113739169
Random Forest,6,2,28,1.8164521,2.23562612203
Random Forest,6,2,38,2.1916535,1.88900738663
Random Forest,6,2,39,2.2137539,3.5056703828
Random Forest,6,2,54,2.6912431,3.03321865587
Random Forest,6,2,55,2.7047113,3.18685537235
Random Forest,6,2,59,2.8063861,2.50108331649
Random Forest,6,2,70,2.9729753,2.49374846704
Random Forest,6,2,71,3.0130809,3.06701346497
Random Forest,6,2,73,3.0563569,2.7967985076
Random Forest,6,2,77,3.3928291,3.09552294732
Random Forest,6,2,91,4.029806,3.61073464689
Random Forest,6,2,95,5.1431245,3.81793620833
Gradient Boosting,6,2,3,-0.1625189,1.89512753473
Gradient Boosting,6,2,17,1.4701758,2.02524803454
Gradient Boosting,6,2,18,1.4929041,2.6860208164
Gradient Boosting,6,2,19,1.5581446,0.737209612848
Gradient Boosting,6,2,20,1.5993876,2.56532810756
Gradient Boosting,6,2,22,1.6582281,3.00174666278
Gradient Boosting,6,2,23,1.6956156,0.588757044375
Gradient Boosting,6,2,27,1.8000583,2.60664175486
Gradient Boosting,6,2,28,1.8164521,2.57587468714
Gradient Boosting,6,2,38,2.1916535,1.86992400061
Gradient Boosting,6,2,39,2.2137539,3.63639840204
Gradient Boosting,6,2,54,2.6912431,3.04564615052
Gradient Boosting,6,2,55,2.7047113,2.56790726284
Gradient Boosting,6,2,59,2.8063861,2.67761381012
Gradient Boosting,6,2,70,2.9729753,2.52125332102
Gradient Boosting,6,2,71,3.0130809,3.00423519402
Gradient Boosting,6,2,73,3.0563569,2.9345399582
Gradient Boosting,6,2,77,3.3928291,2.96113135333
Gradient Boosting,6,2,91,4.029806,3.47999015989
Gradient Boosting,6,2,95,5.1431245,3.73463052431
MLP (L-BFGS),6,2,3,-0.1625189,0.559384302105
MLP (L-BFGS),6,2,17,1.4701758,2.08444206246
MLP (L-BFGS),6,2,18,1.4929041,2.54991162238
MLP (L-BFGS),6,2,19,1.5581446,1.19385869498
MLP (L-BFGS),6,2,20,1.5993876,1.98627103774
MLP (L-BFGS),6,2,22,1.6582281,3.25901720663
MLP (L-BFGS),6,2,23,1.6956156,0.792163148885
MLP (L-BFGS),6,2,27,1.8000583,2.11161163383
MLP (L-BFGS),6,2,28,1.8164521,1.84372485693
MLP (L-BFGS),6,2,38,2.1916535,0.260963845871
MLP (L-BFGS),6,2,39,2.2137539,3.79235410942
MLP (L-BFGS),6,2,54,2.6912431,2.88442373848
MLP (L-BFGS),6,2,55,2.7047113,3.38527213745
MLP (L-BFGS),6,2,59,2.8063861,2.3375605219
MLP (L-BFGS),6,2,70,2.9729753,2.47713077208
MLP (L-BFGS),6,2,71,3.0130809,3.37293915573
MLP (L-BFGS),6,2,73,3.0563569,2.9735722939
MLP (L-BFGS),6,2,77,3.3928291,3.1362294417
MLP (L-BFGS),6,2,91,4.029806,4.19045073676
MLP (L-BFGS),6,2,95,5.1431245,3.52169451692
Ridge,6,2,3,-0.1625189,0.315481602739
Ridge,6,2,17,1.4701758,1.33963849643
Ridge,6,2,18,1.4929041,2.55566823768
Ridge,6,2,19,1.5581446,1.15758143992
Ridge,6,2,20,1.5993876,1.84420198074
Ridge,6,2,22,1.6582281,2.80860318934
Ridge,6,2,23,1.6956156,1.00716824884
Ridge,6,2,27,1.8000583,2.00469505097
Ridge,6,2,28,1.8164521,1.69213009323
Ridge,6,2,38,2.1916535,0.798417171329
Ridge,6,2,39,2.2137539,4.06319521944
Ridge,6,2,54,2.6912431,3.27588207904
Ridge,6,2,55,2.7047113,3.1675535224
Ridge,6,2,59,2.8063861,2.23282370268
Ridge,6,2,70,2.9729753,3.1087587426
Ridge,6,2,71,3.0130809,3.22606298396
Ridge,6,2,73,3.0563569,2.69681323385
Ridge,6,2,77,3.3928291,3.54911954494
Ridge,6,2,91,4.029806,3.46574954248
Ridge,6,2,95,5.1431245,3.50788305145
Lasso,6,2,3,-0.1625189,0.705464551817
Lasso,6,2,17,1.4701758,1.46957211821
Lasso,6,2,18,1.4929041,2.71703629308
Lasso,6,2,19,1.5581446,1.01339698904
Lasso,6,2,20,1.5993876,1.92529322616
Lasso,6,2,22,1.6582281,2.7929827588
Lasso,6,2,23,1.6956156,1.10236586364
Lasso,6,2,27,1.8000583,1.98421113392
Lasso,6,2,28,1.8164521,1.70417344687
Lasso,6,2,38,2.1916535,1.04426049286
Lasso,6,2,39,2.2137539,3.96201415427
Lasso,6,2,54,2.6912431,3.24667232141
Lasso,6,2,55,2.7047113,3.12624742338
Lasso,6,2,59,2.8063861,2.27509577796
Lasso,6,2,70,2.9729753,3.07814009587
Lasso,6,2,71,3.0130809,3.110888823
Lasso,6,2,73,3.0563569,2.78377262181
Lasso,6,2,77,3.3928291,3.43589175314
Lasso,6,2,91,4.029806,3.48668970562
Lasso,6,2,95,5.1431245,3.44343831185
Mean baseline,6,2,3,-0.1625189,2.50985921169
Mean baseline,6,2,17,1.4701758,2.50985921169
Mean baseline,6,2,18,1.4929041,2.50985921169
Mean baseline,6,2,19,1.5581446,2.50985921169
Mean baseline,6,2,20,1.5993876,2.50985921169
Mean baseline,6,2,22,1.6582281,2.50985921169
Mean baseline,6,2,23,1.6956156,2.50985921169
Mean baseline,6,2,27,1.8000583,2.50985921169
Mean baseline,6,2,28,1.8164521,2.50985921169
Mean baseline,6,2,38,2.1916535,2.50985921169
Mean baseline,6,2,39,2.2137539,2.50985921169
Mean baseline,6,2,54,2.6912431,2.50985921169
Mean baseline,6,2,55,2.7047113,2.50985921169
Mean baseline,6,2,59,2.8063861,2.50985921169
Mean baseline,6,2,70,2.9729753,2.50985921169
Mean baseline,6,2,71,3.0130809,2.50985921169
Mean baseline,6,2,73,3.0563569,2.50985921169
Mean baseline,6,2,77,3.3928291,2.50985921169
Mean baseline,6,2,91,4.029806,2.50985921169
Mean baseline,6,2,95,5.1431245,2.50985921169
Linear Regression,6,3,7,0.7654678,1.86864514865
Linear Regression,6,3,9,1.047319,1.39415419087
Linear Regression,6,3,11,1.2669476,1.59279945616
Linear Regression,6,3,21,1.6389967,2.03846914871
Linear Regression,6,3,25,1.7316555,1.78412208999
Linear Regression,6,3,36,2.0856721,2.84501758179
Linear Regression,6,3,37,2.1575593,2.16129011415
Linear Regression,6,3,41,2.2975726,1.81981939927
Linear Regression,6,3,45,2.5217206,2.2778084554
Linear Regression,6,3,48,2.5687881,2.56291422174
Linear Regression,6,3,53,2.6844403,1.97418566219
Linear Regression,6,3,60,2.8124102,2.53509339905
Linear Regression,6,3,64,2.8820035,3.66082203237
Linear Regression,6,3,72,3.0373539,1.86290307606
Linear Regression,6,3,75,3.2752562,3.85660196705
Linear Regression,6,3,79,3.4578927,3.45237304643
Linear Regression,6,3,87,3.6800909,2.92048973946
Linear Regression,6,3,89,3.9843437,4.51324686151
Linear Regression,6,3,96,5.477509,3.95087495526
Decision Tree,6,3,7,0.7654678,1.95284868333
Decision Tree,6,3,9,1.047319,0.5459795
Decision Tree,6,3,11,1.2669476,2.65221737241
Decision Tree,6,3,21,1.6389967,1.95284868333
Decision Tree,6,3,25,1.7316555,2.65221737241
Decision Tree,6,3,36,2.0856721,2.65221737241
Decision Tree,6,3,37,2.1575593,2.65221737241
Decision Tree,6,3,41,2.2975726,1.95284868333
Decision Tree,6,3,45,2.5217206,1.95284868333
Decision Tree,6,3,48,2.5687881,2.65221737241
Decision Tree,6,3,53,2.6844403,2.65221737241
Decision Tree,6,3,60,2.8124102,2.65221737241
Decision Tree,6,3,64,2.8820035,2.65221737241
Decision Tree,6,3,72,3.0373539,1.95284868333
Decision Tree,6,3,75,3.2752562,4.1873371375
Decision Tree,6,3,79,3.4578927,3.26459135556
Decision Tree,6,3,87,3.6800909,2.65221737241
Decision Tree,6,3,89,3.9843437,4.1873371375
Decision Tree,6,3,96,5.477509,4.1873371375
Random Forest,6,3,7,0.7654678,1.65164432667
Random Forest,6,3,9,1.047319,0.615444279197
Random Forest,6,3,11,1.2669476,1.76411546485
Random Forest,6,3,21,1.6389967,1.81366680221
Random Forest,6,3,25,1.7316555,2.09322394546
Random Forest,6,3,36,2.0856721,2.61618024657
Random Forest,6,3,37,2.1575593,2.56549405826
Random Forest,6,3,41,2.2975726,1.76580361728
Random Forest,6,3,45,2.5217206,2.17082129142
Random Forest,6,3,48,2.5687881,2.73678726198
Random Forest,6,3,53,2.6844403,2.19244901792
Random Forest,6,3,60,2.8124102,2.56655104648
Random Forest,6,3,64,2.8820035,2.96703678262
Random Forest,6,3,72,3.0373539,2.08703396872
Random Forest,6,3,75,3.2752562,4.04509504378
Random Forest,6,3,79,3.4578927,3.29126169509
Random Forest,6,3,87,3.6800909,2.62784255209
Random Forest,6,3,89,3.9843437,3.88709144685
Random Forest,6,3,96,5.477509,3.75735432085
Gradient Boosting,6,3,7,0.7654678,1.51285111681
Gradient Boosting,6,3,9,1.047319,0.602904865227
Gradient Boosting,6,3,11,1.2669476,1.8643579104
Gradient Boosting,6,3,21,1.6389967,1.92374860714
Gradient Boosting,6,3,25,1.7316555,2.18479673024
Gradient Boosting,6,3,36,2.0856721,2.63048041666
Gradient Boosting,6,3,37,2.1575593,2.54527208954
Gradient Boosting,6,3,41,2.2975726,1.55308971526
Gradient Boosting,6,3,45,2.5217206,2.10298100875
Gradient Boosting,6,3,48,2.5687881,2.64007244643
Gradient Boosting,6,3,53,2.6844403,1.95671557229
Gradient Boosting,6,3,60,2.8124102,2.66341409805
Gradient Boosting,6,3,64,2.8820035,3.01056794225
Gradient Boosting,6,3,72,3.0373539,2.06646503861
Gradient Boosting,6,3,75,3.2752562,4.32971971497
Gradient Boosting,6,3,79,3.4578927,3.19165645699
Gradient Boosting,6,3,87,3.6800909,2.66150431073
Gradient Boosting,6,3,89,3.9843437,4.04211951079
Gradient Boosting,6,3,96,5.477509,3.99934276308
MLP (L-BFGS),6,3,7,0.7654678,1.77334523305
MLP (L-BFGS),6,3,9,1.047319,1.4748123309
MLP (L-BFGS),6,3,11,1.2669476,1.57631301662
MLP (L-BFGS),6,3,21,1.6389967,1.53421761338
MLP (L-BFGS),6,3,25,1.7316555,1.82524633837
MLP (L-BFGS),6,3,36,2.0856721,2.59147134535
MLP (L-BFGS),6,3,37,2.1575593,2.35164058373
MLP (L-BFGS),6,3,41,2.2975726,1.20966965174
MLP (L-BFGS),6,3,45,2.5217206,2.56577836923
MLP (L-BFGS),6,3,48,2.5687881,2.62769928291
MLP (L-BFGS),6,3,53,2.6844403,1.82849218214
MLP (L-BFGS),6,3,60,2.8124102,2.51969462358
MLP (L-BFGS),6,3,64,2.8820035,2.74517400244
MLP (L-BFGS),6,3,72,3.0373539,2.42038892134
MLP (L-BFGS),6,3,75,3.2752562,4.08930903255
MLP (L-BFGS),6,3,79,3.4578927,3.39172774779
MLP (L-BFGS),6,3,87,3.6800909,2.65753958175
MLP (L-BFGS),6,3,89,3.9843437,4.33872136952
MLP (L-BFGS),6,3,96,5.477509,3.47204112225
Ridge,6,3,7,0.7654678,1.86738902362
Ridge,6,3,9,1.047319,1.39877112207
Ridge,6,3,11,1.2669476,1.60112139003
Ridge,6,3,21,1.6389967,2.03143869514
Ridge,6,3,25,1.7316555,1.78881572986
Ridge,6,3,36,2.0856721,2.83030509668
Ridge,6,3,37,2.1575593,2.19711235215
Ridge,6,3,41,2.2975726,1.81516588403
Ridge,6,3,45,2.5217206,2.2773903695
Ridge,6,3,48,2.5687881,2.56155123272
Ridge,6,3,53,2.6844403,1.9816979998
Ridge,6,3,60,2.8124102,2.51924306153
Ridge,6,3,64,2.8820035,3.66011808045
Ridge,6,3,72,3.0373539,1.86537347407
Ridge,6,3,75,3.2752562,3.85641348669
Ridge,6,3,79,3.4578927,3.45940808965
Ridge,6,3,87,3.6800909,2.89426717808
Ridge,6,3,89,3.9843437,4.50700158079
Ridge,6,3,96,5.477509,3.93421685303
Lasso,6,3,7,0.7654678,1.92350155565
Lasso,6,3,9,1.047319,1.32206557561
Lasso,6,3,11,1.2669476,1.75803445146
Lasso,6,3,21,1.6389967,2.10095589309
Lasso,6,3,25,1.7316555,1.86150612322
Lasso,6,3,36,2.0856721,2.65506640995
Lasso,6,3,37,2.1575593,2.3319210073
Lasso,6,3,41,2.2975726,1.67377032669
Lasso,6,3,45,2.5217206,2.24608486063
Lasso,6,3,48,2.5687881,2.50050087669
Lasso,6,3,53,2.6844403,1.93646621378
Lasso,6,3,60,2.8124102,2.36544911211
Lasso,6,3,64,2.8820035,3.51558626535
Lasso,6,3,72,3.0373539,1.97663894769
Lasso,6,3,75,3.2752562,3.89463587106
Lasso,6,3,79,3.4578927,3.54429975506
Lasso,6,3,87,3.6800909,2.76399277213
Lasso,6,3,89,3.9843437,4.41302004471
Lasso,6,3,96,5.477509,3.81422365655
Mean baseline,6,3,7,0.7654678,2.44910932692
Mean baseline,6,3,9,1.047319,2.44910932692
Mean baseline,6,3,11,1.2669476,2.44910932692
Mean baseline,6,3,21,1.6389967,2.44910932692
Mean baseline,6,3,25,1.7316555,2.44910932692
Mean baseline,6,3,36,2.0856721,2.44910932692
Mean baseline,6,3,37,2.1575593,2.44910932692
Mean baseline,6,3,41,2.2975726,2.44910932692
Mean baseline,6,3,45,2.5217206,2.44910932692
Mean baseline,6,3,48,2.5687881,2.44910932692
Mean baseline,6,3,53,2.6844403,2.44910932692
Mean baseline,6,3,60,2.8124102,2.44910932692
Mean baseline,6,3,64,2.8820035,2.44910932692
Mean baseline,6,3,72,3.0373539,2.44910932692
Mean baseline,6,3,75,3.2752562,2.44910932692
Mean baseline,6,3,79,3.4578927,2.44910932692
Mean baseline,6,3,87,3.6800909,2.44910932692
Mean baseline,6,3,89,3.9843437,2.44910932692
Mean baseline,6,3,96,5.477509,2.44910932692
Linear Regression,6,4,8,0.8544153,2.16733682374
Linear Regression,6,4,10,1.047319,1.25653327403
Linear Regression,6,4,13,1.2669476,1.98505999949
Linear Regression,6,4,26,1.7664417,1.93031688308
Linear Regression,6,4,29,1.8484548,1.83726889189
Linear Regression,6,4,34,2.0215476,1.37717726871
Linear Regression,6,4,40,2.2772673,1.83771913158
Linear Regression,6,4,44,2.3749058,2.44856911726
Linear Regression,6,4,46,2.5533438,2.60493197572
Linear Regression,6,4,62,2.8535925,3.55128216997
Linear Regression,6,4,65,2.8820035,2.52117145824
Linear Regression,6,4,74,3.0750055,3.5661331501
Linear Regression,6,4,78,3.4355988,3.48223421056
Linear Regression,6,4,81,3.5160131,1.98679958469
Linear Regression,6,4,82,3.5307626,2.80750983546
Linear Regression,6,4,86,3.6309855,3.78084005199
Linear Regression,6,4,90,3.993603,3.11950679119
Linear Regression,6,4,92,4.1295508,4.24201171306
Linear Regression,6,4,93,4.3851468,3.78773017568
Decision Tree,6,4,8,0.8544153,1.89866491429
Decision Tree,6,4,10,1.047319,1.89866491429
Decision Tree,6,4,13,1.2669476,2.48755347778
Decision Tree,6,4,26,1.7664417,1.89866491429
Decision Tree,6,4,29,1.8484548,1.89866491429
Decision Tree,6,4,34,2.0215476,1.89866491429
Decision Tree,6,4,40,2.2772673,1.89866491429
Decision Tree,6,4,44,2.3749058,3.09433955385
Decision Tree,6,4,46,2.5533438,2.48755347778
Decision Tree,6,4,62,2.8535925,3.09433955385
Decision Tree,6,4,65,2.8820035,2.48755347778
Decision Tree,6,4,74,3.0750055,2.48755347778
Decision Tree,6,4,78,3.4355988,3.09433955385
Decision Tree,6,4,81,3.5160131,1.89866491429
Decision Tree,6,4,82,3.5307626,2.48755347778
Decision Tree,6,4,86,3.6309855,4.24663041111
Decision Tree,6,4,90,3.993603,3.09433955385
Decision Tree,6,4,92,4.1295508,2.48755347778
Decision Tree,6,4,93,4.3851468,4.24663041111
Random Forest,6,4,8,0.8544153,1.81162571192
Random Forest,6,4,10,1.047319,1.56974553534
Random Forest,6,4,13,1.2669476,2.46940338978
Random Forest,6,4,26,1.7664417,1.88740854185
Random Forest,6,4,29,1.8484548,2.30682781633
Random Forest,6,4,34,2.0215476,1.55993738588
Random Forest,6,4,40,2.2772673,1.8577025907
Random Forest,6,4,44,2.3749058,2.79137309762
Random Forest,6,4,46,2.5533438,2.26051159815
Random Forest,6,4,62,2.8535925,2.96125812853
Random Forest,6,4,65,2.8820035,2.29395588108
Random Forest,6,4,74,3.0750055,2.74052265744
Random Forest,6,4,78,3.4355988,2.96317010472
Random Forest,6,4,81,3.5160131,2.31364055414
Random Forest,6,4,82,3.5307626,2.74298230385
Random Forest,6,4,86,3.6309855,4.05246222086
Random Forest,6,4,90,3.993603,2.91636374956
Random Forest,6,4,92,4.1295508,2.98265703471
Random Forest,6,4,93,4.3851468,3.93997227653
Gradient Boosting,6,4,8,0.8544153,1.82151795951
Gradient Boosting,6,4,10,1.047319,1.39845788133
Gradient Boosting,6,4,13,1.2669476,2.34544436982
Gradient Boosting,6,4,26,1.7664417,2.0395978132
Gradient Boosting,6,4,29,1.8484548,2.27398119686
Gradient Boosting,6,4,34,2.0215476,1.50751302665
Gradient Boosting,6,4,40,2.2772673,1.63489595836
Gradient Boosting,6,4,44,2.3749058,2.67089916344
Gradient Boosting,6,4,46,2.5533438,2.42725109965
Gradient Boosting,6,4,62,2.8535925,2.96000048676
Gradient Boosting,6,4,65,2.8820035,2.30462030253
Gradient Boosting,6,4,74,3.0750055,2.96477427199
Gradient Boosting,6,4,78,3.4355988,2.96390018911
Gradient Boosting,6,4,81,3.5160131,2.19217446702
Gradient Boosting,6,4,82,3.5307626,2.37780125643
Gradient Boosting,6,4,86,3.6309855,3.67222998019
Gradient Boosting,6,4,90,3.993603,3.03603838723
Gradient Boosting,6,4,92,4.1295508,3.07946807101
Gradient Boosting,6,4,93,4.3851468,3.78670014544
MLP (L-BFGS),6,4,8,0.8544153,1.9226985204
MLP (L-BFGS),6,4,10,1.047319,0.836833911334
MLP (L-BFGS),6,4,13,1.2669476,1.63254206106
MLP (L-BFGS),6,4,26,1.7664417,1.91818335999
MLP (L-BFGS),6,4,29,1.8484548,2.36882396591
MLP (L-BFGS),6,4,34,2.0215476,0.912371931845
MLP (L-BFGS),6,4,40,2.2772673,2.14010767839
MLP (L-BFGS),6,4,44,2.3749058,2.23041128356
MLP (L-BFGS),6,4,46,2.5533438,2.42188533886
MLP (L-BFGS),6,4,62,2.8535925,3.00746484936
MLP (L-BFGS),6,4,65,2.8820035,2.20131115532
MLP (L-BFGS),6,4,74,3.0750055,3.22492021564
MLP (L-BFGS),6,4,78,3.4355988,3.80981020784
MLP (L-BFGS),6,4,81,3.5160131,1.90646263826
MLP (L-BFGS),6,4,82,3.5307626,2.83768940531
MLP (L-BFGS),6,4,86,3.6309855,4.23571329966
MLP (L-BFGS),6,4,90,3.993603,3.04837945848
MLP (L-BFGS),6,4,92,4.1295508,4.22357594955
MLP (L-BFGS),6,4,93,4.3851468,4.02093227761
Ridge,6,4,8,0.8544153,2.15384395919
Ridge,6,4,10,1.047319,1.26709398921
Ridge,6,4,13,1.2669476,1.98124329378
Ridge,6,4,26,1.7664417,1.91938082851
Ridge,6,4,29,1.8484548,1.84784387757
Ridge,6,4,34,2.0215476,1.38226500264
Ridge,6,4,40,2.2772673,1.84248708115
Ridge,6,4,44,2.3749058,2.4697262071
Ridge,6,4,46,2.5533438,2.57668062001
Ridge,6,4,62,2.8535925,3.54566509197
Ridge,6,4,65,2.8820035,2.50226432236
Ridge,6,4,74,3.0750055,3.53762480747
Ridge,6,4,78,3.4355988,3.45009287152
Ridge,6,4,81,3.5160131,1.99574932663
Ridge,6,4,82,3.5307626,2.82947718625
Ridge,6,4,86,3.6309855,3.77250760639
Ridge,6,4,90,3.993603,3.11149773588
Ridge,6,4,92,4.1295508,4.16523920748
Ridge,6,4,93,4.3851468,3.77138858886
Lasso,6,4,8,0.8544153,2.03933645117
Lasso,6,4,10,1.047319,1.44595079817
Lasso,6,4,13,1.2669476,2.04722135497
Lasso,6,4,26,1.7664417,2.0256882163
Lasso,6,4,29,1.8484548,1.90625109862
Lasso,6,4,34,2.0215476,1.42592606464
Lasso,6,4,40,2.2772673,1.79403789708
Lasso,6,4,44,2.3749058,2.64249937708
Lasso,6,4,46,2.5533438,2.3975596363
Lasso,6,4,62,2.8535925,3.36937418925
Lasso,6,4,65,2.8820035,2.57751427937
Lasso,6,4,74,3.0750055,3.05168988257
Lasso,6,4,78,3.4355988,3.34506180993
Lasso,6,4,81,3.5160131,2.08308575305
Lasso,6,4,82,3.5307626,2.91735941777
Lasso,6,4,86,3.6309855,3.75120622354
Lasso,6,4,90,3.993603,3.02337549853
Lasso,6,4,92,4.1295508,3.59632391495
Lasso,6,4,93,4.3851468,3.69629271375
Mean baseline,6,4,8,0.8544153,2.42257207949
Mean baseline,6,4,10,1.047319,2.42257207949
Mean baseline,6,4,13,1.2669476,2.42257207949
Mean baseline,6,4,26,1.7664417,2.42257207949
Mean baseline,6,4,29,1.8484548,2.42257207949
Mean baseline,6,4,34,2.0215476,2.42257207949
Mean baseline,6,4,40,2.2772673,2.42257207949
Mean baseline,6,4,44,2.3749058,2.42257207949
Mean baseline,6,4,46,2.5533438,2.42257207949
Mean baseline,6,4,62,2.8535925,2.42257207949
Mean baseline,6,4,65,2.8820035,2.42257207949
Mean baseline,6,4,74,3.0750055,2.42257207949
Mean baseline,6,4,78,3.4355988,2.42257207949
Mean baseline,6,4,81,3.5160131,2.42257207949
Mean baseline,6,4,82,3.5307626,2.42257207949
Mean baseline,6,4,86,3.6309855,2.42257207949
Mean baseline,6,4,90,3.993603,2.42257207949
Mean baseline,6,4,92,4.1295508,2.42257207949
Mean baseline,6,4,93,4.3851468,2.42257207949
Linear Regression,6,5,2,-0.1625189,0.627709816646
Linear Regression,6,5,4,-0.1625189,0.481651762601
Linear Regression,6,5,12,1.2669476,0.707393064057
Linear Regression,6,5,16,1.446919,1.87340724836
Linear Regression,6,5,24,1.7137979,2.57355371876
Linear Regression,6,5,32,2.008214,1.74298164197
Linear Regression,6,5,33,2.008214,1.87539146271
Linear Regression,6,5,35,2.0476928,0.98869299475
Linear Regression,6,5,43,2.3272777,1.98378322521
Linear Regression,6,5,50,2.5915164,2.04077524251
Linear Regression,6,5,51,2.6567569,2.28459970501
Linear Regression,6,5,61,2.8419982,2.08555806511
Linear Regression,6,5,67,2.9204698,2.97410480692
Linear Regression,6,5,69,2.9626924,1.1468366149
Linear Regression,6,5,80,3.5130369,3.17861563843
Linear Regression,6,5,84,3.5709402,3.40073184791
Linear Regression,6,5,85,3.5876769,2.64543838245
Linear Regression,6,5,88,3.7123518,2.99795161723
Linear Regression,6,5,94,4.6844434,4.83784847866
Decision Tree,6,5,2,-0.1625189,1.1173272
Decision Tree,6,5,4,-0.1625189,1.1173272
Decision Tree,6,5,12,1.2669476,1.1173272
Decision Tree,6,5,16,1.446919,2.11414000625
Decision Tree,6,5,24,1.7137979,2.8484768619
Decision Tree,6,5,32,2.008214,2.1446070625
Decision Tree,6,5,33,2.008214,2.8484768619
Decision Tree,6,5,35,2.0476928,1.1173272
Decision Tree,6,5,43,2.3272777,2.1446070625
Decision Tree,6,5,50,2.5915164,2.8484768619
Decision Tree,6,5,51,2.6567569,2.11414000625
Decision Tree,6,5,61,2.8419982,2.1446070625
Decision Tree,6,5,67,2.9204698,2.8484768619
Decision Tree,6,5,69,2.9626924,2.1446070625
Decision Tree,6,5,80,3.5130369,3.219404725
Decision Tree,6,5,84,3.5709402,3.219404725
Decision Tree,6,5,85,3.5876769,2.8484768619
Decision Tree,6,5,88,3.7123518,2.11414000625
Decision Tree,6,5,94,4.6844434,3.85719648
Random Forest,6,5,2,-0.1625189,1.02101005119
Random Forest,6,5,4,-0.1625189,1.00565622405
Random Forest,6,5,12,1.2669476,1.1802745567
Random Forest,6,5,16,1.446919,1.9259436139
Random Forest,6,5,24,1.7137979,2.80788789487
Random Forest,6,5,32,2.008214,1.83589699551
Random Forest,6,5,33,2.008214,2.22497082586
Random Forest,6,5,35,2.0476928,1.15428290321
Random Forest,6,5,43,2.3272777,2.09905338199
Random Forest,6,5,50,2.5915164,2.28564571288
Random Forest,6,5,51,2.6567569,2.41772082037
Random Forest,6,5,61,2.8419982,2.17027801942
Random Forest,6,5,67,2.9204698,2.94164863356
Random Forest,6,5,69,2.9626924,1.7162736462
Random Forest,6,5,80,3.5130369,3.34783828821
Random Forest,6,5,84,3.5709402,3.20145164209
Random Forest,6,5,85,3.5876769,2.77566612807
Random Forest,6,5,88,3.7123518,2.58259858497
Random Forest,6,5,94,4.6844434,3.9539616259
Gradient Boosting,6,5,2,-0.1625189,1.1173053208
Gradient Boosting,6,5,4,-0.1625189,1.1173053208
Gradient Boosting,6,5,12,1.2669476,1.27254856083
Gradient Boosting,6,5,16,1.446919,2.14707602699
Gradient Boosting,6,5,24,1.7137979,2.76797404578
Gradient Boosting,6,5,32,2.008214,2.06413041551
Gradient Boosting,6,5,33,2.008214,1.955338981
Gradient Boosting,6,5,35,2.0476928,1.32231110166
Gradient Boosting,6,5,43,2.3272777,2.19395225814
Gradient Boosting,6,5,50,2.5915164,2.16257845454
Gradient Boosting,6,5,51,2.6567569,2.52974293576
Gradient Boosting,6,5,61,2.8419982,2.19395225814
Gradient Boosting,6,5,67,2.9204698,2.85218569028
Gradient Boosting,6,5,69,2.9626924,1.9030648206
Gradient Boosting,6,5,80,3.5130369,3.00445999531
Gradient Boosting,6,5,84,3.5709402,3.14038067644
Gradient Boosting,6,5,85,3.5876769,2.68994911308
Gradient Boosting,6,5,88,3.7123518,2.78153126073
Gradient Boosting,6,5,94,4.6844434,4.23135187611
MLP (L-BFGS),6,5,2,-0.1625189,0.575999638893
MLP (L-BFGS),6,5,4,-0.1625189,0.43517452358
MLP (L-BFGS),6,5,12,1.2669476,0.525308917526
MLP (L-BFGS),6,5,16,1.446919,1.34934113854
MLP (L-BFGS),6,5,24,1.7137979,2.68657405262
MLP (L-BFGS),6,5,32,2.008214,1.55566878531
MLP (L-BFGS),6,5,33,2.008214,1.72796685862
MLP (L-BFGS),6,5,35,2.0476928,0.875806071661
MLP (L-BFGS),6,5,43,2.3272777,1.70746024226
MLP (L-BFGS),6,5,50,2.5915164,2.02771480178
MLP (L-BFGS),6,5,51,2.6567569,2.52380241151
MLP (L-BFGS),6,5,61,2.8419982,2.48374523776
MLP (L-BFGS),6,5,67,2.9204698,3.12695212969
MLP (L-BFGS),6,5,69,2.9626924,1.29692161356
MLP (L-BFGS),6,5,80,3.5130369,2.97394430999
MLP (L-BFGS),6,5,84,3.5709402,2.79347875563
MLP (L-BFGS),6,5,85,3.5876769,2.33366206989
MLP (L-BFGS),6,5,88,3.7123518,3.20164441477
MLP (L-BFGS),6,5,94,4.6844434,5.57718293508
Ridge,6,5,2,-0.1625189,0.658157714162
Ridge,6,5,4,-0.1625189,0.515760456962
Ridge,6,5,12,1.2669476,0.743279274529
Ridge,6,5,16,1.446919,1.86711747111
Ridge,6,5,24,1.7137979,2.57841791359
Ridge,6,5,32,2.008214,1.75311265548
Ridge,6,5,33,2.008214,1.87212897597
Ridge,6,5,35,2.0476928,1.01607790671
Ridge,6,5,43,2.3272777,1.99788292881
Ridge,6,5,50,2.5915164,2.0474434888
Ridge,6,5,51,2.6567569,2.27862215461
Ridge,6,5,61,2.8419982,2.10048168559
Ridge,6,5,67,2.9204698,2.97691945986
Ridge,6,5,69,2.9626924,1.18355710553
Ridge,6,5,80,3.5130369,3.16272399666
Ridge,6,5,84,3.5709402,3.40281443331
Ridge,6,5,85,3.5876769,2.65171667286
Ridge,6,5,88,3.7123518,2.98759534711
Ridge,6,5,94,4.6844434,4.79541597816
Lasso,6,5,2,-0.1625189,0.856286984635
Lasso,6,5,4,-0.1625189,0.73406396461
Lasso,6,5,12,1.2669476,0.923353099143
Lasso,6,5,16,1.446919,2.0383707978
Lasso,6,5,24,1.7137979,2.60782617457
Lasso,6,5,32,2.008214,1.81101881602
Lasso,6,5,33,2.008214,2.05042922119
Lasso,6,5,35,2.0476928,1.29978967182
Lasso,6,5,43,2.3272777,2.0649285068
Lasso,6,5,50,2.5915164,2.21392427339
Lasso,6,5,51,2.6567569,2.22609475384
Lasso,6,5,61,2.8419982,2.179455836
Lasso,6,5,67,2.9204698,2.9637507707
Lasso,6,5,69,2.9626924,1.42102722093
Lasso,6,5,80,3.5130369,3.09283330175
Lasso,6,5,84,3.5709402,3.26701959309
Lasso,6,5,85,3.5876769,2.61825973877
Lasso,6,5,88,3.7123518,2.90809726462
Lasso,6,5,94,4.6844434,4.34340929388
Mean baseline,6,5,2,-0.1625189,2.49830280897
Mean baseline,6,5,4,-0.1625189,2.49830280897
Mean baseline,6,5,12,1.2669476,2.49830280897
Mean baseline,6,5,16,1.446919,2.49830280897
Mean baseline,6,5,24,1.7137979,2.49830280897
Mean baseline,6,5,32,2.008214,2.49830280897
Mean baseline,6,5,33,2.008214,2.49830280897
Mean baseline,6,5,35,2.0476928,2.49830280897
Mean baseline,6,5,43,2.3272777,2.49830280897
Mean baseline,6,5,50,2.5915164,2.49830280897
Mean baseline,6,5,51,2.6567569,2.49830280897
Mean baseline,6,5,61,2.8419982,2.49830280897
Mean baseline,6,5,67,2.9204698,2.49830280897
Mean baseline,6,5,69,2.9626924,2.49830280897
Mean baseline,6,5,80,3.5130369,2.49830280897
Mean baseline,6,5,84,3.5709402,2.49830280897
Mean baseline,6,5,85,3.5876769,2.49830280897
Mean baseline,6,5,88,3.7123518,2.49830280897
Mean baseline,6,5,94,4.6844434,2.49830280897
Linear Regression,7,1,2,-0.1625189,0.583880318371
Linear Regression,7,1,11,1.2669476,1.29223451167
Linear Regression,7,1,32,2.008214,1.76248698212
Linear Regression,7,1,34,2.0215476,1.24462118158
Linear Regression,7,1,47,2.5687881,4.26433380187
Linear Regression,7,1,54,2.6912431,3.03788498776
Linear Regression,7,1,55,2.7047113,3.26782542087
Linear Regression,7,1,56,2.7180005,2.83959674748
Linear Regression,7,1,59,2.8063861,2.06286214865
Linear Regression,7,1,60,2.8124102,2.61402524339
Linear Regression,7,1,61,2.8419982,2.14217769839
Linear Regression,7,1,64,2.8820035,3.74061398607
Linear Regression,7,1,69,2.9626924,1.13002284691
Linear Regression,7,1,70,2.9729753,2.82327621277
Linear Regression,7,1,73,3.0563569,2.70272695321
Linear Regression,7,1,80,3.5130369,3.09339465819
Linear Regression,7,1,84,3.5709402,3.58742550738
Linear Regression,7,1,85,3.5876769,2.71279137033
Linear Regression,7,1,88,3.7123518,2.99565294682
Linear Regression,7,1,96,5.477509,4.18952547438
Decision Tree,7,1,2,-0.1625189,0.783094411111
Decision Tree,7,1,11,1.2669476,2.54526794615
Decision Tree,7,1,32,2.008214,2.54526794615
Decision Tree,7,1,34,2.0215476,1.92020787692
Decision Tree,7,1,47,2.5687881,3.31234995714
Decision Tree,7,1,54,2.6912431,2.54526794615
Decision Tree,7,1,55,2.7047113,4.22817618889
Decision Tree,7,1,56,2.7180005,2.54526794615
Decision Tree,7,1,59,2.8063861,2.54526794615
Decision Tree,7,1,60,2.8124102,2.54526794615
Decision Tree,7,1,61,2.8419982,2.54526794615
Decision Tree,7,1,64,2.8820035,2.54526794615
Decision Tree,7,1,69,2.9626924,0.783094411111
Decision Tree,7,1,70,2.9729753,2.54526794615
Decision Tree,7,1,73,3.0563569,2.54526794615
Decision Tree,7,1,80,3.5130369,3.31234995714
Decision Tree,7,1,84,3.5709402,3.31234995714
Decision Tree,7,1,85,3.5876769,2.54526794615
Decision Tree,7,1,88,3.7123518,1.92020787692
Decision Tree,7,1,96,5.477509,4.22817618889
Random Forest,7,1,2,-0.1625189,0.63100668778
Random Forest,7,1,11,1.2669476,1.65506223861
Random Forest,7,1,32,2.008214,1.88137882924
Random Forest,7,1,34,2.0215476,1.40088147492
Random Forest,7,1,47,2.5687881,3.54456107945
Random Forest,7,1,54,2.6912431,2.85740964113
Random Forest,7,1,55,2.7047113,3.6948115606
Random Forest,7,1,56,2.7180005,2.41623303097
Random Forest,7,1,59,2.8063861,2.114291932
Random Forest,7,1,60,2.8124102,2.45330245019
Random Forest,7,1,61,2.8419982,2.11376702092
Random Forest,7,1,64,2.8820035,3.10777483371
Random Forest,7,1,69,2.9626924,1.67515569603
Random Forest,7,1,70,2.9729753,2.39974805607
Random Forest,7,1,73,3.0563569,2.55838263618
Random Forest,7,1,80,3.5130369,3.38547604966
Random Forest,7,1,84,3.5709402,3.21511283758
Random Forest,7,1,85,3.5876769,2.6991240528
Random Forest,7,1,88,3.7123518,2.47535174964
Random Forest,7,1,96,5.477509,3.71260475838
Gradient Boosting,7,1,2,-0.1625189,0.795488571235
Gradient Boosting,7,1,11,1.2669476,1.85955974678
Gradient Boosting,7,1,32,2.008214,1.99343263427
Gradient Boosting,7,1,34,2.0215476,1.51072428877
Gradient Boosting,7,1,47,2.5687881,3.65064293663
Gradient Boosting,7,1,54,2.6912431,2.86148811567
Gradient Boosting,7,1,55,2.7047113,2.96488777716
Gradient Boosting,7,1,56,2.7180005,2.51375893375
Gradient Boosting,7,1,59,2.8063861,2.14733355468
Gradient Boosting,7,1,60,2.8124102,2.56771864822
Gradient Boosting,7,1,61,2.8419982,2.1216809529
Gradient Boosting,7,1,64,2.8820035,3.34903842553
Gradient Boosting,7,1,69,2.9626924,1.87026186987
Gradient Boosting,7,1,70,2.9729753,2.48810633197
Gradient Boosting,7,1,73,3.0563569,2.81086467816
Gradient Boosting,7,1,80,3.5130369,3.07146447585
Gradient Boosting,7,1,84,3.5709402,3.10353992098
Gradient Boosting,7,1,85,3.5876769,2.63655184272
Gradient Boosting,7,1,88,3.7123518,2.81426618439
Gradient Boosting,7,1,96,5.477509,3.80128896934
MLP (L-BFGS),7,1,2,-0.1625189,0.471725368658
MLP (L-BFGS),7,1,11,1.2669476,0.99356814603
MLP (L-BFGS),7,1,32,2.008214,1.63392509089
MLP (L-BFGS),7,1,34,2.0215476,0.866498831462
MLP (L-BFGS),7,1,47,2.5687881,4.06527119804
MLP (L-BFGS),7,1,54,2.6912431,2.59439214434
MLP (L-BFGS),7,1,55,2.7047113,3.76976479943
MLP (L-BFGS),7,1,56,2.7180005,2.73133124
MLP (L-BFGS),7,1,59,2.8063861,2.57718435009
MLP (L-BFGS),7,1,60,2.8124102,2.6981642383
MLP (L-BFGS),7,1,61,2.8419982,2.54992511167
MLP (L-BFGS),7,1,64,2.8820035,3.07127297095
MLP (L-BFGS),7,1,69,2.9626924,1.55473184603
MLP (L-BFGS),7,1,70,2.9729753,2.79787134872
MLP (L-BFGS),7,1,73,3.0563569,2.72902998836
MLP (L-BFGS),7,1,80,3.5130369,3.2365106132
MLP (L-BFGS),7,1,84,3.5709402,3.15329114689
MLP (L-BFGS),7,1,85,3.5876769,2.28270581203
MLP (L-BFGS),7,1,88,3.7123518,2.9617903112
MLP (L-BFGS),7,1,96,5.477509,3.99259794407
Ridge,7,1,2,-0.1625189,0.612114517928
Ridge,7,1,11,1.2669476,1.30834770885
Ridge,7,1,32,2.008214,1.76945540719
Ridge,7,1,34,2.0215476,1.25146727992
Ridge,7,1,47,2.5687881,4.26813156482
Ridge,7,1,54,2.6912431,3.04868412849
Ridge,7,1,55,2.7047113,3.22809762594
Ridge,7,1,56,2.7180005,2.82896372532
Ridge,7,1,59,2.8063861,2.07320286239
Ridge,7,1,60,2.8124102,2.59694163442
Ridge,7,1,61,2.8419982,2.15532011715
Ridge,7,1,64,2.8820035,3.7408047075
Ridge,7,1,69,2.9626924,1.16785941098
Ridge,7,1,70,2.9729753,2.83277291385
Ridge,7,1,73,3.0563569,2.71427542814
Ridge,7,1,80,3.5130369,3.08131496018
Ridge,7,1,84,3.5709402,3.58631989064
Ridge,7,1,85,3.5876769,2.71575057878
Ridge,7,1,88,3.7123518,2.98719750461
Ridge,7,1,96,5.477509,4.16645846395
Lasso,7,1,2,-0.1625189,0.776496078939
Lasso,7,1,11,1.2669476,1.49082490424
Lasso,7,1,32,2.008214,1.78261430434
Lasso,7,1,34,2.0215476,1.31125674092
Lasso,7,1,47,2.5687881,4.09278624318
Lasso,7,1,54,2.6912431,3.03392602368
Lasso,7,1,55,2.7047113,3.1093894681
Lasso,7,1,56,2.7180005,2.65218373256
Lasso,7,1,59,2.8063861,2.07443818531
Lasso,7,1,60,2.8124102,2.38167203582
Lasso,7,1,61,2.8419982,2.18730094284
Lasso,7,1,64,2.8820035,3.58300593001
Lasso,7,1,69,2.9626924,1.38650775979
Lasso,7,1,70,2.9729753,2.76099189147
Lasso,7,1,73,3.0563569,2.77024809654
Lasso,7,1,80,3.5130369,3.05025903168
Lasso,7,1,84,3.5709402,3.38549922595
Lasso,7,1,85,3.5876769,2.62235360502
Lasso,7,1,88,3.7123518,2.93391500276
Lasso,7,1,96,5.477509,3.95023193941
Mean baseline,7,1,2,-0.1625189,2.39467865584
Mean baseline,7,1,11,1.2669476,2.39467865584
Mean baseline,7,1,32,2.008214,2.39467865584
Mean baseline,7,1,34,2.0215476,2.39467865584
Mean baseline,7,1,47,2.5687881,2.39467865584
Mean baseline,7,1,54,2.6912431,2.39467865584
Mean baseline,7,1,55,2.7047113,2.39467865584
Mean baseline,7,1,56,2.7180005,2.39467865584
Mean baseline,7,1,59,2.8063861,2.39467865584
Mean baseline,7,1,60,2.8124102,2.39467865584
Mean baseline,7,1,61,2.8419982,2.39467865584
Mean baseline,7,1,64,2.8820035,2.39467865584
Mean baseline,7,1,69,2.9626924,2.39467865584
Mean baseline,7,1,70,2.9729753,2.39467865584
Mean baseline,7,1,73,3.0563569,2.39467865584
Mean baseline,7,1,80,3.5130369,2.39467865584
Mean baseline,7,1,84,3.5709402,2.39467865584
Mean baseline,7,1,85,3.5876769,2.39467865584
Mean baseline,7,1,88,3.7123518,2.39467865584
Mean baseline,7,1,96,5.477509,2.39467865584
Linear Regression,7,2,12,1.2669476,0.855230238652
Linear Regression,7,2,15,1.3987169,2.02804340057
Linear Regression,7,2,20,1.5993876,1.74161791775
Linear Regression,7,2,21,1.6389967,1.99915886625
Linear Regression,7,2,24,1.7137979,2.58247151224
Linear Regression,7,2,30,1.8946169,2.3036840501
Linear Regression,7,2,33,2.008214,1.69207185244
Linear Regression,7,2,41,2.2975726,1.90633144686
Linear Regression,7,2,43,2.3272777,2.10941302061
Linear Regression,7,2,62,2.8535925,3.4405130322
Linear Regression,7,2,65,2.8820035,2.55228686122
Linear Regression,7,2,67,2.9204698,3.07771695348
Linear Regression,7,2,68,2.9626924,2.9943094771
Linear Regression,7,2,72,3.0373539,1.89162165166
Linear Regression,7,2,77,3.3928291,3.42481391717
Linear Regression,7,2,81,3.5160131,1.9990421025
Linear Regression,7,2,86,3.6309855,3.87039307053
Linear Regression,7,2,92,4.1295508,3.81301332604
Linear Regression,7,2,94,4.6844434,4.78472741104
Linear Regression,7,2,95,5.1431245,3.4984932453
Decision Tree,7,2,12,1.2669476,0.21139322
Decision Tree,7,2,15,1.3987169,2.83873797059
Decision Tree,7,2,20,1.5993876,2.0645137
Decision Tree,7,2,21,1.6389967,2.83873797059
Decision Tree,7,2,24,1.7137979,2.83873797059
Decision Tree,7,2,30,1.8946169,2.83873797059
Decision Tree,7,2,33,2.008214,1.82031377143
Decision Tree,7,2,41,2.2975726,1.26066869167
Decision Tree,7,2,43,2.3272777,2.0645137
Decision Tree,7,2,62,2.8535925,2.83873797059
Decision Tree,7,2,65,2.8820035,2.83873797059
Decision Tree,7,2,67,2.9204698,2.83873797059
Decision Tree,7,2,68,2.9626924,2.83873797059
Decision Tree,7,2,72,3.0373539,2.83873797059
Decision Tree,7,2,77,3.3928291,2.83873797059
Decision Tree,7,2,81,3.5160131,1.82031377143
Decision Tree,7,2,86,3.6309855,4.03225438889
Decision Tree,7,2,92,4.1295508,2.83873797059
Decision Tree,7,2,94,4.6844434,4.03225438889
Decision Tree,7,2,95,5.1431245,4.03225438889
Random Forest,7,2,12,1.2669476,0.710338776662
Random Forest,7,2,15,1.3987169,2.15704297336
Random Forest,7,2,20,1.5993876,2.27085485767
Random Forest,7,2,21,1.6389967,1.88142226287
Random Forest,7,2,24,1.7137979,2.74501497547
Random Forest,7,2,30,1.8946169,2.59408909879
Random Forest,7,2,33,2.008214,1.80675133195
Random Forest,7,2,41,2.2975726,1.61623857092
Random Forest,7,2,43,2.3272777,2.33799361591
Random Forest,7,2,62,2.8535925,3.08420112891
Random Forest,7,2,65,2.8820035,2.38297176956
Random Forest,7,2,67,2.9204698,2.94216456634
Random Forest,7,2,68,2.9626924,2.79334854487
Random Forest,7,2,72,3.0373539,2.04051895542
Random Forest,7,2,77,3.3928291,2.91581248637
Random Forest,7,2,81,3.5160131,2.1980624281
Random Forest,7,2,86,3.6309855,3.81826827142
Random Forest,7,2,92,4.1295508,3.00575120189
Random Forest,7,2,94,4.6844434,3.97700414092
Random Forest,7,2,95,5.1431245,3.6677319115
Gradient Boosting,7,2,12,1.2669476,0.552262755905
Gradient Boosting,7,2,15,1.3987169,2.48656182885
Gradient Boosting,7,2,20,1.5993876,2.40085252223
Gradient Boosting,7,2,21,1.6389967,2.04274664064
Gradient Boosting,7,2,24,1.7137979,2.55176564816
Gradient Boosting,7,2,30,1.8946169,2.76974926744
Gradient Boosting,7,2,33,2.008214,1.75530325604
Gradient Boosting,7,2,41,2.2975726,1.49895496439
Gradient Boosting,7,2,43,2.3272777,2.34104962895
Gradient Boosting,7,2,62,2.8535925,3.03063344153
Gradient Boosting,7,2,65,2.8820035,2.19419200194
Gradient Boosting,7,2,67,2.9204698,2.81136516207
Gradient Boosting,7,2,68,2.9626924,2.81136516207
Gradient Boosting,7,2,72,3.0373539,2.07698626905
Gradient Boosting,7,2,77,3.3928291,2.87135879665
Gradient Boosting,7,2,81,3.5160131,2.05360009023
Gradient Boosting,7,2,86,3.6309855,3.4521032223
Gradient Boosting,7,2,92,4.1295508,3.08741409632
Gradient Boosting,7,2,94,4.6844434,4.10352411125
Gradient Boosting,7,2,95,5.1431245,3.55932531149
MLP (L-BFGS),7,2,12,1.2669476,0.556050485677
MLP (L-BFGS),7,2,15,1.3987169,2.30718338878
MLP (L-BFGS),7,2,20,1.5993876,2.09170289133
MLP (L-BFGS),7,2,21,1.6389967,1.48364189979
MLP (L-BFGS),7,2,24,1.7137979,2.77233593066
MLP (L-BFGS),7,2,30,1.8946169,1.65049038185
MLP (L-BFGS),7,2,33,2.008214,1.88692114566
MLP (L-BFGS),7,2,41,2.2975726,2.10201844284
MLP (L-BFGS),7,2,43,2.3272777,1.89941216402
MLP (L-BFGS),7,2,62,2.8535925,2.97787187084
MLP (L-BFGS),7,2,65,2.8820035,2.17384587578
MLP (L-BFGS),7,2,67,2.9204698,3.60327987062
MLP (L-BFGS),7,2,68,2.9626924,2.76536771954
MLP (L-BFGS),7,2,72,3.0373539,2.70529078993
MLP (L-BFGS),7,2,77,3.3928291,3.7982564143
MLP (L-BFGS),7,2,81,3.5160131,1.93048817706
MLP (L-BFGS),7,2,86,3.6309855,4.0714211668
MLP (L-BFGS),7,2,92,4.1295508,3.98412047359
MLP (L-BFGS),7,2,94,4.6844434,5.11872438346
MLP (L-BFGS),7,2,95,5.1431245,4.17777931568
Ridge,7,2,12,1.2669476,0.883617825331
Ridge,7,2,15,1.3987169,2.03112699446
Ridge,7,2,20,1.5993876,1.75353184627
Ridge,7,2,21,1.6389967,1.98939341768
Ridge,7,2,24,1.7137979,2.58884913816
Ridge,7,2,30,1.8946169,2.32710790149
Ridge,7,2,33,2.008214,1.69538784533
Ridge,7,2,41,2.2975726,1.89349415624
Ridge,7,2,43,2.3272777,2.11964587851
Ridge,7,2,62,2.8535925,3.4410730396
Ridge,7,2,65,2.8820035,2.53314288297
Ridge,7,2,67,2.9204698,3.08094740522
Ridge,7,2,68,2.9626924,2.99105175365
Ridge,7,2,72,3.0373539,1.89680638157
Ridge,7,2,77,3.3928291,3.41941976759
Ridge,7,2,81,3.5160131,2.00872194086
Ridge,7,2,86,3.6309855,3.85669088072
Ridge,7,2,92,4.1295508,3.76299377282
Ridge,7,2,94,4.6844434,4.74062888295
Ridge,7,2,95,5.1431245,3.49524961265
Lasso,7,2,12,1.2669476,0.966732245389
Lasso,7,2,15,1.3987169,2.08461096385
Lasso,7,2,20,1.5993876,1.84280206044
Lasso,7,2,21,1.6389967,2.0156167791
Lasso,7,2,24,1.7137979,2.56661220688
Lasso,7,2,30,1.8946169,2.57711599987
Lasso,7,2,33,2.008214,1.84812163029
Lasso,7,2,41,2.2975726,1.81506987063
Lasso,7,2,43,2.3272777,2.10799584301
Lasso,7,2,62,2.8535925,3.27429886161
Lasso,7,2,65,2.8820035,2.57832294564
Lasso,7,2,67,2.9204698,3.00991328235
Lasso,7,2,68,2.9626924,3.02090134138
Lasso,7,2,72,3.0373539,2.05056164062
Lasso,7,2,77,3.3928291,3.32631367127
Lasso,7,2,81,3.5160131,2.09060497952
Lasso,7,2,86,3.6309855,3.75016896074
Lasso,7,2,92,4.1295508,3.43542454474
Lasso,7,2,94,4.6844434,4.29178508365
Lasso,7,2,95,5.1431245,3.38342779182
Mean baseline,7,2,12,1.2669476,2.40396027013
Mean baseline,7,2,15,1.3987169,2.40396027013
Mean baseline,7,2,20,1.5993876,2.40396027013
Mean baseline,7,2,21,1.6389967,2.40396027013
Mean baseline,7,2,24,1.7137979,2.40396027013
Mean baseline,7,2,30,1.8946169,2.40396027013
Mean baseline,7,2,33,2.008214,2.40396027013
Mean baseline,7,2,41,2.2975726,2.40396027013
Mean baseline,7,2,43,2.3272777,2.40396027013
Mean baseline,7,2,62,2.8535925,2.40396027013
Mean baseline,7,2,65,2.8820035,2.40396027013
Mean baseline,7,2,67,2.9204698,2.40396027013
Mean baseline,7,2,68,2.9626924,2.40396027013
Mean baseline,7,2,72,3.0373539,2.40396027013
Mean baseline,7,2,77,3.3928291,2.40396027013
Mean baseline,7,2,81,3.5160131,2.40396027013
Mean baseline,7,2,86,3.6309855,2.40396027013
Mean baseline,7,2,92,4.1295508,2.40396027013
Mean baseline,7,2,94,4.6844434,2.40396027013
Mean baseline,7,2,95,5.1431245,2.40396027013
Linear Regression,7,3,3,-0.1625189,0.599080120383
Linear Regression,7,3,4,-0.1625189,0.758271314141
Linear Regression,7,3,6,0.7654678,0.953477376396
Linear Regression,7,3,10,1.047319,1.39179658275
Linear Regression,7,3,19,1.5581446,1.40018620813
Linear Regression,7,3,25,1.7316555,1.87494492317
Linear Regression,7,3,26,1.7664417,2.00627360226
Linear Regression,7,3,28,1.8164521,1.78133075344
Linear Regression,7,3,31,1.9242487,2.13175762514
Linear Regression,7,3,36,2.0856721,2.86609012501
Linear Regression,7,3,44,2.3749058,2.52154120956
Linear Regression,7,3,49,2.5915164,2.7191017594
Linear Regression,7,3,51,2.6567569,2.47434997729
Linear Regression,7,3,63,2.8535925,3.00408315036
Linear Regression,7,3,71,3.0130809,3.34742018401
Linear Regression,7,3,78,3.4355988,3.43082216454
Linear Regression,7,3,79,3.4578927,3.49943881274
Linear Regression,7,3,83,3.5652984,3.64485022698
Linear Regression,7,3,89,3.9843437,4.33910142143
Decision Tree,7,3,3,-0.1625189,1.1931155
Decision Tree,7,3,4,-0.1625189,1.1931155
Decision Tree,7,3,6,0.7654678,1.1931155
Decision Tree,7,3,10,1.047319,1.1931155
Decision Tree,7,3,19,1.5581446,1.1931155
Decision Tree,7,3,25,1.7316555,2.5261465875
Decision Tree,7,3,26,1.7664417,2.22608580526
Decision Tree,7,3,28,1.8164521,2.5261465875
Decision Tree,7,3,31,1.9242487,2.5261465875
Decision Tree,7,3,36,2.0856721,2.5261465875
Decision Tree,7,3,44,2.3749058,2.99263768462
Decision Tree,7,3,49,2.5915164,2.22608580526
Decision Tree,7,3,51,2.6567569,2.5261465875
Decision Tree,7,3,63,2.8535925,3.25447208333
Decision Tree,7,3,71,3.0130809,2.22608580526
Decision Tree,7,3,78,3.4355988,3.25447208333
Decision Tree,7,3,79,3.4578927,3.25447208333
Decision Tree,7,3,83,3.5652984,3.25447208333
Decision Tree,7,3,89,3.9843437,4.4758066
Random Forest,7,3,3,-0.1625189,1.72787800786
Random Forest,7,3,4,-0.1625189,0.799086816514
Random Forest,7,3,6,0.7654678,0.811978407489
Random Forest,7,3,10,1.047319,1.62321247466
Random Forest,7,3,19,1.5581446,1.14812232842
Random Forest,7,3,25,1.7316555,2.1317087876
Random Forest,7,3,26,1.7664417,1.91527847635
Random Forest,7,3,28,1.8164521,2.3804266034
Random Forest,7,3,31,1.9242487,2.46624479563
Random Forest,7,3,36,2.0856721,2.72439718028
Random Forest,7,3,44,2.3749058,2.81290918369
Random Forest,7,3,49,2.5915164,1.93133701562
Random Forest,7,3,51,2.6567569,2.57778042852
Random Forest,7,3,63,2.8535925,3.21954713395
Random Forest,7,3,71,3.0130809,2.75321441609
Random Forest,7,3,78,3.4355988,3.14230382965
Random Forest,7,3,79,3.4578927,3.13028884001
Random Forest,7,3,83,3.5652984,3.27007893659
Random Forest,7,3,89,3.9843437,4.14027626462
Gradient Boosting,7,3,3,-0.1625189,1.32807048706
Gradient Boosting,7,3,4,-0.1625189,0.993216333049
Gradient Boosting,7,3,6,0.7654678,1.02663712317
Gradient Boosting,7,3,10,1.047319,1.49724371868
Gradient Boosting,7,3,19,1.5581446,1.02663712317
Gradient Boosting,7,3,25,1.7316555,2.14798310826
Gradient Boosting,7,3,26,1.7664417,1.87866642131
Gradient Boosting,7,3,28,1.8164521,2.48621723081
Gradient Boosting,7,3,31,1.9242487,2.47927544529
Gradient Boosting,7,3,36,2.0856721,2.80140117779
Gradient Boosting,7,3,44,2.3749058,2.70329790771
Gradient Boosting,7,3,49,2.5915164,1.96057677851
Gradient Boosting,7,3,51,2.6567569,2.66713047946
Gradient Boosting,7,3,63,2.8535925,2.95522983889
Gradient Boosting,7,3,71,3.0130809,2.81492717203
Gradient Boosting,7,3,78,3.4355988,3.12877565744
Gradient Boosting,7,3,79,3.4578927,2.90598130131
Gradient Boosting,7,3,83,3.5652984,3.17625842104
Gradient Boosting,7,3,89,3.9843437,4.06685337424
MLP (L-BFGS),7,3,3,-0.1625189,1.80840544022
MLP (L-BFGS),7,3,4,-0.1625189,0.721111611486
MLP (L-BFGS),7,3,6,0.7654678,0.520927532117
MLP (L-BFGS),7,3,10,1.047319,1.23640339194
MLP (L-BFGS),7,3,19,1.5581446,1.39230753442
MLP (L-BFGS),7,3,25,1.7316555,1.88689390196
MLP (L-BFGS),7,3,26,1.7664417,2.03555721514
MLP (L-BFGS),7,3,28,1.8164521,1.55012975281
MLP (L-BFGS),7,3,31,1.9242487,1.81990647469
MLP (L-BFGS),7,3,36,2.0856721,2.56007717805
MLP (L-BFGS),7,3,44,2.3749058,2.36399558612
MLP (L-BFGS),7,3,49,2.5915164,2.58526659708
MLP (L-BFGS),7,3,51,2.6567569,2.90700257323
MLP (L-BFGS),7,3,63,2.8535925,2.48248378827
MLP (L-BFGS),7,3,71,3.0130809,3.39030658618
MLP (L-BFGS),7,3,78,3.4355988,3.62537004196
MLP (L-BFGS),7,3,79,3.4578927,3.40054847823
MLP (L-BFGS),7,3,83,3.5652984,3.77940943389
MLP (L-BFGS),7,3,89,3.9843437,5.1778899357
Ridge,7,3,3,-0.1625189,0.628925206015
Ridge,7,3,4,-0.1625189,0.78303828384
Ridge,7,3,6,0.7654678,0.970066536136
Ridge,7,3,10,1.047319,1.40201634197
Ridge,7,3,19,1.5581446,1.40297970246
Ridge,7,3,25,1.7316555,1.87960359736
Ridge,7,3,26,1.7664417,2.00147508655
Ridge,7,3,28,1.8164521,1.79187515412
Ridge,7,3,31,1.9242487,2.13926381762
Ridge,7,3,36,2.0856721,2.85262310022
Ridge,7,3,44,2.3749058,2.53591409429
Ridge,7,3,49,2.5915164,2.69211521653
Ridge,7,3,51,2.6567569,2.46667102682
Ridge,7,3,63,2.8535925,3.01347278878
Ridge,7,3,71,3.0130809,3.34244999048
Ridge,7,3,78,3.4355988,3.41007917551
Ridge,7,3,79,3.4578927,3.50568874138
Ridge,7,3,83,3.5652984,3.63628756524
Ridge,7,3,89,3.9843437,4.33500258816
Lasso,7,3,3,-0.1625189,1.0092383899
Lasso,7,3,4,-0.1625189,0.94288294428
Lasso,7,3,6,0.7654678,0.99288310795
Lasso,7,3,10,1.047319,1.57870716311
Lasso,7,3,19,1.5581446,1.2424873985
Lasso,7,3,25,1.7316555,1.97069745625
Lasso,7,3,26,1.7664417,2.1460412693
Lasso,7,3,28,1.8164521,1.76062233861
Lasso,7,3,31,1.9242487,2.14721094572
Lasso,7,3,36,2.0856721,2.66417279565
Lasso,7,3,44,2.3749058,2.63533097656
Lasso,7,3,49,2.5915164,2.41706654271
Lasso,7,3,51,2.6567569,2.43318153719
Lasso,7,3,63,2.8535925,3.07724075984
Lasso,7,3,71,3.0130809,3.25058653268
Lasso,7,3,78,3.4355988,3.34980904208
Lasso,7,3,79,3.4578927,3.6163103595
Lasso,7,3,83,3.5652984,3.71499265443
Lasso,7,3,89,3.9843437,4.23024671945
Mean baseline,7,3,3,-0.1625189,2.56538688974
Mean baseline,7,3,4,-0.1625189,2.56538688974
Mean baseline,7,3,6,0.7654678,2.56538688974
Mean baseline,7,3,10,1.047319,2.56538688974
Mean baseline,7,3,19,1.5581446,2.56538688974
Mean baseline,7,3,25,1.7316555,2.56538688974
Mean baseline,7,3,26,1.7664417,2.56538688974
Mean baseline,7,3,28,1.8164521,2.56538688974
Mean baseline,7,3,31,1.9242487,2.56538688974
Mean baseline,7,3,36,2.0856721,2.56538688974
Mean baseline,7,3,44,2.3749058,2.56538688974
Mean baseline,7,3,49,2.5915164,2.56538688974
Mean baseline,7,3,51,2.6567569,2.56538688974
Mean baseline,7,3,63,2.8535925,2.56538688974
Mean baseline,7,3,71,3.0130809,2.56538688974
Mean baseline,7,3,78,3.4355988,2.56538688974
Mean baseline,7,3,79,3.4578927,2.56538688974
Mean baseline,7,3,83,3.5652984,2.56538688974
Mean baseline,7,3,89,3.9843437,2.56538688974
Linear Regression,7,4,1,-0.4307829,0.96442757682
Linear Regression,7,4,7,0.7654678,1.963744624
Linear Regression,7,4,8,0.8544153,2.25698682751
Linear Regression,7,4,13,1.2669476,2.02174041456
Linear Regression,7,4,22,1.6582281,2.71051986819
Linear Regression,7,4,27,1.8000583,2.06895780955
Linear Regression,7,4,29,1.8484548,2.10114557014
Linear Regression,7,4,37,2.1575593,1.77346415824
Linear Regression,7,4,38,2.1916535,0.969951024112
Linear Regression,7,4,40,2.2772673,1.85008389733
Linear Regression,7,4,45,2.5217206,2.40955511287
Linear Regression,7,4,46,2.5533438,2.56764236978
Linear Regression,7,4,48,2.5687881,2.68243339134
Linear Regression,7,4,50,2.5915164,2.14553583741
Linear Regression,7,4,52,2.677591,3.1035526986
Linear Regression,7,4,66,2.8875901,2.74085003824
Linear Regression,7,4,82,3.5307626,3.03294630145
Linear Regression,7,4,87,3.6800909,3.10304344749
Linear Regression,7,4,91,4.029806,3.34494561132
Decision Tree,7,4,1,-0.4307829,0.7307422375
Decision Tree,7,4,7,0.7654678,1.92722155909
Decision Tree,7,4,8,0.8544153,1.92722155909
Decision Tree,7,4,13,1.2669476,3.14794279524
Decision Tree,7,4,22,1.6582281,3.14794279524
Decision Tree,7,4,27,1.8000583,2.59829091667
Decision Tree,7,4,29,1.8484548,2.59829091667
Decision Tree,7,4,37,2.1575593,2.59829091667
Decision Tree,7,4,38,2.1916535,2.59829091667
Decision Tree,7,4,40,2.2772673,1.92722155909
Decision Tree,7,4,45,2.5217206,2.59829091667
Decision Tree,7,4,46,2.5533438,3.14794279524
Decision Tree,7,4,48,2.5687881,2.59829091667
Decision Tree,7,4,50,2.5915164,1.92722155909
Decision Tree,7,4,52,2.677591,2.24718934
Decision Tree,7,4,66,2.8875901,2.59829091667
Decision Tree,7,4,82,3.5307626,3.14794279524
Decision Tree,7,4,87,3.6800909,2.24718934
Decision Tree,7,4,91,4.029806,3.98812396
Random Forest,7,4,1,-0.4307829,1.00983253155
Random Forest,7,4,7,0.7654678,1.81818548639
Random Forest,7,4,8,0.8544153,1.99353228615
Random Forest,7,4,13,1.2669476,2.79909909494
Random Forest,7,4,22,1.6582281,2.79040414696
Random Forest,7,4,27,1.8000583,2.50728733269
Random Forest,7,4,29,1.8484548,2.57431614779
Random Forest,7,4,37,2.1575593,2.68633766408
Random Forest,7,4,38,2.1916535,2.0999907136
Random Forest,7,4,40,2.2772673,2.00605669458
Random Forest,7,4,45,2.5217206,2.61946964335
Random Forest,7,4,46,2.5533438,2.80943155783
Random Forest,7,4,48,2.5687881,2.75895671817
Random Forest,7,4,50,2.5915164,2.03662497207
Random Forest,7,4,52,2.677591,2.52891612123
Random Forest,7,4,66,2.8875901,2.88665563089
Random Forest,7,4,82,3.5307626,3.03215957564
Random Forest,7,4,87,3.6800909,2.46724065519
Random Forest,7,4,91,4.029806,3.13566970952
Gradient Boosting,7,4,1,-0.4307829,1.26816621772
Gradient Boosting,7,4,7,0.7654678,1.84276431217
Gradient Boosting,7,4,8,0.8544153,1.95695662225
Gradient Boosting,7,4,13,1.2669476,2.61216675614
Gradient Boosting,7,4,22,1.6582281,2.64115781687
Gradient Boosting,7,4,27,1.8000583,2.66947397481
Gradient Boosting,7,4,29,1.8484548,2.49589315348
Gradient Boosting,7,4,37,2.1575593,2.57335947703
Gradient Boosting,7,4,38,2.1916535,2.1577289934
Gradient Boosting,7,4,40,2.2772673,1.8531646607
Gradient Boosting,7,4,45,2.5217206,2.47117748618
Gradient Boosting,7,4,46,2.5533438,2.64115781687
Gradient Boosting,7,4,48,2.5687881,2.80152190083
Gradient Boosting,7,4,50,2.5915164,2.03749246706
Gradient Boosting,7,4,52,2.677591,2.44736082088
Gradient Boosting,7,4,66,2.8875901,2.81650928683
Gradient Boosting,7,4,82,3.5307626,2.82907925666
Gradient Boosting,7,4,87,3.6800909,2.46234820688
Gradient Boosting,7,4,91,4.029806,3.08449397565
MLP (L-BFGS),7,4,1,-0.4307829,1.27358549917
MLP (L-BFGS),7,4,7,0.7654678,2.04659085473
MLP (L-BFGS),7,4,8,0.8544153,2.59807789781
MLP (L-BFGS),7,4,13,1.2669476,1.94782463931
MLP (L-BFGS),7,4,22,1.6582281,3.32972181799
MLP (L-BFGS),7,4,27,1.8000583,2.51778831251
MLP (L-BFGS),7,4,29,1.8484548,2.67183854414
MLP (L-BFGS),7,4,37,2.1575593,2.14880960683
MLP (L-BFGS),7,4,38,2.1916535,1.18246169553
MLP (L-BFGS),7,4,40,2.2772673,2.74311604152
MLP (L-BFGS),7,4,45,2.5217206,3.0478842506
MLP (L-BFGS),7,4,46,2.5533438,2.80960008277
MLP (L-BFGS),7,4,48,2.5687881,2.73144390002
MLP (L-BFGS),7,4,50,2.5915164,2.41057643353
MLP (L-BFGS),7,4,52,2.677591,2.89563701256
MLP (L-BFGS),7,4,66,2.8875901,2.88356048728
MLP (L-BFGS),7,4,82,3.5307626,3.13771536763
MLP (L-BFGS),7,4,87,3.6800909,3.1495164251
MLP (L-BFGS),7,4,91,4.029806,3.46934265392
Ridge,7,4,1,-0.4307829,0.973653343974
Ridge,7,4,7,0.7654678,1.956378434
Ridge,7,4,8,0.8544153,2.24002040537
Ridge,7,4,13,1.2669476,2.01859366371
Ridge,7,4,22,1.6582281,2.72724006433
Ridge,7,4,27,1.8000583,2.06209856894
Ridge,7,4,29,1.8484548,2.09457540234
Ridge,7,4,37,2.1575593,1.84557912603
Ridge,7,4,38,2.1916535,0.983509339248
Ridge,7,4,40,2.2772673,1.8669258777
Ridge,7,4,45,2.5217206,2.40877795134
Ridge,7,4,46,2.5533438,2.54564879753
Ridge,7,4,48,2.5687881,2.67803777972
Ridge,7,4,50,2.5915164,2.14487972756
Ridge,7,4,52,2.677591,3.07199705792
Ridge,7,4,66,2.8875901,2.73485856183
Ridge,7,4,82,3.5307626,3.04002984772
Ridge,7,4,87,3.6800909,3.06070575007
Ridge,7,4,91,4.029806,3.30113291997
Lasso,7,4,1,-0.4307829,1.01642866082
Lasso,7,4,7,0.7654678,1.9775447781
Lasso,7,4,8,0.8544153,2.11899112231
Lasso,7,4,13,1.2669476,2.09975991339
Lasso,7,4,22,1.6582281,2.75668199774
Lasso,7,4,27,1.8000583,2.0315728024
Lasso,7,4,29,1.8484548,2.08873104847
Lasso,7,4,37,2.1575593,2.24888622101
Lasso,7,4,38,2.1916535,1.18335973086
Lasso,7,4,40,2.2772673,1.88910677913
Lasso,7,4,45,2.5217206,2.40035198939
Lasso,7,4,46,2.5533438,2.43497756052
Lasso,7,4,48,2.5687881,2.60060950393
Lasso,7,4,50,2.5915164,2.23882882759
Lasso,7,4,52,2.677591,2.89664988049
Lasso,7,4,66,2.8875901,2.63006701978
Lasso,7,4,82,3.5307626,3.01571397256
Lasso,7,4,87,3.6800909,2.83980975278
Lasso,7,4,91,4.029806,3.27771845054
Mean baseline,7,4,1,-0.4307829,2.55093652051
Mean baseline,7,4,7,0.7654678,2.55093652051
Mean baseline,7,4,8,0.8544153,2.55093652051
Mean baseline,7,4,13,1.2669476,2.55093652051
Mean baseline,7,4,22,1.6582281,2.55093652051
Mean baseline,7,4,27,1.8000583,2.55093652051
Mean baseline,7,4,29,1.8484548,2.55093652051
Mean baseline,7,4,37,2.1575593,2.55093652051
Mean baseline,7,4,38,2.1916535,2.55093652051
Mean baseline,7,4,40,2.2772673,2.55093652051
Mean baseline,7,4,45,2.5217206,2.55093652051
Mean baseline,7,4,46,2.5533438,2.55093652051
Mean baseline,7,4,48,2.5687881,2.55093652051
Mean baseline,7,4,50,2.5915164,2.55093652051
Mean baseline,7,4,52,2.677591,2.55093652051
Mean baseline,7,4,66,2.8875901,2.55093652051
Mean baseline,7,4,82,3.5307626,2.55093652051
Mean baseline,7,4,87,3.6800909,2.55093652051
Mean baseline,7,4,91,4.029806,2.55093652051
Linear Regression,7,5,5,0.3715636,1.78098853047
Linear Regression,7,5,9,1.047319,1.11228121383
Linear Regression,7,5,14,1.3480731,1.95769872214
Linear Regression,7,5,16,1.446919,1.98643055693
Linear Regression,7,5,17,1.4701758,1.19784031117
Linear Regression,7,5,18,1.4929041,2.56785764195
Linear Regression,7,5,23,1.6956156,1.01380933015
Linear Regression,7,5,35,2.0476928,1.06097702254
Linear Regression,7,5,39,2.2137539,3.97604247939
Linear Regression,7,5,42,2.3075726,2.36663204855
Linear Regression,7,5,53,2.6844403,2.01199808142
Linear Regression,7,5,57,2.7880929,1.58146326283
Linear Regression,7,5,58,2.7942279,2.21214552883
Linear Regression,7,5,74,3.0750055,3.36434529247
Linear Regression,7,5,75,3.2752562,3.76316527215
Linear Regression,7,5,76,3.3375474,3.62591126952
Linear Regression,7,5,90,3.993603,3.16963850779
Linear Regression,7,5,93,4.3851468,3.91365447091
Linear Regression,7,5,97,5.5829322,4.14195224548
Decision Tree,7,5,5,0.3715636,1.66999699231
Decision Tree,7,5,9,1.047319,0.381745771429
Decision Tree,7,5,14,1.3480731,2.23416138571
Decision Tree,7,5,16,1.446919,2.23416138571
Decision Tree,7,5,17,1.4701758,1.66999699231
Decision Tree,7,5,18,1.4929041,2.8375366
Decision Tree,7,5,23,1.6956156,0.381745771429
Decision Tree,7,5,35,2.0476928,1.66999699231
Decision Tree,7,5,39,2.2137539,3.402829
Decision Tree,7,5,42,2.3075726,2.8375366
Decision Tree,7,5,53,2.6844403,1.66999699231
Decision Tree,7,5,57,2.7880929,1.66999699231
Decision Tree,7,5,58,2.7942279,1.66999699231
Decision Tree,7,5,74,3.0750055,2.23416138571
Decision Tree,7,5,75,3.2752562,4.23641762857
Decision Tree,7,5,76,3.3375474,4.23641762857
Decision Tree,7,5,90,3.993603,2.8375366
Decision Tree,7,5,93,4.3851468,4.23641762857
Decision Tree,7,5,97,5.5829322,4.23641762857
Random Forest,7,5,5,0.3715636,1.59969577074
Random Forest,7,5,9,1.047319,0.507393259175
Random Forest,7,5,14,1.3480731,2.2402665347
Random Forest,7,5,16,1.446919,2.23511162807
Random Forest,7,5,17,1.4701758,1.62725868798
Random Forest,7,5,18,1.4929041,2.77247499025
Random Forest,7,5,23,1.6956156,0.646021843564
Random Forest,7,5,35,2.0476928,1.51444173173
Random Forest,7,5,39,2.2137539,3.54407408197
Random Forest,7,5,42,2.3075726,2.42661421302
Random Forest,7,5,53,2.6844403,2.00104657699
Random Forest,7,5,57,2.7880929,1.87456478145
Random Forest,7,5,58,2.7942279,1.9302401689
Random Forest,7,5,74,3.0750055,2.74476792096
Random Forest,7,5,75,3.2752562,4.16831018568
Random Forest,7,5,76,3.3375474,4.06332735479
Random Forest,7,5,90,3.993603,2.93187100001
Random Forest,7,5,93,4.3851468,3.97215742205
Random Forest,7,5,97,5.5829322,4.21016297789
Gradient Boosting,7,5,5,0.3715636,1.59460181346
Gradient Boosting,7,5,9,1.047319,0.78532595761
Gradient Boosting,7,5,14,1.3480731,2.15014953062
Gradient Boosting,7,5,16,1.446919,2.29169467367
Gradient Boosting,7,5,17,1.4701758,1.64221473536
Gradient Boosting,7,5,18,1.4929041,2.60513956153
Gradient Boosting,7,5,23,1.6956156,0.742044380724
Gradient Boosting,7,5,35,2.0476928,1.42478578569
Gradient Boosting,7,5,39,2.2137539,3.42361733843
Gradient Boosting,7,5,42,2.3075726,2.62329756805
Gradient Boosting,7,5,53,2.6844403,2.00817790336
Gradient Boosting,7,5,57,2.7880929,1.78848976932
Gradient Boosting,7,5,58,2.7942279,2.26520356382
Gradient Boosting,7,5,74,3.0750055,2.9815775589
Gradient Boosting,7,5,75,3.2752562,4.18084063892
Gradient Boosting,7,5,76,3.3375474,3.92446480682
Gradient Boosting,7,5,90,3.993603,3.01391540815
Gradient Boosting,7,5,93,4.3851468,3.96595246825
Gradient Boosting,7,5,97,5.5829322,4.20160170139
MLP (L-BFGS),7,5,5,0.3715636,1.38081432898
MLP (L-BFGS),7,5,9,1.047319,1.14454952086
MLP (L-BFGS),7,5,14,1.3480731,1.70103847023
MLP (L-BFGS),7,5,16,1.446919,1.64995843564
MLP (L-BFGS),7,5,17,1.4701758,1.52299324729
MLP (L-BFGS),7,5,18,1.4929041,2.46135612962
MLP (L-BFGS),7,5,23,1.6956156,0.640137317288
MLP (L-BFGS),7,5,35,2.0476928,0.566568752746
MLP (L-BFGS),7,5,39,2.2137539,3.37011430385
MLP (L-BFGS),7,5,42,2.3075726,2.08559380732
MLP (L-BFGS),7,5,53,2.6844403,2.29140370703
MLP (L-BFGS),7,5,57,2.7880929,1.96896208383
MLP (L-BFGS),7,5,58,2.7942279,2.01639069727
MLP (L-BFGS),7,5,74,3.0750055,3.42966961978
MLP (L-BFGS),7,5,75,3.2752562,3.74932481953
MLP (L-BFGS),7,5,76,3.3375474,4.47318932934
MLP (L-BFGS),7,5,90,3.993603,3.30123032711
MLP (L-BFGS),7,5,93,4.3851468,3.89565772372
MLP (L-BFGS),7,5,97,5.5829322,3.55379929285
Ridge,7,5,5,0.3715636,1.78135151621
Ridge,7,5,9,1.047319,1.12518619351
Ridge,7,5,14,1.3480731,1.95323750042
Ridge,7,5,16,1.446919,1.97860264533
Ridge,7,5,17,1.4701758,1.22436392804
Ridge,7,5,18,1.4929041,2.57280217283
Ridge,7,5,23,1.6956156,1.03101190387
Ridge,7,5,35,2.0476928,1.08273322619
Ridge,7,5,39,2.2137539,3.97238369685
Ridge,7,5,42,2.3075726,2.36032615044
Ridge,7,5,53,2.6844403,2.01965871558
Ridge,7,5,57,2.7880929,1.59907376143
Ridge,7,5,58,2.7942279,2.20285615601
Ridge,7,5,74,3.0750055,3.35423496098
Ridge,7,5,75,3.2752562,3.76449580866
Ridge,7,5,76,3.3375474,3.62440130123
Ridge,7,5,90,3.993603,3.16542348928
Ridge,7,5,93,4.3851468,3.89873241824
Ridge,7,5,97,5.5829322,4.14692244923
Lasso,7,5,5,0.3715636,1.89421626228
Lasso,7,5,9,1.047319,1.08634006288
Lasso,7,5,14,1.3480731,2.07222325893
Lasso,7,5,16,1.446919,2.14224354238
Lasso,7,5,17,1.4701758,1.32885963876
Lasso,7,5,18,1.4929041,2.88118440581
Lasso,7,5,23,1.6956156,1.14114090552
Lasso,7,5,35,2.0476928,1.34731616505
Lasso,7,5,39,2.2137539,3.90286733136
Lasso,7,5,42,2.3075726,2.41972621344
Lasso,7,5,53,2.6844403,1.92253773359
Lasso,7,5,57,2.7880929,1.71617235634
Lasso,7,5,58,2.7942279,1.96371301479
Lasso,7,5,74,3.0750055,2.96404195916
Lasso,7,5,75,3.2752562,3.91462242223
Lasso,7,5,76,3.3375474,3.70666784867
Lasso,7,5,90,3.993603,3.0629415568
Lasso,7,5,93,4.3851468,3.8335875
Lasso,7,5,97,5.5829322,4.28507126058
Mean baseline,7,5,5,0.3715636,2.4749446859
Mean baseline,7,5,9,1.047319,2.4749446859
Mean baseline,7,5,14,1.3480731,2.4749446859
Mean baseline,7,5,16,1.446919,2.4749446859
Mean baseline,7,5,17,1.4701758,2.4749446859
Mean baseline,7,5,18,1.4929041,2.4749446859
Mean baseline,7,5,23,1.6956156,2.4749446859
Mean baseline,7,5,35,2.0476928,2.4749446859
Mean baseline,7,5,39,2.2137539,2.4749446859
Mean baseline,7,5,42,2.3075726,2.4749446859
Mean baseline,7,5,53,2.6844403,2.4749446859
Mean baseline,7,5,57,2.7880929,2.4749446859
Mean baseline,7,5,58,2.7942279,2.4749446859
Mean baseline,7,5,74,3.0750055,2.4749446859
Mean baseline,7,5,75,3.2752562,2.4749446859
Mean baseline,7,5,76,3.3375474,2.4749446859
Mean baseline,7,5,90,3.993603,2.4749446859
Mean baseline,7,5,93,4.3851468,2.4749446859
Mean baseline,7,5,97,5.5829322,2.4749446859
Linear Regression,8,1,2,-0.1625189,0.91820356685
Linear Regression,8,1,4,-0.1625189,0.785357716045
Linear Regression,8,1,7,0.7654678,1.95456808165
Linear Regression,8,1,9,1.047319,1.2882960839
Linear Regression,8,1,12,1.2669476,1.03801003256
Linear Regression,8,1,14,1.3480731,1.82137286027
Linear Regression,8,1,15,1.3987169,1.89098924084
Linear Regression,8,1,20,1.5993876,1.93344837617
Linear Regression,8,1,40,2.2772673,1.440497146
Linear Regression,8,1,43,2.3272777,2.03023749242
Linear Regression,8,1,51,2.6567569,2.84874688071
Linear Regression,8,1,52,2.677591,3.05504764072
Linear Regression,8,1,53,2.6844403,2.3848475385
Linear Regression,8,1,57,2.7880929,1.22487448925
Linear Regression,8,1,62,2.8535925,3.17333990604
Linear Regression,8,1,87,3.6800909,2.90039032961
Linear Regression,8,1,89,3.9843437,4.24202435202
Linear Regression,8,1,94,4.6844434,4.18111787404
Linear Regression,8,1,95,5.1431245,2.88312924815
Linear Regression,8,1,97,5.5829322,3.55859119073
Decision Tree,8,1,2,-0.1625189,0.68518524
Decision Tree,8,1,4,-0.1625189,0.68518524
Decision Tree,8,1,7,0.7654678,1.58369639231
Decision Tree,8,1,9,1.047319,0.68518524
Decision Tree,8,1,12,1.2669476,0.68518524
Decision Tree,8,1,14,1.3480731,2.44891114643
Decision Tree,8,1,15,1.3987169,2.44891114643
Decision Tree,8,1,20,1.5993876,2.4958287
Decision Tree,8,1,40,2.2772673,1.58369639231
Decision Tree,8,1,43,2.3272777,2.4958287
Decision Tree,8,1,51,2.6567569,2.4958287
Decision Tree,8,1,52,2.677591,2.44891114643
Decision Tree,8,1,53,2.6844403,1.58369639231
Decision Tree,8,1,57,2.7880929,1.58369639231
Decision Tree,8,1,62,2.8535925,3.2887336
Decision Tree,8,1,87,3.6800909,2.44891114643
Decision Tree,8,1,89,3.9843437,3.14499805714
Decision Tree,8,1,94,4.6844434,3.14499805714
Decision Tree,8,1,95,5.1431245,3.14499805714
Decision Tree,8,1,97,5.5829322,3.14499805714
Random Forest,8,1,2,-0.1625189,1.03668035339
Random Forest,8,1,4,-0.1625189,1.01910844138
Random Forest,8,1,7,0.7654678,1.59287116038
Random Forest,8,1,9,1.047319,1.02468494063
Random Forest,8,1,12,1.2669476,1.20195120729
Random Forest,8,1,14,1.3480731,1.89131950609
Random Forest,8,1,15,1.3987169,2.11128086706
Random Forest,8,1,20,1.5993876,2.22870817631
Random Forest,8,1,40,2.2772673,1.6126649725
Random Forest,8,1,43,2.3272777,2.32933479116
Random Forest,8,1,51,2.6567569,2.559655049
Random Forest,8,1,52,2.677591,2.61845266672
Random Forest,8,1,53,2.6844403,2.0815725967
Random Forest,8,1,57,2.7880929,1.62705447951
Random Forest,8,1,62,2.8535925,3.07784417219
Random Forest,8,1,87,3.6800909,2.6388535577
Random Forest,8,1,89,3.9843437,3.61983399503
Random Forest,8,1,94,4.6844434,3.56347515029
Random Forest,8,1,95,5.1431245,3.32448940764
Random Forest,8,1,97,5.5829322,3.48759472714
Gradient Boosting,8,1,2,-0.1625189,1.30222099983
Gradient Boosting,8,1,4,-0.1625189,1.30222099983
Gradient Boosting,8,1,7,0.7654678,1.64817576551
Gradient Boosting,8,1,9,1.047319,1.30222099983
Gradient Boosting,8,1,12,1.2669476,1.30222099983
Gradient Boosting,8,1,14,1.3480731,1.69645079899
Gradient Boosting,8,1,15,1.3987169,2.15225265612
Gradient Boosting,8,1,20,1.5993876,2.33239221868
Gradient Boosting,8,1,40,2.2772673,1.21838536789
Gradient Boosting,8,1,43,2.3272777,2.31621539288
Gradient Boosting,8,1,51,2.6567569,2.58720475076
Gradient Boosting,8,1,52,2.677591,2.80993732817
Gradient Boosting,8,1,53,2.6844403,2.01940614041
Gradient Boosting,8,1,57,2.7880929,1.21218804
Gradient Boosting,8,1,62,2.8535925,3.06377965696
Gradient Boosting,8,1,87,3.6800909,2.78045177827
Gradient Boosting,8,1,89,3.9843437,3.7669336839
Gradient Boosting,8,1,94,4.6844434,3.7669336839
Gradient Boosting,8,1,95,5.1431245,3.14179255149
Gradient Boosting,8,1,97,5.5829322,3.6669509667
MLP (L-BFGS),8,1,2,-0.1625189,0.763155213292
MLP (L-BFGS),8,1,4,-0.1625189,0.595092082409
MLP (L-BFGS),8,1,7,0.7654678,1.58444425463
MLP (L-BFGS),8,1,9,1.047319,1.64122456326
MLP (L-BFGS),8,1,12,1.2669476,1.16643158051
MLP (L-BFGS),8,1,14,1.3480731,1.65170921258
MLP (L-BFGS),8,1,15,1.3987169,2.3972262653
MLP (L-BFGS),8,1,20,1.5993876,2.19244582957
MLP (L-BFGS),8,1,40,2.2772673,2.18290244043
MLP (L-BFGS),8,1,43,2.3272777,2.03610716653
MLP (L-BFGS),8,1,51,2.6567569,3.08874898094
MLP (L-BFGS),8,1,52,2.677591,2.8079602193
MLP (L-BFGS),8,1,53,2.6844403,1.53475217503
MLP (L-BFGS),8,1,57,2.7880929,2.30996885262
MLP (L-BFGS),8,1,62,2.8535925,2.85442378467
MLP (L-BFGS),8,1,87,3.6800909,2.5602148233
MLP (L-BFGS),8,1,89,3.9843437,4.39114165797
MLP (L-BFGS),8,1,94,4.6844434,4.78829803867
MLP (L-BFGS),8,1,95,5.1431245,3.27317970256
MLP (L-BFGS),8,1,97,5.5829322,2.49703328808
Ridge,8,1,2,-0.1625189,0.94173187511
Ridge,8,1,4,-0.1625189,0.812460814091
Ridge,8,1,7,0.7654678,1.95375865093
Ridge,8,1,9,1.047319,1.29957566969
Ridge,8,1,12,1.2669476,1.06696169413
Ridge,8,1,14,1.3480731,1.82687882279
Ridge,8,1,15,1.3987169,1.90796682864
Ridge,8,1,20,1.5993876,1.94098694762
Ridge,8,1,40,2.2772673,1.47262638258
Ridge,8,1,43,2.3272777,2.04448527553
Ridge,8,1,51,2.6567569,2.81740809993
Ridge,8,1,52,2.677591,3.03220220105
Ridge,8,1,53,2.6844403,2.37614167315
Ridge,8,1,57,2.7880929,1.26371384477
Ridge,8,1,62,2.8535925,3.1860383997
Ridge,8,1,87,3.6800909,2.87367937329
Ridge,8,1,89,3.9843437,4.22902227985
Ridge,8,1,94,4.6844434,4.15770785217
Ridge,8,1,95,5.1431245,2.91115263286
Ridge,8,1,97,5.5829322,3.58259580972
Lasso,8,1,2,-0.1625189,1.15633091614
Lasso,8,1,4,-0.1625189,1.05418824862
Lasso,8,1,7,0.7654678,1.94207812068
Lasso,8,1,9,1.047319,1.37762970267
Lasso,8,1,12,1.2669476,1.25099865812
Lasso,8,1,14,1.3480731,1.90080212882
Lasso,8,1,15,1.3987169,2.08059238089
Lasso,8,1,20,1.5993876,1.97665449715
Lasso,8,1,40,2.2772673,1.69886192162
Lasso,8,1,43,2.3272777,2.15366348109
Lasso,8,1,51,2.6567569,2.5697898302
Lasso,8,1,52,2.677591,2.79935249783
Lasso,8,1,53,2.6844403,2.25915067102
Lasso,8,1,57,2.7880929,1.62352417967
Lasso,8,1,62,2.8535925,3.22434975584
Lasso,8,1,87,3.6800909,2.60863074586
Lasso,8,1,89,3.9843437,4.1863025121
Lasso,8,1,94,4.6844434,3.96497356274
Lasso,8,1,95,5.1431245,3.18277186129
Lasso,8,1,97,5.5829322,3.83698842142
Mean baseline,8,1,2,-0.1625189,2.49302207403
Mean baseline,8,1,4,-0.1625189,2.49302207403
Mean baseline,8,1,7,0.7654678,2.49302207403
Mean baseline,8,1,9,1.047319,2.49302207403
Mean baseline,8,1,12,1.2669476,2.49302207403
Mean baseline,8,1,14,1.3480731,2.49302207403
Mean baseline,8,1,15,1.3987169,2.49302207403
Mean baseline,8,1,20,1.5993876,2.49302207403
Mean baseline,8,1,40,2.2772673,2.49302207403
Mean baseline,8,1,43,2.3272777,2.49302207403
Mean baseline,8,1,51,2.6567569,2.49302207403
Mean baseline,8,1,52,2.677591,2.49302207403
Mean baseline,8,1,53,2.6844403,2.49302207403
Mean baseline,8,1,57,2.7880929,2.49302207403
Mean baseline,8,1,62,2.8535925,2.49302207403
Mean baseline,8,1,87,3.6800909,2.49302207403
Mean baseline,8,1,89,3.9843437,2.49302207403
Mean baseline,8,1,94,4.6844434,2.49302207403
Mean baseline,8,1,95,5.1431245,2.49302207403
Mean baseline,8,1,97,5.5829322,2.49302207403
Linear Regression,8,2,3,-0.1625189,0.352795865957
Linear Regression,8,2,19,1.5581446,1.29052248591
Linear Regression,8,2,23,1.6956156,1.04602807939
Linear Regression,8,2,31,1.9242487,2.09265737606
Linear Regression,8,2,37,2.1575593,2.08538410581
Linear Regression,8,2,38,2.1916535,0.799035602189
Linear Regression,8,2,39,2.2137539,4.10499913642
Linear Regression,8,2,42,2.3075726,2.18319999681
Linear Regression,8,2,44,2.3749058,2.4915824413
Linear Regression,8,2,48,2.5687881,2.56876863526
Linear Regression,8,2,61,2.8419982,2.41257022963
Linear Regression,8,2,65,2.8820035,2.33965534197
Linear Regression,8,2,67,2.9204698,2.75883810494
Linear Regression,8,2,74,3.0750055,3.59515049862
Linear Regression,8,2,80,3.5130369,2.93938318357
Linear Regression,8,2,81,3.5160131,1.86212819446
Linear Regression,8,2,83,3.5652984,3.639362452
Linear Regression,8,2,85,3.5876769,2.58936154362
Linear Regression,8,2,91,4.029806,3.18734028132
Linear Regression,8,2,96,5.477509,4.03975642835
Decision Tree,8,2,3,-0.1625189,1.92032484412
Decision Tree,8,2,19,1.5581446,0.38731895
Decision Tree,8,2,23,1.6956156,0.38731895
Decision Tree,8,2,31,1.9242487,2.74295142
Decision Tree,8,2,37,2.1575593,1.92032484412
Decision Tree,8,2,38,2.1916535,1.92032484412
Decision Tree,8,2,39,2.2137539,3.2963578
Decision Tree,8,2,42,2.3075726,1.92032484412
Decision Tree,8,2,44,2.3749058,2.74295142
Decision Tree,8,2,48,2.5687881,2.74295142
Decision Tree,8,2,61,2.8419982,2.74295142
Decision Tree,8,2,65,2.8820035,1.92032484412
Decision Tree,8,2,67,2.9204698,2.74295142
Decision Tree,8,2,74,3.0750055,3.2963578
Decision Tree,8,2,80,3.5130369,2.74295142
Decision Tree,8,2,81,3.5160131,1.92032484412
Decision Tree,8,2,83,3.5652984,3.2963578
Decision Tree,8,2,85,3.5876769,1.92032484412
Decision Tree,8,2,91,4.029806,2.74295142
Decision Tree,8,2,96,5.477509,4.2529724625
Random Forest,8,2,3,-0.1625189,1.46912384533
Random Forest,8,2,19,1.5581446,0.674207653635
Random Forest,8,2,23,1.6956156,0.689485326498
Random Forest,8,2,31,1.9242487,2.18991799123
Random Forest,8,2,37,2.1575593,2.41207695091
Random Forest,8,2,38,2.1916535,1.79036340214
Random Forest,8,2,39,2.2137539,3.56843145671
Random Forest,8,2,42,2.3075726,2.25526757956
Random Forest,8,2,44,2.3749058,2.73914344478
Random Forest,8,2,48,2.5687881,2.6303706305
Random Forest,8,2,61,2.8419982,2.43431716043
Random Forest,8,2,65,2.8820035,2.25858343303
Random Forest,8,2,67,2.9204698,2.92719044498
Random Forest,8,2,74,3.0750055,3.03231715153
Random Forest,8,2,80,3.5130369,3.22460274325
Random Forest,8,2,81,3.5160131,2.09897947372
Random Forest,8,2,83,3.5652984,3.56863383691
Random Forest,8,2,85,3.5876769,2.61854029462
Random Forest,8,2,91,4.029806,3.2400151773
Random Forest,8,2,96,5.477509,3.69722161647
Gradient Boosting,8,2,3,-0.1625189,1.84197208622
Gradient Boosting,8,2,19,1.5581446,0.696355565352
Gradient Boosting,8,2,23,1.6956156,0.58609188471
Gradient Boosting,8,2,31,1.9242487,2.25058381667
Gradient Boosting,8,2,37,2.1575593,2.62712986161
Gradient Boosting,8,2,38,2.1916535,1.69355298771
Gradient Boosting,8,2,39,2.2137539,3.75210843696
Gradient Boosting,8,2,42,2.3075726,2.5089869691
Gradient Boosting,8,2,44,2.3749058,2.71687171434
Gradient Boosting,8,2,48,2.5687881,2.59940764907
Gradient Boosting,8,2,61,2.8419982,2.49725898921
Gradient Boosting,8,2,65,2.8820035,2.18102237835
Gradient Boosting,8,2,67,2.9204698,2.64201712388
Gradient Boosting,8,2,74,3.0750055,2.7663125779
Gradient Boosting,8,2,80,3.5130369,3.3108607889
Gradient Boosting,8,2,81,3.5160131,2.1937932578
Gradient Boosting,8,2,83,3.5652984,3.56739465724
Gradient Boosting,8,2,85,3.5876769,2.50645431708
Gradient Boosting,8,2,91,4.029806,3.19629478107
Gradient Boosting,8,2,96,5.477509,3.9720847837
MLP (L-BFGS),8,2,3,-0.1625189,0.818464775968
MLP (L-BFGS),8,2,19,1.5581446,1.55657915478
MLP (L-BFGS),8,2,23,1.6956156,0.647018354095
MLP (L-BFGS),8,2,31,1.9242487,2.26250430353
MLP (L-BFGS),8,2,37,2.1575593,2.59201354769
MLP (L-BFGS),8,2,38,2.1916535,0.504736276361
MLP (L-BFGS),8,2,39,2.2137539,3.60916979446
MLP (L-BFGS),8,2,42,2.3075726,1.82296046492
MLP (L-BFGS),8,2,44,2.3749058,2.58491349254
MLP (L-BFGS),8,2,48,2.5687881,2.61623723819
MLP (L-BFGS),8,2,61,2.8419982,3.06158983993
MLP (L-BFGS),8,2,65,2.8820035,1.80478142515
MLP (L-BFGS),8,2,67,2.9204698,2.79786627947
MLP (L-BFGS),8,2,74,3.0750055,3.18174948488
MLP (L-BFGS),8,2,80,3.5130369,2.58429550733
MLP (L-BFGS),8,2,81,3.5160131,1.60430647478
MLP (L-BFGS),8,2,83,3.5652984,4.07910106793
MLP (L-BFGS),8,2,85,3.5876769,2.54361566137
MLP (L-BFGS),8,2,91,4.029806,2.75372248439
MLP (L-BFGS),8,2,96,5.477509,3.4771524635
Ridge,8,2,3,-0.1625189,0.384155013781
Ridge,8,2,19,1.5581446,1.29027909953
Ridge,8,2,23,1.6956156,1.06072111099
Ridge,8,2,31,1.9242487,2.10063164731
Ridge,8,2,37,2.1575593,2.12740285562
Ridge,8,2,38,2.1916535,0.811401327393
Ridge,8,2,39,2.2137539,4.09521181666
Ridge,8,2,42,2.3075726,2.1793843709
Ridge,8,2,44,2.3749058,2.50722164639
Ridge,8,2,48,2.5687881,2.56921961464
Ridge,8,2,61,2.8419982,2.41415534389
Ridge,8,2,65,2.8820035,2.32580457885
Ridge,8,2,67,2.9204698,2.77001869689
Ridge,8,2,74,3.0750055,3.57881256043
Ridge,8,2,80,3.5130369,2.93253828558
Ridge,8,2,81,3.5160131,1.87458498093
Ridge,8,2,83,3.5652984,3.62660371932
Ridge,8,2,85,3.5876769,2.59819370415
Ridge,8,2,91,4.029806,3.1594913342
Ridge,8,2,96,5.477509,4.01879528744
Lasso,8,2,3,-0.1625189,0.728857343504
Lasso,8,2,19,1.5581446,1.14335460683
Lasso,8,2,23,1.6956156,1.16425229403
Lasso,8,2,31,1.9242487,2.09733853916
Lasso,8,2,37,2.1575593,2.36519280265
Lasso,8,2,38,2.1916535,0.99267046091
Lasso,8,2,39,2.2137539,3.96109439867
Lasso,8,2,42,2.3075726,2.27830967574
Lasso,8,2,44,2.3749058,2.5989688846
Lasso,8,2,48,2.5687881,2.52408458378
Lasso,8,2,61,2.8419982,2.440541488
Lasso,8,2,65,2.8820035,2.43523719349
Lasso,8,2,67,2.9204698,2.8023996543
Lasso,8,2,74,3.0750055,3.23221585763
Lasso,8,2,80,3.5130369,2.98546255473
Lasso,8,2,81,3.5160131,1.97627121903
Lasso,8,2,83,3.5652984,3.6847031925
Lasso,8,2,85,3.5876769,2.52066057506
Lasso,8,2,91,4.029806,3.25284784674
Lasso,8,2,96,5.477509,3.85993407066
Mean baseline,8,2,3,-0.1625189,2.4177271
Mean baseline,8,2,19,1.5581446,2.4177271
Mean baseline,8,2,23,1.6956156,2.4177271
Mean baseline,8,2,31,1.9242487,2.4177271
Mean baseline,8,2,37,2.1575593,2.4177271
Mean baseline,8,2,38,2.1916535,2.4177271
Mean baseline,8,2,39,2.2137539,2.4177271
Mean baseline,8,2,42,2.3075726,2.4177271
Mean baseline,8,2,44,2.3749058,2.4177271
Mean baseline,8,2,48,2.5687881,2.4177271
Mean baseline,8,2,61,2.8419982,2.4177271
Mean baseline,8,2,65,2.8820035,2.4177271
Mean baseline,8,2,67,2.9204698,2.4177271
Mean baseline,8,2,74,3.0750055,2.4177271
Mean baseline,8,2,80,3.5130369,2.4177271
Mean baseline,8,2,81,3.5160131,2.4177271
Mean baseline,8,2,83,3.5652984,2.4177271
Mean baseline,8,2,85,3.5876769,2.4177271
Mean baseline,8,2,91,4.029806,2.4177271
Mean baseline,8,2,96,5.477509,2.4177271
Linear Regression,8,3,1,-0.4307829,0.912606144566
Linear Regression,8,3,11,1.2669476,1.56528107257
Linear Regression,8,3,18,1.4929041,2.64677418573
Linear Regression,8,3,21,1.6389967,2.10235850881
Linear Regression,8,3,22,1.6582281,2.82201769125
Linear Regression,8,3,26,1.7664417,2.0784041208
Linear Regression,8,3,32,2.008214,1.92317643394
Linear Regression,8,3,34,2.0215476,1.45755502734
Linear Regression,8,3,49,2.5915164,2.82480954215
Linear Regression,8,3,54,2.6912431,3.13644736711
Linear Regression,8,3,68,2.9626924,3.12156188243
Linear Regression,8,3,70,2.9729753,2.96209651737
Linear Regression,8,3,71,3.0130809,3.27648434932
Linear Regression,8,3,75,3.2752562,3.73249497999
Linear Regression,8,3,78,3.4355988,3.42806364794
Linear Regression,8,3,79,3.4578927,3.49671700037
Linear Regression,8,3,82,3.5307626,3.10656294604
Linear Regression,8,3,84,3.5709402,3.37427720638
Linear Regression,8,3,88,3.7123518,2.99504701073
Decision Tree,8,3,1,-0.4307829,0.7307422375
Decision Tree,8,3,11,1.2669476,2.550592984
Decision Tree,8,3,18,1.4929041,3.46254501429
Decision Tree,8,3,21,1.6389967,1.84622739524
Decision Tree,8,3,22,1.6582281,2.59811674286
Decision Tree,8,3,26,1.7664417,1.84622739524
Decision Tree,8,3,32,2.008214,2.550592984
Decision Tree,8,3,34,2.0215476,1.84622739524
Decision Tree,8,3,49,2.5915164,1.84622739524
Decision Tree,8,3,54,2.6912431,2.59811674286
Decision Tree,8,3,68,2.9626924,3.46254501429
Decision Tree,8,3,70,2.9729753,2.550592984
Decision Tree,8,3,71,3.0130809,2.59811674286
Decision Tree,8,3,75,3.2752562,4.56258828
Decision Tree,8,3,78,3.4355988,3.46254501429
Decision Tree,8,3,79,3.4578927,2.59811674286
Decision Tree,8,3,82,3.5307626,2.59811674286
Decision Tree,8,3,84,3.5709402,2.59811674286
Decision Tree,8,3,88,3.7123518,1.84622739524
Random Forest,8,3,1,-0.4307829,0.917450501774
Random Forest,8,3,11,1.2669476,1.71783847322
Random Forest,8,3,18,1.4929041,2.83051691749
Random Forest,8,3,21,1.6389967,1.7517620719
Random Forest,8,3,22,1.6582281,2.73726155841
Random Forest,8,3,26,1.7664417,1.9101844124
Random Forest,8,3,32,2.008214,2.0568778588
Random Forest,8,3,34,2.0215476,1.35952810345
Random Forest,8,3,49,2.5915164,2.00305055495
Random Forest,8,3,54,2.6912431,2.85768878998
Random Forest,8,3,68,2.9626924,2.92217081098
Random Forest,8,3,70,2.9729753,2.58253932986
Random Forest,8,3,71,3.0130809,2.85486672285
Random Forest,8,3,75,3.2752562,4.40011596383
Random Forest,8,3,78,3.4355988,3.06013030459
Random Forest,8,3,79,3.4578927,3.00861734242
Random Forest,8,3,82,3.5307626,2.75739676971
Random Forest,8,3,84,3.5709402,2.99375248363
Random Forest,8,3,88,3.7123518,2.61676082151
Gradient Boosting,8,3,1,-0.4307829,1.19782281634
Gradient Boosting,8,3,11,1.2669476,1.67758766797
Gradient Boosting,8,3,18,1.4929041,2.63040077568
Gradient Boosting,8,3,21,1.6389967,1.98197192899
Gradient Boosting,8,3,22,1.6582281,2.66111081499
Gradient Boosting,8,3,26,1.7664417,1.98372826823
Gradient Boosting,8,3,32,2.008214,2.29715347181
Gradient Boosting,8,3,34,2.0215476,1.52972099037
Gradient Boosting,8,3,49,2.5915164,2.23930887808
Gradient Boosting,8,3,54,2.6912431,2.93045152384
Gradient Boosting,8,3,68,2.9626924,2.96769710648
Gradient Boosting,8,3,70,2.9729753,2.57921920311
Gradient Boosting,8,3,71,3.0130809,2.96748041309
Gradient Boosting,8,3,75,3.2752562,4.5681357398
Gradient Boosting,8,3,78,3.4355988,2.98060403298
Gradient Boosting,8,3,79,3.4578927,2.90126377865
Gradient Boosting,8,3,82,3.5307626,2.64778968118
Gradient Boosting,8,3,84,3.5709402,2.91713039003
Gradient Boosting,8,3,88,3.7123518,2.85388307598
MLP (L-BFGS),8,3,1,-0.4307829,1.24577632065
MLP (L-BFGS),8,3,11,1.2669476,1.44766319475
MLP (L-BFGS),8,3,18,1.4929041,2.43092712059
MLP (L-BFGS),8,3,21,1.6389967,1.46206391551
MLP (L-BFGS),8,3,22,1.6582281,3.31950318031
MLP (L-BFGS),8,3,26,1.7664417,1.99872801094
MLP (L-BFGS),8,3,32,2.008214,1.68494523298
MLP (L-BFGS),8,3,34,2.0215476,1.01274881761
MLP (L-BFGS),8,3,49,2.5915164,2.38607427004
MLP (L-BFGS),8,3,54,2.6912431,3.06556906447
MLP (L-BFGS),8,3,68,2.9626924,2.93406375451
MLP (L-BFGS),8,3,70,2.9729753,2.54515763147
MLP (L-BFGS),8,3,71,3.0130809,3.31293722896
MLP (L-BFGS),8,3,75,3.2752562,4.19695011312
MLP (L-BFGS),8,3,78,3.4355988,3.87961890468
MLP (L-BFGS),8,3,79,3.4578927,3.46013632554
MLP (L-BFGS),8,3,82,3.5307626,3.2830110304
MLP (L-BFGS),8,3,84,3.5709402,3.19455770673
MLP (L-BFGS),8,3,88,3.7123518,3.05421729028
Ridge,8,3,1,-0.4307829,0.922102600516
Ridge,8,3,11,1.2669476,1.57326532616
Ridge,8,3,18,1.4929041,2.64775802527
Ridge,8,3,21,1.6389967,2.09334630754
Ridge,8,3,22,1.6582281,2.82907924066
Ridge,8,3,26,1.7664417,2.06911168253
Ridge,8,3,32,2.008214,1.92641265652
Ridge,8,3,34,2.0215476,1.4611440695
Ridge,8,3,49,2.5915164,2.79525271414
Ridge,8,3,54,2.6912431,3.14473631854
Ridge,8,3,68,2.9626924,3.11397395728
Ridge,8,3,70,2.9729753,2.96453954797
Ridge,8,3,71,3.0130809,3.27286801905
Ridge,8,3,75,3.2752562,3.73394031758
Ridge,8,3,78,3.4355988,3.40824649187
Ridge,8,3,79,3.4578927,3.50201354454
Ridge,8,3,82,3.5307626,3.11099639978
Ridge,8,3,84,3.5709402,3.38053992772
Ridge,8,3,88,3.7123518,2.98843028204
Lasso,8,3,1,-0.4307829,0.953317347451
Lasso,8,3,11,1.2669476,1.71824922088
Lasso,8,3,18,1.4929041,2.81870456744
Lasso,8,3,21,1.6389967,2.13860562394
Lasso,8,3,22,1.6582281,2.8111376508
Lasso,8,3,26,1.7664417,2.18786242709
Lasso,8,3,32,2.008214,1.93172052188
Lasso,8,3,34,2.0215476,1.48708037688
Lasso,8,3,49,2.5915164,2.58723526008
Lasso,8,3,54,2.6912431,3.1271439087
Lasso,8,3,68,2.9626924,3.12105645792
Lasso,8,3,70,2.9729753,2.93891429742
Lasso,8,3,71,3.0130809,3.16945885722
Lasso,8,3,75,3.2752562,3.82889045329
Lasso,8,3,78,3.4355988,3.41633056793
Lasso,8,3,79,3.4578927,3.5353533421
Lasso,8,3,82,3.5307626,3.02394594804
Lasso,8,3,84,3.5709402,3.28154068276
Lasso,8,3,88,3.7123518,2.96444275226
Mean baseline,8,3,1,-0.4307829,2.48418871667
Mean baseline,8,3,11,1.2669476,2.48418871667
Mean baseline,8,3,18,1.4929041,2.48418871667
Mean baseline,8,3,21,1.6389967,2.48418871667
Mean baseline,8,3,22,1.6582281,2.48418871667
Mean baseline,8,3,26,1.7664417,2.48418871667
Mean baseline,8,3,32,2.008214,2.48418871667
Mean baseline,8,3,34,2.0215476,2.48418871667
Mean baseline,8,3,49,2.5915164,2.48418871667
Mean baseline,8,3,54,2.6912431,2.48418871667
Mean baseline,8,3,68,2.9626924,2.48418871667
Mean baseline,8,3,70,2.9729753,2.48418871667
Mean baseline,8,3,71,3.0130809,2.48418871667
Mean baseline,8,3,75,3.2752562,2.48418871667
Mean baseline,8,3,78,3.4355988,2.48418871667
Mean baseline,8,3,79,3.4578927,2.48418871667
Mean baseline,8,3,82,3.5307626,2.48418871667
Mean baseline,8,3,84,3.5709402,2.48418871667
Mean baseline,8,3,88,3.7123518,2.48418871667
Linear Regression,8,4,5,0.3715636,1.67618921762
Linear Regression,8,4,6,0.7654678,0.668628065995
Linear Regression,8,4,10,1.047319,1.23070367357
Linear Regression,8,4,13,1.2669476,2.21100262147
Linear Regression,8,4,25,1.7316555,1.76224798441
Linear Regression,8,4,29,1.8484548,2.17885218666
Linear Regression,8,4,30,1.8946169,2.26692220468
Linear Regression,8,4,33,2.008214,2.02344566966
Linear Regression,8,4,35,2.0476928,0.982420921286
Linear Regression,8,4,45,2.5217206,2.54453992803
Linear Regression,8,4,46,2.5533438,2.72456012544
Linear Regression,8,4,47,2.5687881,4.28265405147
Linear Regression,8,4,55,2.7047113,3.48643920806
Linear Regression,8,4,56,2.7180005,2.8892155879
Linear Regression,8,4,59,2.8063861,2.08377187186
Linear Regression,8,4,66,2.8875901,2.74491665334
Linear Regression,8,4,69,2.9626924,1.09855797494
Linear Regression,8,4,77,3.3928291,3.29095635881
Linear Regression,8,4,86,3.6309855,4.03606274954
Decision Tree,8,4,5,0.3715636,2.03065878966
Decision Tree,8,4,6,0.7654678,0.5812109
Decision Tree,8,4,10,1.047319,2.03065878966
Decision Tree,8,4,13,1.2669476,2.82015317222
Decision Tree,8,4,25,1.7316555,2.03065878966
Decision Tree,8,4,29,1.8484548,2.8404925
Decision Tree,8,4,30,1.8946169,3.36338075556
Decision Tree,8,4,33,2.008214,2.03065878966
Decision Tree,8,4,35,2.0476928,2.03065878966
Decision Tree,8,4,45,2.5217206,2.03065878966
Decision Tree,8,4,46,2.5533438,2.82015317222
Decision Tree,8,4,47,2.5687881,3.36338075556
Decision Tree,8,4,55,2.7047113,4.43334546667
Decision Tree,8,4,56,2.7180005,2.03065878966
Decision Tree,8,4,59,2.8063861,2.03065878966
Decision Tree,8,4,66,2.8875901,2.03065878966
Decision Tree,8,4,69,2.9626924,2.03065878966
Decision Tree,8,4,77,3.3928291,2.82015317222
Decision Tree,8,4,86,3.6309855,4.43334546667
Random Forest,8,4,5,0.3715636,1.64946599447
Random Forest,8,4,6,0.7654678,0.400369219858
Random Forest,8,4,10,1.047319,1.51300763697
Random Forest,8,4,13,1.2669476,2.71749308059
Random Forest,8,4,25,1.7316555,2.18329055682
Random Forest,8,4,29,1.8484548,2.48830435106
Random Forest,8,4,30,1.8946169,2.75763601933
Random Forest,8,4,33,2.008214,2.07092181801
Random Forest,8,4,35,2.0476928,1.54293252664
Random Forest,8,4,45,2.5217206,2.36644019559
Random Forest,8,4,46,2.5533438,2.54400932289
Random Forest,8,4,47,2.5687881,3.36700064926
Random Forest,8,4,55,2.7047113,3.96639845138
Random Forest,8,4,56,2.7180005,2.52425902142
Random Forest,8,4,59,2.8063861,2.32171687352
Random Forest,8,4,66,2.8875901,2.63977955611
Random Forest,8,4,69,2.9626924,1.77848191637
Random Forest,8,4,77,3.3928291,2.92618431175
Random Forest,8,4,86,3.6309855,4.25775031403
Gradient Boosting,8,4,5,0.3715636,1.76852163517
Gradient Boosting,8,4,6,0.7654678,0.67743793061
Gradient Boosting,8,4,10,1.047319,1.40286238173
Gradient Boosting,8,4,13,1.2669476,2.50003630759
Gradient Boosting,8,4,25,1.7316555,2.17522494933
Gradient Boosting,8,4,29,1.8484548,2.42118338732
Gradient Boosting,8,4,30,1.8946169,2.73905308401
Gradient Boosting,8,4,33,2.008214,2.10832629257
Gradient Boosting,8,4,35,2.0476928,1.40286238173
Gradient Boosting,8,4,45,2.5217206,2.22150186878
Gradient Boosting,8,4,46,2.5533438,2.46969126441
Gradient Boosting,8,4,47,2.5687881,3.47882752288
Gradient Boosting,8,4,55,2.7047113,3.40203453769
Gradient Boosting,8,4,56,2.7180005,2.5893196045
Gradient Boosting,8,4,59,2.8063861,2.30421176502
Gradient Boosting,8,4,66,2.8875901,2.5893196045
Gradient Boosting,8,4,69,2.9626924,1.87494132754
Gradient Boosting,8,4,77,3.3928291,2.94315583684
Gradient Boosting,8,4,86,3.6309855,4.12289120719
MLP (L-BFGS),8,4,5,0.3715636,1.32994035082
MLP (L-BFGS),8,4,6,0.7654678,0.550163877182
MLP (L-BFGS),8,4,10,1.047319,0.749946824222
MLP (L-BFGS),8,4,13,1.2669476,2.12502315258
MLP (L-BFGS),8,4,25,1.7316555,1.75139470412
MLP (L-BFGS),8,4,29,1.8484548,2.88688712472
MLP (L-BFGS),8,4,30,1.8946169,2.11633494801
MLP (L-BFGS),8,4,33,2.008214,2.2063202134
MLP (L-BFGS),8,4,35,2.0476928,0.58501929381
MLP (L-BFGS),8,4,45,2.5217206,2.71516362888
MLP (L-BFGS),8,4,46,2.5533438,2.59944075023
MLP (L-BFGS),8,4,47,2.5687881,3.77010618274
MLP (L-BFGS),8,4,55,2.7047113,3.57293862688
MLP (L-BFGS),8,4,56,2.7180005,2.70829975914
MLP (L-BFGS),8,4,59,2.8063861,2.40549752568
MLP (L-BFGS),8,4,66,2.8875901,2.3975974786
MLP (L-BFGS),8,4,69,2.9626924,1.76149981898
MLP (L-BFGS),8,4,77,3.3928291,3.30599851012
MLP (L-BFGS),8,4,86,3.6309855,4.38811057578
Ridge,8,4,5,0.3715636,1.67897252267
Ridge,8,4,6,0.7654678,0.692652580553
Ridge,8,4,10,1.047319,1.24355171573
Ridge,8,4,13,1.2669476,2.20213351453
Ridge,8,4,25,1.7316555,1.7678107963
Ridge,8,4,29,1.8484548,2.17757891913
Ridge,8,4,30,1.8946169,2.2940002416
Ridge,8,4,33,2.008214,2.01031935121
Ridge,8,4,35,2.0476928,1.01027089538
Ridge,8,4,45,2.5217206,2.53557638713
Ridge,8,4,46,2.5533438,2.69589715149
Ridge,8,4,47,2.5687881,4.28663268301
Ridge,8,4,55,2.7047113,3.43896598898
Ridge,8,4,56,2.7180005,2.87352555328
Ridge,8,4,59,2.8063861,2.09226524064
Ridge,8,4,66,2.8875901,2.73636953515
Ridge,8,4,69,2.9626924,1.13981537573
Ridge,8,4,77,3.3928291,3.29042609352
Ridge,8,4,86,3.6309855,4.02657978558
Lasso,8,4,5,0.3715636,1.81093811628
Lasso,8,4,6,0.7654678,0.757270619287
Lasso,8,4,10,1.047319,1.44364325329
Lasso,8,4,13,1.2669476,2.28133614329
Lasso,8,4,25,1.7316555,1.85745243458
Lasso,8,4,29,1.8484548,2.22260916448
Lasso,8,4,30,1.8946169,2.75154908264
Lasso,8,4,33,2.008214,2.16577157512
Lasso,8,4,35,2.0476928,1.29925438918
Lasso,8,4,45,2.5217206,2.51295055491
Lasso,8,4,46,2.5533438,2.53558050654
Lasso,8,4,47,2.5687881,4.13608885129
Lasso,8,4,55,2.7047113,3.27051115554
Lasso,8,4,56,2.7180005,2.64445861154
Lasso,8,4,59,2.8063861,2.05690264661
Lasso,8,4,66,2.8875901,2.60891042493
Lasso,8,4,69,2.9626924,1.35054230248
Lasso,8,4,77,3.3928291,3.22305933445
Lasso,8,4,86,3.6309855,4.04690315326
Mean baseline,8,4,5,0.3715636,2.5471095859
Mean baseline,8,4,6,0.7654678,2.5471095859
Mean baseline,8,4,10,1.047319,2.5471095859
Mean baseline,8,4,13,1.2669476,2.5471095859
Mean baseline,8,4,25,1.7316555,2.5471095859
Mean baseline,8,4,29,1.8484548,2.5471095859
Mean baseline,8,4,30,1.8946169,2.5471095859
Mean baseline,8,4,33,2.008214,2.5471095859
Mean baseline,8,4,35,2.0476928,2.5471095859
Mean baseline,8,4,45,2.5217206,2.5471095859
Mean baseline,8,4,46,2.5533438,2.5471095859
Mean baseline,8,4,47,2.5687881,2.5471095859
Mean baseline,8,4,55,2.7047113,2.5471095859
Mean baseline,8,4,56,2.7180005,2.5471095859
Mean baseline,8,4,59,2.8063861,2.5471095859
Mean baseline,8,4,66,2.8875901,2.5471095859
Mean baseline,8,4,69,2.9626924,2.5471095859
Mean baseline,8,4,77,3.3928291,2.5471095859
Mean baseline,8,4,86,3.6309855,2.5471095859
Linear Regression,8,5,8,0.8544153,2.19912753285
Linear Regression,8,5,16,1.446919,1.82295152282
Linear Regression,8,5,17,1.4701758,1.24996355687
Linear Regression,8,5,24,1.7137979,2.61966876737
Linear Regression,8,5,27,1.8000583,1.92558938395
Linear Regression,8,5,28,1.8164521,1.63150869867
Linear Regression,8,5,36,2.0856721,2.85037837603
Linear Regression,8,5,41,2.2975726,1.83691476935
Linear Regression,8,5,50,2.5915164,2.13688985646
Linear Regression,8,5,58,2.7942279,2.44767378114
Linear Regression,8,5,60,2.8124102,2.66198562824
Linear Regression,8,5,63,2.8535925,2.90233709376
Linear Regression,8,5,64,2.8820035,3.71921305758
Linear Regression,8,5,72,3.0373539,1.93904899071
Linear Regression,8,5,73,3.0563569,2.63767205104
Linear Regression,8,5,76,3.3375474,3.59557978149
Linear Regression,8,5,90,3.993603,3.02703218827
Linear Regression,8,5,92,4.1295508,3.91979535679
Linear Regression,8,5,93,4.3851468,3.74396668554
Decision Tree,8,5,8,0.8544153,1.796360275
Decision Tree,8,5,16,1.446919,2.49720539286
Decision Tree,8,5,17,1.4701758,1.796360275
Decision Tree,8,5,24,1.7137979,3.08527547647
Decision Tree,8,5,27,1.8000583,1.796360275
Decision Tree,8,5,28,1.8164521,2.64212487778
Decision Tree,8,5,36,2.0856721,2.64212487778
Decision Tree,8,5,41,2.2975726,1.796360275
Decision Tree,8,5,50,2.5915164,1.796360275
Decision Tree,8,5,58,2.7942279,1.796360275
Decision Tree,8,5,60,2.8124102,2.64212487778
Decision Tree,8,5,63,2.8535925,3.08527547647
Decision Tree,8,5,64,2.8820035,3.08527547647
Decision Tree,8,5,72,3.0373539,1.796360275
Decision Tree,8,5,73,3.0563569,1.796360275
Decision Tree,8,5,76,3.3375474,4.27923464444
Decision Tree,8,5,90,3.993603,3.08527547647
Decision Tree,8,5,92,4.1295508,2.49720539286
Decision Tree,8,5,93,4.3851468,4.27923464444
Random Forest,8,5,8,0.8544153,1.64173267535
Random Forest,8,5,16,1.446919,1.99651891989
Random Forest,8,5,17,1.4701758,1.64230126402
Random Forest,8,5,24,1.7137979,2.90707361676
Random Forest,8,5,27,1.8000583,2.34493741612
Random Forest,8,5,28,1.8164521,2.06612019629
Random Forest,8,5,36,2.0856721,2.54747200994
Random Forest,8,5,41,2.2975726,1.95619926152
Random Forest,8,5,50,2.5915164,1.94344893395
Random Forest,8,5,58,2.7942279,2.14013277026
Random Forest,8,5,60,2.8124102,2.58470651901
Random Forest,8,5,63,2.8535925,3.53345321861
Random Forest,8,5,64,2.8820035,2.9721586887
Random Forest,8,5,72,3.0373539,2.11784764733
Random Forest,8,5,73,3.0563569,2.51617052461
Random Forest,8,5,76,3.3375474,4.27742336624
Random Forest,8,5,90,3.993603,2.99137283432
Random Forest,8,5,92,4.1295508,3.0331902898
Random Forest,8,5,93,4.3851468,3.94135560211
Gradient Boosting,8,5,8,0.8544153,1.75187355681
Gradient Boosting,8,5,16,1.446919,2.0731402987
Gradient Boosting,8,5,17,1.4701758,1.82840450662
Gradient Boosting,8,5,24,1.7137979,2.7275110949
Gradient Boosting,8,5,27,1.8000583,2.488654537
Gradient Boosting,8,5,28,1.8164521,2.51934573322
Gradient Boosting,8,5,36,2.0856721,2.55011871288
Gradient Boosting,8,5,41,2.2975726,1.68660836809
Gradient Boosting,8,5,50,2.5915164,1.92543065975
Gradient Boosting,8,5,58,2.7942279,2.46424332404
Gradient Boosting,8,5,60,2.8124102,2.64009855705
Gradient Boosting,8,5,63,2.8535925,3.10437887118
Gradient Boosting,8,5,64,2.8820035,2.94873545719
Gradient Boosting,8,5,72,3.0373539,2.14267292809
Gradient Boosting,8,5,73,3.0563569,2.6174733101
Gradient Boosting,8,5,76,3.3375474,4.16717209669
Gradient Boosting,8,5,90,3.993603,2.92498478088
Gradient Boosting,8,5,92,4.1295508,3.08171335643
Gradient Boosting,8,5,93,4.3851468,3.73904355619
MLP (L-BFGS),8,5,8,0.8544153,2.04341402134
MLP (L-BFGS),8,5,16,1.446919,1.19687726946
MLP (L-BFGS),8,5,17,1.4701758,1.76349554485
MLP (L-BFGS),8,5,24,1.7137979,2.95525834081
MLP (L-BFGS),8,5,27,1.8000583,2.29755682732
MLP (L-BFGS),8,5,28,1.8164521,1.62351569675
MLP (L-BFGS),8,5,36,2.0856721,2.46138136584
MLP (L-BFGS),8,5,41,2.2975726,1.83424865588
MLP (L-BFGS),8,5,50,2.5915164,2.13699319125
MLP (L-BFGS),8,5,58,2.7942279,2.38705882667
MLP (L-BFGS),8,5,60,2.8124102,2.98386544225
MLP (L-BFGS),8,5,63,2.8535925,2.07516412883
MLP (L-BFGS),8,5,64,2.8820035,3.22757696671
MLP (L-BFGS),8,5,72,3.0373539,2.26652449383
MLP (L-BFGS),8,5,73,3.0563569,2.41679656341
MLP (L-BFGS),8,5,76,3.3375474,4.41056861947
MLP (L-BFGS),8,5,90,3.993603,3.20380945077
MLP (L-BFGS),8,5,92,4.1295508,3.98611109266
MLP (L-BFGS),8,5,93,4.3851468,3.46100531688
Ridge,8,5,8,0.8544153,2.18569971648
Ridge,8,5,16,1.446919,1.81654533824
Ridge,8,5,17,1.4701758,1.27740566025
Ridge,8,5,24,1.7137979,2.62600753979
Ridge,8,5,27,1.8000583,1.93035465433
Ridge,8,5,28,1.8164521,1.64379322259
Ridge,8,5,36,2.0856721,2.83401630091
Ridge,8,5,41,2.2975726,1.83397422698
Ridge,8,5,50,2.5915164,2.13763203769
Ridge,8,5,58,2.7942279,2.42723651738
Ridge,8,5,60,2.8124102,2.64247077547
Ridge,8,5,63,2.8535925,2.91604330746
Ridge,8,5,64,2.8820035,3.71680779435
Ridge,8,5,72,3.0373539,1.9392336151
Ridge,8,5,73,3.0563569,2.64534527062
Ridge,8,5,76,3.3375474,3.59306247108
Ridge,8,5,90,3.993603,3.02686706632
Ridge,8,5,92,4.1295508,3.86820803793
Ridge,8,5,93,4.3851468,3.73224720933
Lasso,8,5,8,0.8544153,2.07413688408
Lasso,8,5,16,1.446919,1.99670715318
Lasso,8,5,17,1.4701758,1.36471367881
Lasso,8,5,24,1.7137979,2.60840452521
Lasso,8,5,27,1.8000583,1.94443168034
Lasso,8,5,28,1.8164521,1.60986329152
Lasso,8,5,36,2.0856721,2.69477539017
Lasso,8,5,41,2.2975726,1.77544171341
Lasso,8,5,50,2.5915164,2.22343182451
Lasso,8,5,58,2.7942279,2.16746433814
Lasso,8,5,60,2.8124102,2.46885974466
Lasso,8,5,63,2.8535925,3.03253915087
Lasso,8,5,64,2.8820035,3.52354483713
Lasso,8,5,72,3.0373539,2.06353304844
Lasso,8,5,73,3.0563569,2.69686552018
Lasso,8,5,76,3.3375474,3.59862113993
Lasso,8,5,90,3.993603,2.99531238653
Lasso,8,5,92,4.1295508,3.5900862256
Lasso,8,5,93,4.3851468,3.68955894525
Mean baseline,8,5,8,0.8544153,2.44929685641
Mean baseline,8,5,16,1.446919,2.44929685641
Mean baseline,8,5,17,1.4701758,2.44929685641
Mean baseline,8,5,24,1.7137979,2.44929685641
Mean baseline,8,5,27,1.8000583,2.44929685641
Mean baseline,8,5,28,1.8164521,2.44929685641
Mean baseline,8,5,36,2.0856721,2.44929685641
Mean baseline,8,5,41,2.2975726,2.44929685641
Mean baseline,8,5,50,2.5915164,2.44929685641
Mean baseline,8,5,58,2.7942279,2.44929685641
Mean baseline,8,5,60,2.8124102,2.44929685641
Mean baseline,8,5,63,2.8535925,2.44929685641
Mean baseline,8,5,64,2.8820035,2.44929685641
Mean baseline,8,5,72,3.0373539,2.44929685641
Mean baseline,8,5,73,3.0563569,2.44929685641
Mean baseline,8,5,76,3.3375474,2.44929685641
Mean baseline,8,5,90,3.993603,2.44929685641
Mean baseline,8,5,92,4.1295508,2.44929685641
Mean baseline,8,5,93,4.3851468,2.44929685641
Linear Regression,9,1,1,-0.4307829,0.970084610277
Linear Regression,9,1,7,0.7654678,1.95783710875
Linear Regression,9,1,9,1.047319,1.42427113185
Linear Regression,9,1,15,1.3987169,2.14302918303
Linear Regression,9,1,28,1.8164521,1.78545471929
Linear Regression,9,1,36,2.0856721,2.94936449483
Linear Regression,9,1,39,2.2137539,4.08863940275
Linear Regression,9,1,41,2.2975726,2.12461711751
Linear Regression,9,1,44,2.3749058,2.47077398723
Linear Regression,9,1,45,2.5217206,2.44571772778
Linear Regression,9,1,55,2.7047113,3.31937278962
Linear Regression,9,1,61,2.8419982,2.39227056427
Linear Regression,9,1,62,2.8535925,3.68310909916
Linear Regression,9,1,71,3.0130809,3.4202901424
Linear Regression,9,1,72,3.0373539,2.04243452501
Linear Regression,9,1,74,3.0750055,3.69174157607
Linear Regression,9,1,83,3.5652984,3.59197887177
Linear Regression,9,1,86,3.6309855,3.92670946804
Linear Regression,9,1,93,4.3851468,3.8944501632
Linear Regression,9,1,95,5.1431245,3.75913130663
Decision Tree,9,1,1,-0.4307829,0.685516985714
Decision Tree,9,1,7,0.7654678,1.97252393548
Decision Tree,9,1,9,1.047319,0.685516985714
Decision Tree,9,1,15,1.3987169,1.97252393548
Decision Tree,9,1,28,1.8164521,2.7784821
Decision Tree,9,1,36,2.0856721,2.7784821
Decision Tree,9,1,39,2.2137539,3.74572684
Decision Tree,9,1,41,2.2975726,1.97252393548
Decision Tree,9,1,44,2.3749058,2.7784821
Decision Tree,9,1,45,2.5217206,1.97252393548
Decision Tree,9,1,55,2.7047113,4.6224476
Decision Tree,9,1,61,2.8419982,2.7784821
Decision Tree,9,1,62,2.8535925,2.7784821
Decision Tree,9,1,71,3.0130809,1.97252393548
Decision Tree,9,1,72,3.0373539,1.97252393548
Decision Tree,9,1,74,3.0750055,1.97252393548
Decision Tree,9,1,83,3.5652984,3.11822566
Decision Tree,9,1,86,3.6309855,4.6224476
Decision Tree,9,1,93,4.3851468,3.74572684
Decision Tree,9,1,95,5.1431245,4.6224476
Random Forest,9,1,1,-0.4307829,0.916965739271
Random Forest,9,1,7,0.7654678,1.63877137165
Random Forest,9,1,9,1.047319,0.87683189333
Random Forest,9,1,15,1.3987169,2.09748096638
Random Forest,9,1,28,1.8164521,2.18066578299
Random Forest,9,1,36,2.0856721,2.70145782615
Random Forest,9,1,39,2.2137539,3.64558450202
Random Forest,9,1,41,2.2975726,1.78473042569
Random Forest,9,1,44,2.3749058,3.01827681709
Random Forest,9,1,45,2.5217206,2.1858840251
Random Forest,9,1,55,2.7047113,3.40819289286
Random Forest,9,1,61,2.8419982,2.44177458497
Random Forest,9,1,62,2.8535925,3.35630496487
Random Forest,9,1,71,3.0130809,2.9272340039
Random Forest,9,1,72,3.0373539,2.06913292896
Random Forest,9,1,74,3.0750055,2.86845245303
Random Forest,9,1,83,3.5652984,3.42269639582
Random Forest,9,1,86,3.6309855,3.89650634265
Random Forest,9,1,93,4.3851468,3.89422500284
Random Forest,9,1,95,5.1431245,3.74920213437
Gradient Boosting,9,1,1,-0.4307829,1.09263334113
Gradient Boosting,9,1,7,0.7654678,1.54821119602
Gradient Boosting,9,1,9,1.047319,1.17743919217
Gradient Boosting,9,1,15,1.3987169,2.20494940791
Gradient Boosting,9,1,28,1.8164521,2.35137442927
Gradient Boosting,9,1,36,2.0856721,2.70337829073
Gradient Boosting,9,1,39,2.2137539,3.80436578399
Gradient Boosting,9,1,41,2.2975726,1.47356599908
Gradient Boosting,9,1,44,2.3749058,2.87259626003
Gradient Boosting,9,1,45,2.5217206,2.18108708935
Gradient Boosting,9,1,55,2.7047113,3.14685569567
Gradient Boosting,9,1,61,2.8419982,2.33606289903
Gradient Boosting,9,1,62,2.8535925,3.27330336847
Gradient Boosting,9,1,71,3.0130809,2.98214449825
Gradient Boosting,9,1,72,3.0373539,2.10853284912
Gradient Boosting,9,1,74,3.0750055,2.87865514686
Gradient Boosting,9,1,83,3.5652984,3.4453365713
Gradient Boosting,9,1,86,3.6309855,3.64295321425
Gradient Boosting,9,1,93,4.3851468,4.07635907209
Gradient Boosting,9,1,95,5.1431245,3.83730036834
MLP (L-BFGS),9,1,1,-0.4307829,1.1763791948
MLP (L-BFGS),9,1,7,0.7654678,1.92691090437
MLP (L-BFGS),9,1,9,1.047319,1.3029753824
MLP (L-BFGS),9,1,15,1.3987169,2.20379712262
MLP (L-BFGS),9,1,28,1.8164521,1.59326781555
MLP (L-BFGS),9,1,36,2.0856721,2.64862677071
MLP (L-BFGS),9,1,39,2.2137539,3.99492822698
MLP (L-BFGS),9,1,41,2.2975726,1.62833331604
MLP (L-BFGS),9,1,44,2.3749058,2.58901872003
MLP (L-BFGS),9,1,45,2.5217206,2.29596142372
MLP (L-BFGS),9,1,55,2.7047113,3.35793624989
MLP (L-BFGS),9,1,61,2.8419982,2.62033038492
MLP (L-BFGS),9,1,62,2.8535925,3.50551372888
MLP (L-BFGS),9,1,71,3.0130809,3.54212366245
MLP (L-BFGS),9,1,72,3.0373539,1.96575548972
MLP (L-BFGS),9,1,74,3.0750055,3.05480875519
MLP (L-BFGS),9,1,83,3.5652984,3.92622269061
MLP (L-BFGS),9,1,86,3.6309855,3.8591157486
MLP (L-BFGS),9,1,93,4.3851468,3.95969273152
MLP (L-BFGS),9,1,95,5.1431245,4.05542941074
Ridge,9,1,1,-0.4307829,0.979033077987
Ridge,9,1,7,0.7654678,1.95656716895
Ridge,9,1,9,1.047319,1.43194839643
Ridge,9,1,15,1.3987169,2.14529637891
Ridge,9,1,28,1.8164521,1.794822381
Ridge,9,1,36,2.0856721,2.93462396925
Ridge,9,1,39,2.2137539,4.08303162661
Ridge,9,1,41,2.2975726,2.10670590179
Ridge,9,1,44,2.3749058,2.48616872284
Ridge,9,1,45,2.5217206,2.44291022572
Ridge,9,1,55,2.7047113,3.28255999341
Ridge,9,1,61,2.8419982,2.39820181581
Ridge,9,1,62,2.8535925,3.68207040982
Ridge,9,1,71,3.0130809,3.41142675722
Ridge,9,1,72,3.0373539,2.03940949276
Ridge,9,1,74,3.0750055,3.67058690739
Ridge,9,1,83,3.5652984,3.58206621245
Ridge,9,1,86,3.6309855,3.91651687003
Ridge,9,1,93,4.3851468,3.87927259366
Ridge,9,1,95,5.1431245,3.75663480972
Lasso,9,1,1,-0.4307829,0.995770265441
Lasso,9,1,7,0.7654678,1.99914822388
Lasso,9,1,9,1.047319,1.35287466027
Lasso,9,1,15,1.3987169,2.15165881141
Lasso,9,1,28,1.8164521,1.73045755715
Lasso,9,1,36,2.0856721,2.7542875108
Lasso,9,1,39,2.2137539,4.00453619873
Lasso,9,1,41,2.2975726,1.74958529786
Lasso,9,1,44,2.3749058,2.62499325647
Lasso,9,1,45,2.5217206,2.4171428922
Lasso,9,1,55,2.7047113,3.12168629727
Lasso,9,1,61,2.8419982,2.44736568742
Lasso,9,1,62,2.8535925,3.5699046729
Lasso,9,1,71,3.0130809,3.26429728626
Lasso,9,1,72,3.0373539,2.0863686776
Lasso,9,1,74,3.0750055,3.23488872899
Lasso,9,1,83,3.5652984,3.60799153177
Lasso,9,1,86,3.6309855,3.8793407476
Lasso,9,1,93,4.3851468,3.78963273811
Lasso,9,1,95,5.1431245,3.71461292034
Mean baseline,9,1,1,-0.4307829,2.46834327013
Mean baseline,9,1,7,0.7654678,2.46834327013
Mean baseline,9,1,9,1.047319,2.46834327013
Mean baseline,9,1,15,1.3987169,2.46834327013
Mean baseline,9,1,28,1.8164521,2.46834327013
Mean baseline,9,1,36,2.0856721,2.46834327013
Mean baseline,9,1,39,2.2137539,2.46834327013
Mean baseline,9,1,41,2.2975726,2.46834327013
Mean baseline,9,1,44,2.3749058,2.46834327013
Mean baseline,9,1,45,2.5217206,2.46834327013
Mean baseline,9,1,55,2.7047113,2.46834327013
Mean baseline,9,1,61,2.8419982,2.46834327013
Mean baseline,9,1,62,2.8535925,2.46834327013
Mean baseline,9,1,71,3.0130809,2.46834327013
Mean baseline,9,1,72,3.0373539,2.46834327013
Mean baseline,9,1,74,3.0750055,2.46834327013
Mean baseline,9,1,83,3.5652984,2.46834327013
Mean baseline,9,1,86,3.6309855,2.46834327013
Mean baseline,9,1,93,4.3851468,2.46834327013
Mean baseline,9,1,95,5.1431245,2.46834327013
Linear Regression,9,2,18,1.4929041,2.32468186364
Linear Regression,9,2,19,1.5581446,1.28607334666
Linear Regression,9,2,21,1.6389967,1.92903327817
Linear Regression,9,2,22,1.6582281,2.81959864175
Linear Regression,9,2,25,1.7316555,1.75849044058
Linear Regression,9,2,26,1.7664417,2.07438387657
Linear Regression,9,2,27,1.8000583,1.87114166417
Linear Regression,9,2,32,2.008214,1.80216413048
Linear Regression,9,2,33,2.008214,2.02234341663
Linear Regression,9,2,35,2.0476928,0.930565967317
Linear Regression,9,2,37,2.1575593,1.63170043715
Linear Regression,9,2,42,2.3075726,2.00439624802
Linear Regression,9,2,46,2.5533438,2.6482325714
Linear Regression,9,2,58,2.7942279,2.3764179198
Linear Regression,9,2,59,2.8063861,1.91724935096
Linear Regression,9,2,69,2.9626924,0.921993992126
Linear Regression,9,2,73,3.0563569,2.40063203763
Linear Regression,9,2,80,3.5130369,3.1359196523
Linear Regression,9,2,91,4.029806,3.24550624628
Linear Regression,9,2,97,5.5829322,3.93098430779
Decision Tree,9,2,18,1.4929041,2.91957973478
Decision Tree,9,2,19,1.5581446,0.4821263
Decision Tree,9,2,21,1.6389967,2.0881645
Decision Tree,9,2,22,1.6582281,2.91957973478
Decision Tree,9,2,25,1.7316555,2.19896743333
Decision Tree,9,2,26,1.7664417,2.0881645
Decision Tree,9,2,27,1.8000583,2.19896743333
Decision Tree,9,2,32,2.008214,2.19896743333
Decision Tree,9,2,33,2.008214,2.0881645
Decision Tree,9,2,35,2.0476928,1.36518475556
Decision Tree,9,2,37,2.1575593,2.91957973478
Decision Tree,9,2,42,2.3075726,2.91957973478
Decision Tree,9,2,46,2.5533438,2.0881645
Decision Tree,9,2,58,2.7942279,2.19896743333
Decision Tree,9,2,59,2.8063861,2.19896743333
Decision Tree,9,2,69,2.9626924,2.19896743333
Decision Tree,9,2,73,3.0563569,3.22408373636
Decision Tree,9,2,80,3.5130369,2.91957973478
Decision Tree,9,2,91,4.029806,2.91957973478
Decision Tree,9,2,97,5.5829322,4.2397945625
Random Forest,9,2,18,1.4929041,2.81890518246
Random Forest,9,2,19,1.5581446,0.617128345037
Random Forest,9,2,21,1.6389967,1.97195550014
Random Forest,9,2,22,1.6582281,3.02105889126
Random Forest,9,2,25,1.7316555,2.02139685929
Random Forest,9,2,26,1.7664417,1.96475134004
Random Forest,9,2,27,1.8000583,2.05137145647
Random Forest,9,2,32,2.008214,1.82730703631
Random Forest,9,2,33,2.008214,2.09328690939
Random Forest,9,2,35,2.0476928,1.3038702303
Random Forest,9,2,37,2.1575593,2.72800289032
Random Forest,9,2,42,2.3075726,2.53242967537
Random Forest,9,2,46,2.5533438,2.64052998035
Random Forest,9,2,58,2.7942279,1.96232512448
Random Forest,9,2,59,2.8063861,2.08535069265
Random Forest,9,2,69,2.9626924,1.51597621553
Random Forest,9,2,73,3.0563569,2.96530789746
Random Forest,9,2,80,3.5130369,3.32712661177
Random Forest,9,2,91,4.029806,3.30127871113
Random Forest,9,2,97,5.5829322,3.85031787515
Gradient Boosting,9,2,18,1.4929041,2.79169385192
Gradient Boosting,9,2,19,1.5581446,0.570782478765
Gradient Boosting,9,2,21,1.6389967,1.94382255355
Gradient Boosting,9,2,22,1.6582281,3.07263604924
Gradient Boosting,9,2,25,1.7316555,2.31493403626
Gradient Boosting,9,2,26,1.7664417,2.09480569214
Gradient Boosting,9,2,27,1.8000583,2.31403199606
Gradient Boosting,9,2,32,2.008214,2.13569448719
Gradient Boosting,9,2,33,2.008214,2.02224113826
Gradient Boosting,9,2,35,2.0476928,1.15076963286
Gradient Boosting,9,2,37,2.1575593,2.88377285016
Gradient Boosting,9,2,42,2.3075726,2.67374484625
Gradient Boosting,9,2,46,2.5533438,2.66955118485
Gradient Boosting,9,2,58,2.7942279,2.5070438885
Gradient Boosting,9,2,59,2.8063861,2.27993713521
Gradient Boosting,9,2,69,2.9626924,1.9776185857
Gradient Boosting,9,2,73,3.0563569,2.86231440051
Gradient Boosting,9,2,80,3.5130369,3.07912891273
Gradient Boosting,9,2,91,4.029806,3.23900967545
Gradient Boosting,9,2,97,5.5829322,3.75949124808
MLP (L-BFGS),9,2,18,1.4929041,2.17937395167
MLP (L-BFGS),9,2,19,1.5581446,0.990413570574
MLP (L-BFGS),9,2,21,1.6389967,1.40589699724
MLP (L-BFGS),9,2,22,1.6582281,3.29839391441
MLP (L-BFGS),9,2,25,1.7316555,1.81397983561
MLP (L-BFGS),9,2,26,1.7664417,1.88812684065
MLP (L-BFGS),9,2,27,1.8000583,2.20438078403
MLP (L-BFGS),9,2,32,2.008214,1.75978341355
MLP (L-BFGS),9,2,33,2.008214,2.15099947221
MLP (L-BFGS),9,2,35,2.0476928,0.665854995559
MLP (L-BFGS),9,2,37,2.1575593,2.03867591593
MLP (L-BFGS),9,2,42,2.3075726,1.64474127964
MLP (L-BFGS),9,2,46,2.5533438,2.53104394317
MLP (L-BFGS),9,2,58,2.7942279,1.72134242029
MLP (L-BFGS),9,2,59,2.8063861,2.17116558353
MLP (L-BFGS),9,2,69,2.9626924,1.82734027277
MLP (L-BFGS),9,2,73,3.0563569,2.9838563472
MLP (L-BFGS),9,2,80,3.5130369,3.19567656338
MLP (L-BFGS),9,2,91,4.029806,4.0427485857
MLP (L-BFGS),9,2,97,5.5829322,3.00028630858
Ridge,9,2,18,1.4929041,2.33419439624
Ridge,9,2,19,1.5581446,1.28446911598
Ridge,9,2,21,1.6389967,1.91620046516
Ridge,9,2,22,1.6582281,2.83039386487
Ridge,9,2,25,1.7316555,1.76128389195
Ridge,9,2,26,1.7664417,2.0543021412
Ridge,9,2,27,1.8000583,1.86727237626
Ridge,9,2,32,2.008214,1.80482047323
Ridge,9,2,33,2.008214,2.00354818602
Ridge,9,2,35,2.0476928,0.958052963252
Ridge,9,2,37,2.1575593,1.71239499957
Ridge,9,2,42,2.3075726,2.00941438479
Ridge,9,2,46,2.5533438,2.62107630635
Ridge,9,2,58,2.7942279,2.35238434686
Ridge,9,2,59,2.8063861,1.93320343578
Ridge,9,2,69,2.9626924,0.968220909311
Ridge,9,2,73,3.0563569,2.42639191927
Ridge,9,2,80,3.5130369,3.11686161296
Ridge,9,2,91,4.029806,3.20642989582
Ridge,9,2,97,5.5829322,3.95094103926
Lasso,9,2,18,1.4929041,2.60822849327
Lasso,9,2,19,1.5581446,1.09133203635
Lasso,9,2,21,1.6389967,1.95609554521
Lasso,9,2,22,1.6582281,2.89450399871
Lasso,9,2,25,1.7316555,1.84392377632
Lasso,9,2,26,1.7664417,2.18196294265
Lasso,9,2,27,1.8000583,1.80899160819
Lasso,9,2,32,2.008214,1.80714834161
Lasso,9,2,33,2.008214,2.15153856956
Lasso,9,2,35,2.0476928,1.20361909155
Lasso,9,2,37,2.1575593,2.18781170183
Lasso,9,2,42,2.3075726,2.13801464615
Lasso,9,2,46,2.5533438,2.5139762267
Lasso,9,2,58,2.7942279,2.06828533941
Lasso,9,2,59,2.8063861,1.96526485402
Lasso,9,2,69,2.9626924,1.18075445844
Lasso,9,2,73,3.0563569,2.51950366476
Lasso,9,2,80,3.5130369,3.10384045594
Lasso,9,2,91,4.029806,3.25152952974
Lasso,9,2,97,5.5829322,4.08737492444
Mean baseline,9,2,18,1.4929041,2.47959822468
Mean baseline,9,2,19,1.5581446,2.47959822468
Mean baseline,9,2,21,1.6389967,2.47959822468
Mean baseline,9,2,22,1.6582281,2.47959822468
Mean baseline,9,2,25,1.7316555,2.47959822468
Mean baseline,9,2,26,1.7664417,2.47959822468
Mean baseline,9,2,27,1.8000583,2.47959822468
Mean baseline,9,2,32,2.008214,2.47959822468
Mean baseline,9,2,33,2.008214,2.47959822468
Mean baseline,9,2,35,2.0476928,2.47959822468
Mean baseline,9,2,37,2.1575593,2.47959822468
Mean baseline,9,2,42,2.3075726,2.47959822468
Mean baseline,9,2,46,2.5533438,2.47959822468
Mean baseline,9,2,58,2.7942279,2.47959822468
Mean baseline,9,2,59,2.8063861,2.47959822468
Mean baseline,9,2,69,2.9626924,2.47959822468
Mean baseline,9,2,73,3.0563569,2.47959822468
Mean baseline,9,2,80,3.5130369,2.47959822468
Mean baseline,9,2,91,4.029806,2.47959822468
Mean baseline,9,2,97,5.5829322,2.47959822468
Linear Regression,9,3,2,-0.1625189,0.833372040273
Linear Regression,9,3,6,0.7654678,0.908905692524
Linear Regression,9,3,8,0.8544153,2.18574258048
Linear Regression,9,3,11,1.2669476,1.5845639167
Linear Regression,9,3,13,1.2669476,2.07490867881
Linear Regression,9,3,16,1.446919,1.95658933427
Linear Regression,9,3,31,1.9242487,2.1225891103
Linear Regression,9,3,34,2.0215476,1.45796588431
Linear Regression,9,3,40,2.2772673,1.76787002085
Linear Regression,9,3,43,2.3272777,2.14758494733
Linear Regression,9,3,48,2.5687881,2.64590761762
Linear Regression,9,3,49,2.5915164,2.82465747932
Linear Regression,9,3,53,2.6844403,2.1720506727
Linear Regression,9,3,68,2.9626924,3.07003968099
Linear Regression,9,3,70,2.9729753,2.97809970739
Linear Regression,9,3,78,3.4355988,3.44878461056
Linear Regression,9,3,84,3.5709402,3.26011244436
Linear Regression,9,3,88,3.7123518,3.0166876616
Linear Regression,9,3,89,3.9843437,4.31403579037
Decision Tree,9,3,2,-0.1625189,0.687458014286
Decision Tree,9,3,6,0.7654678,0.687458014286
Decision Tree,9,3,8,0.8544153,2.03913128621
Decision Tree,9,3,11,1.2669476,2.03913128621
Decision Tree,9,3,13,1.2669476,2.03913128621
Decision Tree,9,3,16,1.446919,2.03913128621
Decision Tree,9,3,31,1.9242487,2.7458420375
Decision Tree,9,3,34,2.0215476,2.03913128621
Decision Tree,9,3,40,2.2772673,2.03913128621
Decision Tree,9,3,43,2.3272777,2.7458420375
Decision Tree,9,3,48,2.5687881,2.7458420375
Decision Tree,9,3,49,2.5915164,2.03913128621
Decision Tree,9,3,53,2.6844403,2.03913128621
Decision Tree,9,3,68,2.9626924,2.7458420375
Decision Tree,9,3,70,2.9729753,2.7458420375
Decision Tree,9,3,78,3.4355988,3.2290844875
Decision Tree,9,3,84,3.5709402,3.2290844875
Decision Tree,9,3,88,3.7123518,2.03913128621
Decision Tree,9,3,89,3.9843437,4.4758066
Random Forest,9,3,2,-0.1625189,0.598965692904
Random Forest,9,3,6,0.7654678,0.619496976079
Random Forest,9,3,8,0.8544153,1.68376777317
Random Forest,9,3,11,1.2669476,1.68389123005
Random Forest,9,3,13,1.2669476,2.50877169515
Random Forest,9,3,16,1.446919,2.11210395717
Random Forest,9,3,31,1.9242487,2.19676173652
Random Forest,9,3,34,2.0215476,1.46603297041
Random Forest,9,3,40,2.2772673,1.80805198783
Random Forest,9,3,43,2.3272777,2.32777722637
Random Forest,9,3,48,2.5687881,2.69736406762
Random Forest,9,3,49,2.5915164,2.18261917621
Random Forest,9,3,53,2.6844403,2.15726672789
Random Forest,9,3,68,2.9626924,2.75729060781
Random Forest,9,3,70,2.9729753,2.58106837724
Random Forest,9,3,78,3.4355988,3.05820510339
Random Forest,9,3,84,3.5709402,3.15633083975
Random Forest,9,3,88,3.7123518,2.7923877514
Random Forest,9,3,89,3.9843437,4.13439128342
Gradient Boosting,9,3,2,-0.1625189,0.845830862928
Gradient Boosting,9,3,6,0.7654678,0.884426014155
Gradient Boosting,9,3,8,0.8544153,1.80668329009
Gradient Boosting,9,3,11,1.2669476,1.8365756817
Gradient Boosting,9,3,13,1.2669476,2.54813537561
Gradient Boosting,9,3,16,1.446919,2.18436949705
Gradient Boosting,9,3,31,1.9242487,2.34620017551
Gradient Boosting,9,3,34,2.0215476,1.443804951
Gradient Boosting,9,3,40,2.2772673,1.64860356047
Gradient Boosting,9,3,43,2.3272777,2.40625950798
Gradient Boosting,9,3,48,2.5687881,2.69300419892
Gradient Boosting,9,3,49,2.5915164,2.29715650122
Gradient Boosting,9,3,53,2.6844403,1.93293707884
Gradient Boosting,9,3,68,2.9626924,2.83235342947
Gradient Boosting,9,3,70,2.9729753,2.49756471583
Gradient Boosting,9,3,78,3.4355988,3.00652930963
Gradient Boosting,9,3,84,3.5709402,3.12962056276
Gradient Boosting,9,3,88,3.7123518,2.93932271441
Gradient Boosting,9,3,89,3.9843437,4.123901883
MLP (L-BFGS),9,3,2,-0.1625189,0.528682828839
MLP (L-BFGS),9,3,6,0.7654678,0.526010086429
MLP (L-BFGS),9,3,8,0.8544153,2.04334348092
MLP (L-BFGS),9,3,11,1.2669476,1.37581534076
MLP (L-BFGS),9,3,13,1.2669476,2.2714113183
MLP (L-BFGS),9,3,16,1.446919,1.46811432999
MLP (L-BFGS),9,3,31,1.9242487,2.21219474017
MLP (L-BFGS),9,3,34,2.0215476,1.22175062143
MLP (L-BFGS),9,3,40,2.2772673,2.2607603874
MLP (L-BFGS),9,3,43,2.3272777,2.09232145141
MLP (L-BFGS),9,3,48,2.5687881,2.79967534112
MLP (L-BFGS),9,3,49,2.5915164,2.9854558926
MLP (L-BFGS),9,3,53,2.6844403,1.95111402871
MLP (L-BFGS),9,3,68,2.9626924,2.66373480964
MLP (L-BFGS),9,3,70,2.9729753,2.62811507644
MLP (L-BFGS),9,3,78,3.4355988,3.77670945411
MLP (L-BFGS),9,3,84,3.5709402,3.14630679741
MLP (L-BFGS),9,3,88,3.7123518,3.06059799527
MLP (L-BFGS),9,3,89,3.9843437,3.93492838
Ridge,9,3,2,-0.1625189,0.856914019248
Ridge,9,3,6,0.7654678,0.927328830024
Ridge,9,3,8,0.8544153,2.17730022012
Ridge,9,3,11,1.2669476,1.59355413987
Ridge,9,3,13,1.2669476,2.06990070827
Ridge,9,3,16,1.446919,1.94613590359
Ridge,9,3,31,1.9242487,2.13369464103
Ridge,9,3,34,2.0215476,1.46263428622
Ridge,9,3,40,2.2772673,1.7798661108
Ridge,9,3,43,2.3272777,2.15771043657
Ridge,9,3,48,2.5687881,2.64560544853
Ridge,9,3,49,2.5915164,2.7935427168
Ridge,9,3,53,2.6844403,2.17817244881
Ridge,9,3,68,2.9626924,3.06379221063
Ridge,9,3,70,2.9729753,2.98345131564
Ridge,9,3,78,3.4355988,3.42736711944
Ridge,9,3,84,3.5709402,3.26985509572
Ridge,9,3,88,3.7123518,3.00740018585
Ridge,9,3,89,3.9843437,4.31333037918
Lasso,9,3,2,-0.1625189,0.995514125498
Lasso,9,3,6,0.7654678,0.960708424199
Lasso,9,3,8,0.8544153,2.06781721968
Lasso,9,3,11,1.2669476,1.7300590161
Lasso,9,3,13,1.2669476,2.12507117825
Lasso,9,3,16,1.446919,2.06108625099
Lasso,9,3,31,1.9242487,2.14910214201
Lasso,9,3,34,2.0215476,1.48319964066
Lasso,9,3,40,2.2772673,1.82207697302
Lasso,9,3,43,2.3272777,2.17824182702
Lasso,9,3,48,2.5687881,2.57011900844
Lasso,9,3,49,2.5915164,2.5233875731
Lasso,9,3,53,2.6844403,2.07492157826
Lasso,9,3,68,2.9626924,3.05880668883
Lasso,9,3,70,2.9729753,2.95894650717
Lasso,9,3,78,3.4355988,3.36168779951
Lasso,9,3,84,3.5709402,3.23345449888
Lasso,9,3,88,3.7123518,2.94094519234
Lasso,9,3,89,3.9843437,4.22861312594
Mean baseline,9,3,2,-0.1625189,2.53758154487
Mean baseline,9,3,6,0.7654678,2.53758154487
Mean baseline,9,3,8,0.8544153,2.53758154487
Mean baseline,9,3,11,1.2669476,2.53758154487
Mean baseline,9,3,13,1.2669476,2.53758154487
Mean baseline,9,3,16,1.446919,2.53758154487
Mean baseline,9,3,31,1.9242487,2.53758154487
Mean baseline,9,3,34,2.0215476,2.53758154487
Mean baseline,9,3,40,2.2772673,2.53758154487
Mean baseline,9,3,43,2.3272777,2.53758154487
Mean baseline,9,3,48,2.5687881,2.53758154487
Mean baseline,9,3,49,2.5915164,2.53758154487
Mean baseline,9,3,53,2.6844403,2.53758154487
Mean baseline,9,3,68,2.9626924,2.53758154487
Mean baseline,9,3,70,2.9729753,2.53758154487
Mean baseline,9,3,78,3.4355988,2.53758154487
Mean baseline,9,3,84,3.5709402,2.53758154487
Mean baseline,9,3,88,3.7123518,2.53758154487
Mean baseline,9,3,89,3.9843437,2.53758154487
Linear Regression,9,4,4,-0.1625189,0.788192542771
Linear Regression,9,4,10,1.047319,1.3885997123
Linear Regression,9,4,20,1.5993876,1.76497071075
Linear Regression,9,4,24,1.7137979,2.48531950344
Linear Regression,9,4,29,1.8484548,1.8472416784
Linear Regression,9,4,30,1.8946169,2.48157455103
Linear Regression,9,4,52,2.677591,2.88888835122
Linear Regression,9,4,56,2.7180005,2.83701193983
Linear Regression,9,4,60,2.8124102,2.5005426499
Linear Regression,9,4,63,2.8535925,3.08817402632
Linear Regression,9,4,67,2.9204698,2.86201865928
Linear Regression,9,4,76,3.3375474,3.44143825181
Linear Regression,9,4,77,3.3928291,3.18699150579
Linear Regression,9,4,82,3.5307626,2.94442142961
Linear Regression,9,4,87,3.6800909,2.81437865889
Linear Regression,9,4,90,3.993603,2.88328712673
Linear Regression,9,4,92,4.1295508,3.64388173096
Linear Regression,9,4,94,4.6844434,4.54781360831
Linear Regression,9,4,96,5.477509,3.73794971099
Decision Tree,9,4,4,-0.1625189,0.6972092375
Decision Tree,9,4,10,1.047319,1.9706392037
Decision Tree,9,4,20,1.5993876,1.9706392037
Decision Tree,9,4,24,1.7137979,2.58598293214
Decision Tree,9,4,29,1.8484548,2.58598293214
Decision Tree,9,4,30,1.8946169,1.9706392037
Decision Tree,9,4,52,2.677591,1.9706392037
Decision Tree,9,4,56,2.7180005,2.58598293214
Decision Tree,9,4,60,2.8124102,2.58598293214
Decision Tree,9,4,63,2.8535925,3.18932985714
Decision Tree,9,4,67,2.9204698,2.58598293214
Decision Tree,9,4,76,3.3375474,4.092038275
Decision Tree,9,4,77,3.3928291,2.58598293214
Decision Tree,9,4,82,3.5307626,3.18932985714
Decision Tree,9,4,87,3.6800909,1.9706392037
Decision Tree,9,4,90,3.993603,2.58598293214
Decision Tree,9,4,92,4.1295508,3.18932985714
Decision Tree,9,4,94,4.6844434,4.092038275
Decision Tree,9,4,96,5.477509,4.092038275
Random Forest,9,4,4,-0.1625189,0.640165679142
Random Forest,9,4,10,1.047319,1.66603968243
Random Forest,9,4,20,1.5993876,2.27523152935
Random Forest,9,4,24,1.7137979,2.86245887275
Random Forest,9,4,29,1.8484548,2.52906255986
Random Forest,9,4,30,1.8946169,2.35572378252
Random Forest,9,4,52,2.677591,2.53035571707
Random Forest,9,4,56,2.7180005,2.52197222237
Random Forest,9,4,60,2.8124102,2.50610090074
Random Forest,9,4,63,2.8535925,3.4354830895
Random Forest,9,4,67,2.9204698,2.84419149377
Random Forest,9,4,76,3.3375474,4.11626415487
Random Forest,9,4,77,3.3928291,2.88056198889
Random Forest,9,4,82,3.5307626,3.1649503133
Random Forest,9,4,87,3.6800909,2.45503391846
Random Forest,9,4,90,3.993603,2.95016648863
Random Forest,9,4,92,4.1295508,2.93362720286
Random Forest,9,4,94,4.6844434,4.01148663297
Random Forest,9,4,96,5.477509,3.75034125946
Gradient Boosting,9,4,4,-0.1625189,0.930476026774
Gradient Boosting,9,4,10,1.047319,1.67912737132
Gradient Boosting,9,4,20,1.5993876,2.24682104654
Gradient Boosting,9,4,24,1.7137979,2.71957770086
Gradient Boosting,9,4,29,1.8484548,2.67052816363
Gradient Boosting,9,4,30,1.8946169,2.48445277396
Gradient Boosting,9,4,52,2.677591,2.65280544081
Gradient Boosting,9,4,56,2.7180005,2.64053335759
Gradient Boosting,9,4,60,2.8124102,2.60977731975
Gradient Boosting,9,4,63,2.8535925,3.29770114524
Gradient Boosting,9,4,67,2.9204698,2.82531801384
Gradient Boosting,9,4,76,3.3375474,4.13782250211
Gradient Boosting,9,4,77,3.3928291,2.89274684582
Gradient Boosting,9,4,82,3.5307626,2.91711110432
Gradient Boosting,9,4,87,3.6800909,2.32508825636
Gradient Boosting,9,4,90,3.993603,2.74580333091
Gradient Boosting,9,4,92,4.1295508,2.88320020445
Gradient Boosting,9,4,94,4.6844434,4.03947223573
Gradient Boosting,9,4,96,5.477509,3.90993902997
MLP (L-BFGS),9,4,4,-0.1625189,0.396312901488
MLP (L-BFGS),9,4,10,1.047319,0.979764965261
MLP (L-BFGS),9,4,20,1.5993876,2.08972807204
MLP (L-BFGS),9,4,24,1.7137979,3.13623397143
MLP (L-BFGS),9,4,29,1.8484548,3.04782075905
MLP (L-BFGS),9,4,30,1.8946169,2.30590062477
MLP (L-BFGS),9,4,52,2.677591,2.98989939654
MLP (L-BFGS),9,4,56,2.7180005,2.57527183347
MLP (L-BFGS),9,4,60,2.8124102,2.73280166039
MLP (L-BFGS),9,4,63,2.8535925,3.73057713812
MLP (L-BFGS),9,4,67,2.9204698,3.2660245108
MLP (L-BFGS),9,4,76,3.3375474,4.10580662812
MLP (L-BFGS),9,4,77,3.3928291,2.8158684536
MLP (L-BFGS),9,4,82,3.5307626,3.44646232758
MLP (L-BFGS),9,4,87,3.6800909,2.52735025947
MLP (L-BFGS),9,4,90,3.993603,2.40781191177
MLP (L-BFGS),9,4,92,4.1295508,3.22333244172
MLP (L-BFGS),9,4,94,4.6844434,5.23608537861
MLP (L-BFGS),9,4,96,5.477509,3.46959671002
Ridge,9,4,4,-0.1625189,0.810755602704
Ridge,9,4,10,1.047319,1.39971459537
Ridge,9,4,20,1.5993876,1.77213152561
Ridge,9,4,24,1.7137979,2.50075617935
Ridge,9,4,29,1.8484548,1.86661511833
Ridge,9,4,30,1.8946169,2.50334662371
Ridge,9,4,52,2.677591,2.86780422567
Ridge,9,4,56,2.7180005,2.81781111007
Ridge,9,4,60,2.8124102,2.48552979818
Ridge,9,4,63,2.8535925,3.10058644519
Ridge,9,4,67,2.9204698,2.87541414446
Ridge,9,4,76,3.3375474,3.44343663582
Ridge,9,4,77,3.3928291,3.18884129817
Ridge,9,4,82,3.5307626,2.95837705002
Ridge,9,4,87,3.6800909,2.78801268306
Ridge,9,4,90,3.993603,2.88879026696
Ridge,9,4,92,4.1295508,3.59197321496
Ridge,9,4,94,4.6844434,4.51073902073
Ridge,9,4,96,5.477509,3.72655100985
Lasso,9,4,4,-0.1625189,0.947183288702
Lasso,9,4,10,1.047319,1.57186955697
Lasso,9,4,20,1.5993876,1.86370015868
Lasso,9,4,24,1.7137979,2.52563295362
Lasso,9,4,29,1.8484548,1.98305820284
Lasso,9,4,30,1.8946169,2.72371072738
Lasso,9,4,52,2.677591,2.75046678052
Lasso,9,4,56,2.7180005,2.65594990994
Lasso,9,4,60,2.8124102,2.33383630883
Lasso,9,4,63,2.8535925,3.14394395537
Lasso,9,4,67,2.9204698,2.8671385567
Lasso,9,4,76,3.3375474,3.45426407411
Lasso,9,4,77,3.3928291,3.13290071335
Lasso,9,4,82,3.5307626,2.90387729666
Lasso,9,4,87,3.6800909,2.64626169783
Lasso,9,4,90,3.993603,2.92101595679
Lasso,9,4,92,4.1295508,3.28217948174
Lasso,9,4,94,4.6844434,4.09198022446
Lasso,9,4,96,5.477509,3.58309743215
Mean baseline,9,4,4,-0.1625189,2.38787268846
Mean baseline,9,4,10,1.047319,2.38787268846
Mean baseline,9,4,20,1.5993876,2.38787268846
Mean baseline,9,4,24,1.7137979,2.38787268846
Mean baseline,9,4,29,1.8484548,2.38787268846
Mean baseline,9,4,30,1.8946169,2.38787268846
Mean baseline,9,4,52,2.677591,2.38787268846
Mean baseline,9,4,56,2.7180005,2.38787268846
Mean baseline,9,4,60,2.8124102,2.38787268846
Mean baseline,9,4,63,2.8535925,2.38787268846
Mean baseline,9,4,67,2.9204698,2.38787268846
Mean baseline,9,4,76,3.3375474,2.38787268846
Mean baseline,9,4,77,3.3928291,2.38787268846
Mean baseline,9,4,82,3.5307626,2.38787268846
Mean baseline,9,4,87,3.6800909,2.38787268846
Mean baseline,9,4,90,3.993603,2.38787268846
Mean baseline,9,4,92,4.1295508,2.38787268846
Mean baseline,9,4,94,4.6844434,2.38787268846
Mean baseline,9,4,96,5.477509,2.38787268846
Linear Regression,9,5,3,-0.1625189,0.336590015167
Linear Regression,9,5,5,0.3715636,1.63487079263
Linear Regression,9,5,12,1.2669476,0.811237106298
Linear Regression,9,5,14,1.3480731,1.69203519608
Linear Regression,9,5,17,1.4701758,1.2837361719
Linear Regression,9,5,23,1.6956156,0.965627971067
Linear Regression,9,5,38,2.1916535,0.711468487576
Linear Regression,9,5,47,2.5687881,4.41543211999
Linear Regression,9,5,50,2.5915164,2.02186762164
Linear Regression,9,5,51,2.6567569,2.5516909612
Linear Regression,9,5,54,2.6912431,3.03819587787
Linear Regression,9,5,57,2.7880929,1.33792618975
Linear Regression,9,5,64,2.8820035,3.87645898014
Linear Regression,9,5,65,2.8820035,2.48770537536
Linear Regression,9,5,66,2.8875901,2.62824033967
Linear Regression,9,5,75,3.2752562,3.85628665375
Linear Regression,9,5,79,3.4578927,3.63348684596
Linear Regression,9,5,81,3.5160131,1.89404731078
Linear Regression,9,5,85,3.5876769,2.51747042514
Decision Tree,9,5,3,-0.1625189,2.16128863061
Decision Tree,9,5,5,0.3715636,2.16128863061
Decision Tree,9,5,12,1.2669476,0.21139322
Decision Tree,9,5,14,1.3480731,2.16128863061
Decision Tree,9,5,17,1.4701758,2.16128863061
Decision Tree,9,5,23,1.6956156,2.16128863061
Decision Tree,9,5,38,2.1916535,2.16128863061
Decision Tree,9,5,47,2.5687881,3.3515667625
Decision Tree,9,5,50,2.5915164,2.16128863061
Decision Tree,9,5,51,2.6567569,2.16128863061
Decision Tree,9,5,54,2.6912431,2.16128863061
Decision Tree,9,5,57,2.7880929,2.16128863061
Decision Tree,9,5,64,2.8820035,3.28399843333
Decision Tree,9,5,65,2.8820035,2.16128863061
Decision Tree,9,5,66,2.8875901,2.16128863061
Decision Tree,9,5,75,3.2752562,4.56258828
Decision Tree,9,5,79,3.4578927,3.3515667625
Decision Tree,9,5,81,3.5160131,2.16128863061
Decision Tree,9,5,85,3.5876769,2.16128863061
Random Forest,9,5,3,-0.1625189,1.76852182397
Random Forest,9,5,5,0.3715636,1.64786516559
Random Forest,9,5,12,1.2669476,0.495266198798
Random Forest,9,5,14,1.3480731,1.91140738449
Random Forest,9,5,17,1.4701758,1.94100942439
Random Forest,9,5,23,1.6956156,1.1970037051
Random Forest,9,5,38,2.1916535,1.93089979002
Random Forest,9,5,47,2.5687881,3.68782291014
Random Forest,9,5,50,2.5915164,1.90812465099
Random Forest,9,5,51,2.6567569,2.47643500411
Random Forest,9,5,54,2.6912431,2.8154298388
Random Forest,9,5,57,2.7880929,1.84800464118
Random Forest,9,5,64,2.8820035,3.07302339531
Random Forest,9,5,65,2.8820035,2.17112173765
Random Forest,9,5,66,2.8875901,2.47774093711
Random Forest,9,5,75,3.2752562,4.33749917997
Random Forest,9,5,79,3.4578927,3.4355676761
Random Forest,9,5,81,3.5160131,2.16501650088
Random Forest,9,5,85,3.5876769,2.54819793729
Gradient Boosting,9,5,3,-0.1625189,2.04820812045
Gradient Boosting,9,5,5,0.3715636,1.67281957681
Gradient Boosting,9,5,12,1.2669476,0.598639980349
Gradient Boosting,9,5,14,1.3480731,1.80167471964
Gradient Boosting,9,5,17,1.4701758,1.99728556353
Gradient Boosting,9,5,23,1.6956156,1.5648844429
Gradient Boosting,9,5,38,2.1916535,1.91802454773
Gradient Boosting,9,5,47,2.5687881,3.63771391572
Gradient Boosting,9,5,50,2.5915164,1.88222981621
Gradient Boosting,9,5,51,2.6567569,2.59129579738
Gradient Boosting,9,5,54,2.6912431,2.77218531505
Gradient Boosting,9,5,57,2.7880929,1.86021322176
Gradient Boosting,9,5,64,2.8820035,3.02586610134
Gradient Boosting,9,5,65,2.8820035,1.98163957743
Gradient Boosting,9,5,66,2.8875901,2.54387630291
Gradient Boosting,9,5,75,3.2752562,4.59459210145
Gradient Boosting,9,5,79,3.4578927,3.20587208999
Gradient Boosting,9,5,81,3.5160131,2.10363763242
Gradient Boosting,9,5,85,3.5876769,2.431112196
MLP (L-BFGS),9,5,3,-0.1625189,0.0412065996045
MLP (L-BFGS),9,5,5,0.3715636,1.47015818485
MLP (L-BFGS),9,5,12,1.2669476,0.789491279641
MLP (L-BFGS),9,5,14,1.3480731,1.39067756618
MLP (L-BFGS),9,5,17,1.4701758,1.34283299968
MLP (L-BFGS),9,5,23,1.6956156,0.735306115444
MLP (L-BFGS),9,5,38,2.1916535,0.345574824797
MLP (L-BFGS),9,5,47,2.5687881,4.07231663147
MLP (L-BFGS),9,5,50,2.5915164,2.14020310875
MLP (L-BFGS),9,5,51,2.6567569,2.83780585045
MLP (L-BFGS),9,5,54,2.6912431,2.74357126161
MLP (L-BFGS),9,5,57,2.7880929,1.90184932496
MLP (L-BFGS),9,5,64,2.8820035,3.27328749033
MLP (L-BFGS),9,5,65,2.8820035,2.28445696403
MLP (L-BFGS),9,5,66,2.8875901,2.43495868328
MLP (L-BFGS),9,5,75,3.2752562,3.93537255346
MLP (L-BFGS),9,5,79,3.4578927,3.60680150055
MLP (L-BFGS),9,5,81,3.5160131,1.7769383949
MLP (L-BFGS),9,5,85,3.5876769,2.38427151111
Ridge,9,5,3,-0.1625189,0.371875044778
Ridge,9,5,5,0.3715636,1.63559023854
Ridge,9,5,12,1.2669476,0.839910126607
Ridge,9,5,14,1.3480731,1.69398489069
Ridge,9,5,17,1.4701758,1.31380528892
Ridge,9,5,23,1.6956156,0.982599811319
Ridge,9,5,38,2.1916535,0.728672045458
Ridge,9,5,47,2.5687881,4.42352025298
Ridge,9,5,50,2.5915164,2.02896700824
Ridge,9,5,51,2.6567569,2.537213872
Ridge,9,5,54,2.6912431,3.05216547887
Ridge,9,5,57,2.7880929,1.36018238182
Ridge,9,5,64,2.8820035,3.87812719107
Ridge,9,5,65,2.8820035,2.46929381655
Ridge,9,5,66,2.8875901,2.62580130896
Ridge,9,5,75,3.2752562,3.8577803888
Ridge,9,5,79,3.4578927,3.63845285309
Ridge,9,5,81,3.5160131,1.90797238188
Ridge,9,5,85,3.5876769,2.52982284827
Lasso,9,5,3,-0.1625189,0.705998210954
Lasso,9,5,5,0.3715636,1.7487217802
Lasso,9,5,12,1.2669476,0.972016951982
Lasso,9,5,14,1.3480731,1.81587223589
Lasso,9,5,17,1.4701758,1.45193100048
Lasso,9,5,23,1.6956156,1.12032786156
Lasso,9,5,38,2.1916535,0.922853971154
Lasso,9,5,47,2.5687881,4.30859946831
Lasso,9,5,50,2.5915164,2.15944902486
Lasso,9,5,51,2.6567569,2.462398885
Lasso,9,5,54,2.6912431,3.11934401191
Lasso,9,5,57,2.7880929,1.48293896338
Lasso,9,5,64,2.8820035,3.78246203381
Lasso,9,5,65,2.8820035,2.50422421216
Lasso,9,5,66,2.8875901,2.5340060316
Lasso,9,5,75,3.2752562,3.96260106131
Lasso,9,5,79,3.4578927,3.7445668615
Lasso,9,5,81,3.5160131,2.02415601292
Lasso,9,5,85,3.5876769,2.53314466841
Mean baseline,9,5,3,-0.1625189,2.51842542949
Mean baseline,9,5,5,0.3715636,2.51842542949
Mean baseline,9,5,12,1.2669476,2.51842542949
Mean baseline,9,5,14,1.3480731,2.51842542949
Mean baseline,9,5,17,1.4701758,2.51842542949
Mean baseline,9,5,23,1.6956156,2.51842542949
Mean baseline,9,5,38,2.1916535,2.51842542949
Mean baseline,9,5,47,2.5687881,2.51842542949
Mean baseline,9,5,50,2.5915164,2.51842542949
Mean baseline,9,5,51,2.6567569,2.51842542949
Mean baseline,9,5,54,2.6912431,2.51842542949
Mean baseline,9,5,57,2.7880929,2.51842542949
Mean baseline,9,5,64,2.8820035,2.51842542949
Mean baseline,9,5,65,2.8820035,2.51842542949
Mean baseline,9,5,66,2.8875901,2.51842542949
Mean baseline,9,5,75,3.2752562,2.51842542949
Mean baseline,9,5,79,3.4578927,2.51842542949
Mean baseline,9,5,81,3.5160131,2.51842542949
Mean baseline,9,5,85,3.5876769,2.51842542949
Linear Regression,10,1,12,1.2669476,0.797822660119
Linear Regression,10,1,16,1.446919,1.89484265522
Linear Regression,10,1,20,1.5993876,1.76709532047
Linear Regression,10,1,27,1.8000583,2.16294617839
Linear Regression,10,1,29,1.8484548,2.10370017942
Linear Regression,10,1,32,2.008214,1.82489507815
Linear Regression,10,1,35,2.0476928,1.01506884763
Linear Regression,10,1,43,2.3272777,1.95010188504
Linear Regression,10,1,51,2.6567569,2.59727868555
Linear Regression,10,1,63,2.8535925,3.04116844823
Linear Regression,10,1,65,2.8820035,2.58604762372
Linear Regression,10,1,66,2.8875901,2.60157159365
Linear Regression,10,1,67,2.9204698,2.93041901429
Linear Regression,10,1,75,3.2752562,3.54328361404
Linear Regression,10,1,76,3.3375474,3.49890838518
Linear Regression,10,1,80,3.5130369,3.1945793963
Linear Regression,10,1,82,3.5307626,2.73242620651
Linear Regression,10,1,83,3.5652984,3.64221509641
Linear Regression,10,1,85,3.5876769,2.45616336004
Linear Regression,10,1,95,5.1431245,3.24924326377
Decision Tree,10,1,12,1.2669476,0.518525925
Decision Tree,10,1,16,1.446919,1.93551135
Decision Tree,10,1,20,1.5993876,2.855977445
Decision Tree,10,1,27,1.8000583,2.855977445
Decision Tree,10,1,29,1.8484548,1.93551135
Decision Tree,10,1,32,2.008214,2.855977445
Decision Tree,10,1,35,2.0476928,1.93551135
Decision Tree,10,1,43,2.3272777,2.855977445
Decision Tree,10,1,51,2.6567569,2.855977445
Decision Tree,10,1,63,2.8535925,1.93551135
Decision Tree,10,1,65,2.8820035,1.93551135
Decision Tree,10,1,66,2.8875901,2.855977445
Decision Tree,10,1,67,2.9204698,2.855977445
Decision Tree,10,1,75,3.2752562,4.62422676667
Decision Tree,10,1,76,3.3375474,4.62422676667
Decision Tree,10,1,80,3.5130369,2.855977445
Decision Tree,10,1,82,3.5307626,1.93551135
Decision Tree,10,1,83,3.5652984,2.71489898
Decision Tree,10,1,85,3.5876769,2.855977445
Decision Tree,10,1,95,5.1431245,4.62422676667
Random Forest,10,1,12,1.2669476,0.723402690071
Random Forest,10,1,16,1.446919,1.94651992184
Random Forest,10,1,20,1.5993876,2.3145588143
Random Forest,10,1,27,1.8000583,2.55776756546
Random Forest,10,1,29,1.8484548,2.44115631852
Random Forest,10,1,32,2.008214,2.23153391144
Random Forest,10,1,35,2.0476928,1.42221739955
Random Forest,10,1,43,2.3272777,2.3744308403
Random Forest,10,1,51,2.6567569,2.59757844083
Random Forest,10,1,63,2.8535925,3.31220317255
Random Forest,10,1,65,2.8820035,2.18410607858
Random Forest,10,1,66,2.8875901,2.67226343242
Random Forest,10,1,67,2.9204698,2.88154312636
Random Forest,10,1,75,3.2752562,4.316725385
Random Forest,10,1,76,3.3375474,4.07923014159
Random Forest,10,1,80,3.5130369,3.7603787294
Random Forest,10,1,82,3.5307626,2.73550734316
Random Forest,10,1,83,3.5652984,3.26767311657
Random Forest,10,1,85,3.5876769,2.77155096455
Random Forest,10,1,95,5.1431245,3.75723405678
Gradient Boosting,10,1,12,1.2669476,0.78560878099
Gradient Boosting,10,1,16,1.446919,2.08386748023
Gradient Boosting,10,1,20,1.5993876,2.43004061587
Gradient Boosting,10,1,27,1.8000583,2.72954792657
Gradient Boosting,10,1,29,1.8484548,2.53703725131
Gradient Boosting,10,1,32,2.008214,2.43004061587
Gradient Boosting,10,1,35,2.0476928,1.365114116
Gradient Boosting,10,1,43,2.3272777,2.45942268714
Gradient Boosting,10,1,51,2.6567569,2.67067650435
Gradient Boosting,10,1,63,2.8535925,2.9889029892
Gradient Boosting,10,1,65,2.8820035,2.16584893215
Gradient Boosting,10,1,66,2.8875901,2.8239388876
Gradient Boosting,10,1,67,2.9204698,2.90969742382
Gradient Boosting,10,1,75,3.2752562,4.57058195345
Gradient Boosting,10,1,76,3.3375474,3.74665890276
Gradient Boosting,10,1,80,3.5130369,3.46875701054
Gradient Boosting,10,1,82,3.5307626,2.68071355515
Gradient Boosting,10,1,83,3.5652984,3.24862860501
Gradient Boosting,10,1,85,3.5876769,2.8239388876
Gradient Boosting,10,1,95,5.1431245,3.58059656966
MLP (L-BFGS),10,1,12,1.2669476,0.626448234261
MLP (L-BFGS),10,1,16,1.446919,1.64695456161
MLP (L-BFGS),10,1,20,1.5993876,1.72884020695
MLP (L-BFGS),10,1,27,1.8000583,2.19357297507
MLP (L-BFGS),10,1,29,1.8484548,2.98197493172
MLP (L-BFGS),10,1,32,2.008214,1.6620929038
MLP (L-BFGS),10,1,35,2.0476928,0.473132656317
MLP (L-BFGS),10,1,43,2.3272777,1.85019385697
MLP (L-BFGS),10,1,51,2.6567569,2.77553993037
MLP (L-BFGS),10,1,63,2.8535925,2.76982004865
MLP (L-BFGS),10,1,65,2.8820035,2.30144344097
MLP (L-BFGS),10,1,66,2.8875901,2.3874149561
MLP (L-BFGS),10,1,67,2.9204698,3.12915177591
MLP (L-BFGS),10,1,75,3.2752562,4.00998140398
MLP (L-BFGS),10,1,76,3.3375474,4.17646778069
MLP (L-BFGS),10,1,80,3.5130369,2.64498461653
MLP (L-BFGS),10,1,82,3.5307626,2.11183896801
MLP (L-BFGS),10,1,83,3.5652984,4.16302758276
MLP (L-BFGS),10,1,85,3.5876769,2.10409953788
MLP (L-BFGS),10,1,95,5.1431245,4.31725509528
Ridge,10,1,12,1.2669476,0.827959601009
Ridge,10,1,16,1.446919,1.88404977836
Ridge,10,1,20,1.5993876,1.77678651437
Ridge,10,1,27,1.8000583,2.15055675064
Ridge,10,1,29,1.8484548,2.09875158685
Ridge,10,1,32,2.008214,1.83133890403
Ridge,10,1,35,2.0476928,1.03639454861
Ridge,10,1,43,2.3272777,1.96514366096
Ridge,10,1,51,2.6567569,2.57429308669
Ridge,10,1,63,2.8535925,3.04204204481
Ridge,10,1,65,2.8820035,2.5625885044
Ridge,10,1,66,2.8875901,2.59937190694
Ridge,10,1,67,2.9204698,2.93420487902
Ridge,10,1,75,3.2752562,3.54844544713
Ridge,10,1,76,3.3375474,3.50089207641
Ridge,10,1,80,3.5130369,3.17430318816
Ridge,10,1,82,3.5307626,2.74540644424
Ridge,10,1,83,3.5652984,3.63016358671
Ridge,10,1,85,3.5876769,2.47050624398
Ridge,10,1,95,5.1431245,3.26104413064
Lasso,10,1,12,1.2669476,0.971005766306
Lasso,10,1,16,1.446919,1.96972383807
Lasso,10,1,20,1.5993876,1.84932916706
Lasso,10,1,27,1.8000583,2.02465098277
Lasso,10,1,29,1.8484548,2.0803449031
Lasso,10,1,32,2.008214,1.84065721114
Lasso,10,1,35,2.0476928,1.29751415402
Lasso,10,1,43,2.3272777,2.06711155165
Lasso,10,1,51,2.6567569,2.38705625761
Lasso,10,1,63,2.8535925,3.09807772181
Lasso,10,1,65,2.8820035,2.519352222
Lasso,10,1,66,2.8875901,2.51945913882
Lasso,10,1,67,2.9204698,2.98881881041
Lasso,10,1,75,3.2752562,3.71362767044
Lasso,10,1,76,3.3375474,3.63286645887
Lasso,10,1,80,3.5130369,3.11786927251
Lasso,10,1,82,3.5307626,2.92357242497
Lasso,10,1,83,3.5652984,3.61739976716
Lasso,10,1,85,3.5876769,2.55224589641
Lasso,10,1,95,5.1431245,3.40387254707
Mean baseline,10,1,12,1.2669476,2.41435661948
Mean baseline,10,1,16,1.446919,2.41435661948
Mean baseline,10,1,20,1.5993876,2.41435661948
Mean baseline,10,1,27,1.8000583,2.41435661948
Mean baseline,10,1,29,1.8484548,2.41435661948
Mean baseline,10,1,32,2.008214,2.41435661948
Mean baseline,10,1,35,2.0476928,2.41435661948
Mean baseline,10,1,43,2.3272777,2.41435661948
Mean baseline,10,1,51,2.6567569,2.41435661948
Mean baseline,10,1,63,2.8535925,2.41435661948
Mean baseline,10,1,65,2.8820035,2.41435661948
Mean baseline,10,1,66,2.8875901,2.41435661948
Mean baseline,10,1,67,2.9204698,2.41435661948
Mean baseline,10,1,75,3.2752562,2.41435661948
Mean baseline,10,1,76,3.3375474,2.41435661948
Mean baseline,10,1,80,3.5130369,2.41435661948
Mean baseline,10,1,82,3.5307626,2.41435661948
Mean baseline,10,1,83,3.5652984,2.41435661948
Mean baseline,10,1,85,3.5876769,2.41435661948
Mean baseline,10,1,95,5.1431245,2.41435661948
Linear Regression,10,2,5,0.3715636,1.81744007243
Linear Regression,10,2,9,1.047319,1.42975293147
Linear Regression,10,2,11,1.2669476,1.57593278985
Linear Regression,10,2,21,1.6389967,2.11419316289
Linear Regression,10,2,24,1.7137979,2.58254845182
Linear Regression,10,2,30,1.8946169,2.41183697816
Linear Regression,10,2,31,1.9242487,2.09392915634
Linear Regression,10,2,33,2.008214,1.75127296859
Linear Regression,10,2,46,2.5533438,2.54067466191
Linear Regression,10,2,48,2.5687881,2.62251758306
Linear Regression,10,2,53,2.6844403,2.15455256256
Linear Regression,10,2,55,2.7047113,3.36608917499
Linear Regression,10,2,60,2.8124102,2.67017823719
Linear Regression,10,2,62,2.8535925,3.54980162828
Linear Regression,10,2,71,3.0130809,3.41488081383
Linear Regression,10,2,72,3.0373539,1.89644109809
Linear Regression,10,2,73,3.0563569,2.8804107669
Linear Regression,10,2,74,3.0750055,3.43973889596
Linear Regression,10,2,89,3.9843437,4.52719082711
Linear Regression,10,2,93,4.3851468,3.948843702
Decision Tree,10,2,5,0.3715636,1.943909416
Decision Tree,10,2,9,1.047319,0.5459795
Decision Tree,10,2,11,1.2669476,1.943909416
Decision Tree,10,2,21,1.6389967,1.943909416
Decision Tree,10,2,24,1.7137979,2.60513325556
Decision Tree,10,2,30,1.8946169,2.60513325556
Decision Tree,10,2,31,1.9242487,2.60758014
Decision Tree,10,2,33,2.008214,1.943909416
Decision Tree,10,2,46,2.5533438,2.60513325556
Decision Tree,10,2,48,2.5687881,2.60758014
Decision Tree,10,2,53,2.6844403,1.943909416
Decision Tree,10,2,55,2.7047113,4.395200525
Decision Tree,10,2,60,2.8124102,2.60758014
Decision Tree,10,2,62,2.8535925,3.18588662353
Decision Tree,10,2,71,3.0130809,2.60513325556
Decision Tree,10,2,72,3.0373539,1.943909416
Decision Tree,10,2,73,3.0563569,1.943909416
Decision Tree,10,2,74,3.0750055,2.60513325556
Decision Tree,10,2,89,3.9843437,3.18588662353
Decision Tree,10,2,93,4.3851468,3.18588662353
Random Forest,10,2,5,0.3715636,1.65985357815
Random Forest,10,2,9,1.047319,0.586638260857
Random Forest,10,2,11,1.2669476,1.77603261049
Random Forest,10,2,21,1.6389967,1.80152361969
Random Forest,10,2,24,1.7137979,2.8743457632
Random Forest,10,2,30,1.8946169,2.80484418211
Random Forest,10,2,31,1.9242487,2.30820176699
Random Forest,10,2,33,2.008214,1.86739956771
Random Forest,10,2,46,2.5533438,2.47957002159
Random Forest,10,2,48,2.5687881,2.60559978548
Random Forest,10,2,53,2.6844403,2.16277681225
Random Forest,10,2,55,2.7047113,3.84046144874
Random Forest,10,2,60,2.8124102,2.44450085442
Random Forest,10,2,62,2.8535925,3.17644780538
Random Forest,10,2,71,3.0130809,3.03877195631
Random Forest,10,2,72,3.0373539,1.9648526733
Random Forest,10,2,73,3.0563569,2.61310678936
Random Forest,10,2,74,3.0750055,3.06316599441
Random Forest,10,2,89,3.9843437,3.4892451662
Random Forest,10,2,93,4.3851468,3.63536540299
Gradient Boosting,10,2,5,0.3715636,1.70947965393
Gradient Boosting,10,2,9,1.047319,0.671323950014
Gradient Boosting,10,2,11,1.2669476,1.82761783799
Gradient Boosting,10,2,21,1.6389967,1.95444882525
Gradient Boosting,10,2,24,1.7137979,2.76355590698
Gradient Boosting,10,2,30,1.8946169,3.00622975913
Gradient Boosting,10,2,31,1.9242487,2.2743857413
Gradient Boosting,10,2,33,2.008214,1.85135853547
Gradient Boosting,10,2,46,2.5533438,2.45923076362
Gradient Boosting,10,2,48,2.5687881,2.51836768801
Gradient Boosting,10,2,53,2.6844403,1.95870602824
Gradient Boosting,10,2,55,2.7047113,3.39902532212
Gradient Boosting,10,2,60,2.8124102,2.51836768801
Gradient Boosting,10,2,62,2.8535925,3.15609603235
Gradient Boosting,10,2,71,3.0130809,3.01532167026
Gradient Boosting,10,2,72,3.0373539,2.04132394857
Gradient Boosting,10,2,73,3.0563569,2.69819034233
Gradient Boosting,10,2,74,3.0750055,3.04733428482
Gradient Boosting,10,2,89,3.9843437,3.49508024649
Gradient Boosting,10,2,93,4.3851468,3.48819948672
MLP (L-BFGS),10,2,5,0.3715636,1.56904260292
MLP (L-BFGS),10,2,9,1.047319,1.54531393975
MLP (L-BFGS),10,2,11,1.2669476,1.59898687988
MLP (L-BFGS),10,2,21,1.6389967,1.76173569416
MLP (L-BFGS),10,2,24,1.7137979,2.74786737548
MLP (L-BFGS),10,2,30,1.8946169,2.20930935445
MLP (L-BFGS),10,2,31,1.9242487,2.22901507824
MLP (L-BFGS),10,2,33,2.008214,2.1740697494
MLP (L-BFGS),10,2,46,2.5533438,2.43664316136
MLP (L-BFGS),10,2,48,2.5687881,2.43957920149
MLP (L-BFGS),10,2,53,2.6844403,1.69721781487
MLP (L-BFGS),10,2,55,2.7047113,3.07702283108
MLP (L-BFGS),10,2,60,2.8124102,2.53291684263
MLP (L-BFGS),10,2,62,2.8535925,3.46465176795
MLP (L-BFGS),10,2,71,3.0130809,3.39645318087
MLP (L-BFGS),10,2,72,3.0373539,2.55198225297
MLP (L-BFGS),10,2,73,3.0563569,3.06270359614
MLP (L-BFGS),10,2,74,3.0750055,3.58008655922
MLP (L-BFGS),10,2,89,3.9843437,4.08321071875
MLP (L-BFGS),10,2,93,4.3851468,3.86359275594
Ridge,10,2,5,0.3715636,1.81673691893
Ridge,10,2,9,1.047319,1.43627472003
Ridge,10,2,11,1.2669476,1.5849456696
Ridge,10,2,21,1.6389967,2.10452920035
Ridge,10,2,24,1.7137979,2.5887035451
Ridge,10,2,30,1.8946169,2.43251085258
Ridge,10,2,31,1.9242487,2.10475941202
Ridge,10,2,33,2.008214,1.75073316705
Ridge,10,2,46,2.5533438,2.52094378893
Ridge,10,2,48,2.5687881,2.62068762613
Ridge,10,2,53,2.6844403,2.16014757277
Ridge,10,2,55,2.7047113,3.32600220967
Ridge,10,2,60,2.8124102,2.65043066715
Ridge,10,2,62,2.8535925,3.55321644132
Ridge,10,2,71,3.0130809,3.40795384507
Ridge,10,2,72,3.0373539,1.89711791344
Ridge,10,2,73,3.0563569,2.88538452563
Ridge,10,2,74,3.0750055,3.42642963942
Ridge,10,2,89,3.9843437,4.52208434817
Ridge,10,2,93,4.3851468,3.93414720048
Lasso,10,2,5,0.3715636,1.93148170902
Lasso,10,2,9,1.047319,1.33743674704
Lasso,10,2,11,1.2669476,1.74061329791
Lasso,10,2,21,1.6389967,2.16349491357
Lasso,10,2,24,1.7137979,2.56552530479
Lasso,10,2,30,1.8946169,2.74532080611
Lasso,10,2,31,1.9242487,2.0992817102
Lasso,10,2,33,2.008214,1.92533042202
Lasso,10,2,46,2.5533438,2.44736861001
Lasso,10,2,48,2.5687881,2.53598291746
Lasso,10,2,53,2.6844403,2.01874264968
Lasso,10,2,55,2.7047113,3.28768077703
Lasso,10,2,60,2.8124102,2.43634033614
Lasso,10,2,62,2.8535925,3.39738708249
Lasso,10,2,71,3.0130809,3.25341297178
Lasso,10,2,72,3.0373539,2.0167016029
Lasso,10,2,73,3.0563569,2.91857790128
Lasso,10,2,74,3.0750055,3.08614236733
Lasso,10,2,89,3.9843437,4.37197197863
Lasso,10,2,93,4.3851468,3.85286735559
Mean baseline,10,2,5,0.3715636,2.49102920649
Mean baseline,10,2,9,1.047319,2.49102920649
Mean baseline,10,2,11,1.2669476,2.49102920649
Mean baseline,10,2,21,1.6389967,2.49102920649
Mean baseline,10,2,24,1.7137979,2.49102920649
Mean baseline,10,2,30,1.8946169,2.49102920649
Mean baseline,10,2,31,1.9242487,2.49102920649
Mean baseline,10,2,33,2.008214,2.49102920649
Mean baseline,10,2,46,2.5533438,2.49102920649
Mean baseline,10,2,48,2.5687881,2.49102920649
Mean baseline,10,2,53,2.6844403,2.49102920649
Mean baseline,10,2,55,2.7047113,2.49102920649
Mean baseline,10,2,60,2.8124102,2.49102920649
Mean baseline,10,2,62,2.8535925,2.49102920649
Mean baseline,10,2,71,3.0130809,2.49102920649
Mean baseline,10,2,72,3.0373539,2.49102920649
Mean baseline,10,2,73,3.0563569,2.49102920649
Mean baseline,10,2,74,3.0750055,2.49102920649
Mean baseline,10,2,89,3.9843437,2.49102920649
Mean baseline,10,2,93,4.3851468,2.49102920649
Linear Regression,10,3,6,0.7654678,0.729309387164
Linear Regression,10,3,19,1.5581446,1.25302335741
Linear Regression,10,3,22,1.6582281,2.78484295262
Linear Regression,10,3,34,2.0215476,1.26149805027
Linear Regression,10,3,37,2.1575593,2.0593361341
Linear Regression,10,3,40,2.2772673,1.91222695198
Linear Regression,10,3,42,2.3075726,2.13177008182
Linear Regression,10,3,49,2.5915164,2.65199947035
Linear Regression,10,3,50,2.5915164,2.01500508057
Linear Regression,10,3,54,2.6912431,3.00550680923
Linear Regression,10,3,58,2.7942279,2.24088636863
Linear Regression,10,3,61,2.8419982,2.13934599772
Linear Regression,10,3,69,2.9626924,1.20681518646
Linear Regression,10,3,77,3.3928291,3.13669168575
Linear Regression,10,3,81,3.5160131,2.07186499452
Linear Regression,10,3,84,3.5709402,3.53168122341
Linear Regression,10,3,91,4.029806,3.20615821525
Linear Regression,10,3,94,4.6844434,4.75145448066
Linear Regression,10,3,96,5.477509,4.02078137523
Decision Tree,10,3,6,0.7654678,0.441648942857
Decision Tree,10,3,19,1.5581446,0.441648942857
Decision Tree,10,3,22,1.6582281,2.865911485
Decision Tree,10,3,34,2.0215476,1.36808977778
Decision Tree,10,3,37,2.1575593,2.865911485
Decision Tree,10,3,40,2.2772673,1.36808977778
Decision Tree,10,3,42,2.3075726,2.865911485
Decision Tree,10,3,49,2.5915164,2.865911485
Decision Tree,10,3,50,2.5915164,2.865911485
Decision Tree,10,3,54,2.6912431,2.865911485
Decision Tree,10,3,58,2.7942279,2.07756892222
Decision Tree,10,3,61,2.8419982,2.07756892222
Decision Tree,10,3,69,2.9626924,2.07756892222
Decision Tree,10,3,77,3.3928291,2.865911485
Decision Tree,10,3,81,3.5160131,1.9451207
Decision Tree,10,3,84,3.5709402,2.865911485
Decision Tree,10,3,91,4.029806,2.865911485
Decision Tree,10,3,94,4.6844434,4.19133375714
Decision Tree,10,3,96,5.477509,4.19133375714
Random Forest,10,3,6,0.7654678,0.30090824842
Random Forest,10,3,19,1.5581446,0.440416192258
Random Forest,10,3,22,1.6582281,2.92596388509
Random Forest,10,3,34,2.0215476,1.06860031593
Random Forest,10,3,37,2.1575593,2.6116086699
Random Forest,10,3,40,2.2772673,1.566312554
Random Forest,10,3,42,2.3075726,2.43139474342
Random Forest,10,3,49,2.5915164,2.24716556102
Random Forest,10,3,50,2.5915164,1.98305876863
Random Forest,10,3,54,2.6912431,2.83791149714
Random Forest,10,3,58,2.7942279,1.67089511055
Random Forest,10,3,61,2.8419982,2.092696728
Random Forest,10,3,69,2.9626924,1.65502117973
Random Forest,10,3,77,3.3928291,2.9334310693
Random Forest,10,3,81,3.5160131,2.2562519302
Random Forest,10,3,84,3.5709402,3.065063377
Random Forest,10,3,91,4.029806,2.95293032237
Random Forest,10,3,94,4.6844434,3.77800574251
Random Forest,10,3,96,5.477509,3.59054601617
Gradient Boosting,10,3,6,0.7654678,0.401182540064
Gradient Boosting,10,3,19,1.5581446,0.401182540064
Gradient Boosting,10,3,22,1.6582281,2.73500217179
Gradient Boosting,10,3,34,2.0215476,0.911028091565
Gradient Boosting,10,3,37,2.1575593,2.67634154498
Gradient Boosting,10,3,40,2.2772673,1.02772035746
Gradient Boosting,10,3,42,2.3075726,2.63897589427
Gradient Boosting,10,3,49,2.5915164,2.17214096347
Gradient Boosting,10,3,50,2.5915164,2.03767492591
Gradient Boosting,10,3,54,2.6912431,2.85462237498
Gradient Boosting,10,3,58,2.7942279,1.6459699567
Gradient Boosting,10,3,61,2.8419982,2.06330666214
Gradient Boosting,10,3,69,2.9626924,1.78021335313
Gradient Boosting,10,3,77,3.3928291,2.87499789777
Gradient Boosting,10,3,81,3.5160131,2.08476829463
Gradient Boosting,10,3,84,3.5709402,2.93171336322
Gradient Boosting,10,3,91,4.029806,3.08945886343
Gradient Boosting,10,3,94,4.6844434,3.8239812161
Gradient Boosting,10,3,96,5.477509,3.68666720976
MLP (L-BFGS),10,3,6,0.7654678,0.209983455703
MLP (L-BFGS),10,3,19,1.5581446,1.01084983602
MLP (L-BFGS),10,3,22,1.6582281,3.69017300613
MLP (L-BFGS),10,3,34,2.0215476,0.826514301324
MLP (L-BFGS),10,3,37,2.1575593,2.26714364683
MLP (L-BFGS),10,3,40,2.2772673,2.41393524036
MLP (L-BFGS),10,3,42,2.3075726,2.05692215816
MLP (L-BFGS),10,3,49,2.5915164,3.06099604505
MLP (L-BFGS),10,3,50,2.5915164,2.08078299007
MLP (L-BFGS),10,3,54,2.6912431,3.29268458521
MLP (L-BFGS),10,3,58,2.7942279,2.53870036413
MLP (L-BFGS),10,3,61,2.8419982,2.73872277199
MLP (L-BFGS),10,3,69,2.9626924,1.61072579705
MLP (L-BFGS),10,3,77,3.3928291,3.11809212224
MLP (L-BFGS),10,3,81,3.5160131,1.90708631689
MLP (L-BFGS),10,3,84,3.5709402,3.25696745477
MLP (L-BFGS),10,3,91,4.029806,3.63776930323
MLP (L-BFGS),10,3,94,4.6844434,5.91401484186
MLP (L-BFGS),10,3,96,5.477509,3.62554927737
Ridge,10,3,6,0.7654678,0.742608463176
Ridge,10,3,19,1.5581446,1.24671741472
Ridge,10,3,22,1.6582281,2.79329208149
Ridge,10,3,34,2.0215476,1.26300838102
Ridge,10,3,37,2.1575593,2.11162972201
Ridge,10,3,40,2.2772673,1.9185901715
Ridge,10,3,42,2.3075726,2.13093874131
Ridge,10,3,49,2.5915164,2.61124429845
Ridge,10,3,50,2.5915164,2.01861663243
Ridge,10,3,54,2.6912431,3.019052107
Ridge,10,3,58,2.7942279,2.22034400713
Ridge,10,3,61,2.8419982,2.14765524811
Ridge,10,3,69,2.9626924,1.23527699483
Ridge,10,3,77,3.3928291,3.13739736096
Ridge,10,3,81,3.5160131,2.07879544795
Ridge,10,3,84,3.5709402,3.54109203303
Ridge,10,3,91,4.029806,3.17400154841
Ridge,10,3,94,4.6844434,4.70673709515
Ridge,10,3,96,5.477509,3.99508307964
Lasso,10,3,6,0.7654678,0.712542442014
Lasso,10,3,19,1.5581446,1.0243476283
Lasso,10,3,22,1.6582281,2.72765980036
Lasso,10,3,34,2.0215476,1.26261302191
Lasso,10,3,37,2.1575593,2.38444217173
Lasso,10,3,40,2.2772673,1.84261099151
Lasso,10,3,42,2.3075726,2.24660369254
Lasso,10,3,49,2.5915164,2.31531383467
Lasso,10,3,50,2.5915164,2.14184829664
Lasso,10,3,54,2.6912431,3.01202462485
Lasso,10,3,58,2.7942279,1.93142710615
Lasso,10,3,61,2.8419982,2.20635285589
Lasso,10,3,69,2.9626924,1.44409158086
Lasso,10,3,77,3.3928291,3.0917114995
Lasso,10,3,81,3.5160131,2.14389548516
Lasso,10,3,84,3.5709402,3.39573017784
Lasso,10,3,91,4.029806,3.24028466519
Lasso,10,3,94,4.6844434,4.24325054401
Lasso,10,3,96,5.477509,3.79858599944
Mean baseline,10,3,6,0.7654678,2.39119236795
Mean baseline,10,3,19,1.5581446,2.39119236795
Mean baseline,10,3,22,1.6582281,2.39119236795
Mean baseline,10,3,34,2.0215476,2.39119236795
Mean baseline,10,3,37,2.1575593,2.39119236795
Mean baseline,10,3,40,2.2772673,2.39119236795
Mean baseline,10,3,42,2.3075726,2.39119236795
Mean baseline,10,3,49,2.5915164,2.39119236795
Mean baseline,10,3,50,2.5915164,2.39119236795
Mean baseline,10,3,54,2.6912431,2.39119236795
Mean baseline,10,3,58,2.7942279,2.39119236795
Mean baseline,10,3,61,2.8419982,2.39119236795
Mean baseline,10,3,69,2.9626924,2.39119236795
Mean baseline,10,3,77,3.3928291,2.39119236795
Mean baseline,10,3,81,3.5160131,2.39119236795
Mean baseline,10,3,84,3.5709402,2.39119236795
Mean baseline,10,3,91,4.029806,2.39119236795
Mean baseline,10,3,94,4.6844434,2.39119236795
Mean baseline,10,3,96,5.477509,2.39119236795
Linear Regression,10,4,4,-0.1625189,0.588673045761
Linear Regression,10,4,10,1.047319,1.26059209236
Linear Regression,10,4,13,1.2669476,1.86542520218
Linear Regression,10,4,15,1.3987169,1.97368704887
Linear Regression,10,4,17,1.4701758,1.28797652805
Linear Regression,10,4,18,1.4929041,2.61133918707
Linear Regression,10,4,23,1.6956156,1.06374097375
Linear Regression,10,4,25,1.7316555,1.87359313645
Linear Regression,10,4,38,2.1916535,0.656769312273
Linear Regression,10,4,39,2.2137539,4.23189226093
Linear Regression,10,4,41,2.2975726,1.56176785198
Linear Regression,10,4,44,2.3749058,2.55117616304
Linear Regression,10,4,45,2.5217206,2.30538649766
Linear Regression,10,4,57,2.7880929,1.49440464719
Linear Regression,10,4,64,2.8820035,3.9297257336
Linear Regression,10,4,68,2.9626924,3.13684047015
Linear Regression,10,4,70,2.9729753,3.17805303969
Linear Regression,10,4,87,3.6800909,2.99940495187
Linear Regression,10,4,92,4.1295508,3.97396937744
Decision Tree,10,4,4,-0.1625189,0.554579757143
Decision Tree,10,4,10,1.047319,1.85470388095
Decision Tree,10,4,13,1.2669476,3.17729187647
Decision Tree,10,4,15,1.3987169,1.85470388095
Decision Tree,10,4,17,1.4701758,2.57827954667
Decision Tree,10,4,18,1.4929041,2.52755692857
Decision Tree,10,4,23,1.6956156,0.554579757143
Decision Tree,10,4,25,1.7316555,1.85470388095
Decision Tree,10,4,38,2.1916535,2.57827954667
Decision Tree,10,4,39,2.2137539,3.17729187647
Decision Tree,10,4,41,2.2975726,2.57827954667
Decision Tree,10,4,44,2.3749058,2.52755692857
Decision Tree,10,4,45,2.5217206,2.57827954667
Decision Tree,10,4,57,2.7880929,1.85470388095
Decision Tree,10,4,64,2.8820035,3.17729187647
Decision Tree,10,4,68,2.9626924,2.52755692857
Decision Tree,10,4,70,2.9729753,1.85470388095
Decision Tree,10,4,87,3.6800909,2.52755692857
Decision Tree,10,4,92,4.1295508,2.52755692857
Random Forest,10,4,4,-0.1625189,0.626139724224
Random Forest,10,4,10,1.047319,1.4172007553
Random Forest,10,4,13,1.2669476,2.7415091209
Random Forest,10,4,15,1.3987169,1.84333234188
Random Forest,10,4,17,1.4701758,1.81746192133
Random Forest,10,4,18,1.4929041,2.66445302457
Random Forest,10,4,23,1.6956156,0.767323449789
Random Forest,10,4,25,1.7316555,2.20404016727
Random Forest,10,4,38,2.1916535,1.6143723031
Random Forest,10,4,39,2.2137539,3.39721180793
Random Forest,10,4,41,2.2975726,1.78311600019
Random Forest,10,4,44,2.3749058,2.71642530307
Random Forest,10,4,45,2.5217206,2.37911457969
Random Forest,10,4,57,2.7880929,1.84939322891
Random Forest,10,4,64,2.8820035,3.07887013658
Random Forest,10,4,68,2.9626924,2.76948256269
Random Forest,10,4,70,2.9729753,2.5410783567
Random Forest,10,4,87,3.6800909,2.62656957301
Random Forest,10,4,92,4.1295508,3.29064687278
Gradient Boosting,10,4,4,-0.1625189,0.81159343913
Gradient Boosting,10,4,10,1.047319,1.36177054756
Gradient Boosting,10,4,13,1.2669476,2.3338294256
Gradient Boosting,10,4,15,1.3987169,2.41105879793
Gradient Boosting,10,4,17,1.4701758,1.56113076345
Gradient Boosting,10,4,18,1.4929041,2.63254500363
Gradient Boosting,10,4,23,1.6956156,0.864867295117
Gradient Boosting,10,4,25,1.7316555,2.22726149034
Gradient Boosting,10,4,38,2.1916535,1.1448478626
Gradient Boosting,10,4,39,2.2137539,3.62527372715
Gradient Boosting,10,4,41,2.2975726,1.51638551344
Gradient Boosting,10,4,44,2.3749058,2.73110142305
Gradient Boosting,10,4,45,2.5217206,2.31322744161
Gradient Boosting,10,4,57,2.7880929,1.9042150371
Gradient Boosting,10,4,64,2.8820035,3.19696732136
Gradient Boosting,10,4,68,2.9626924,2.83901075805
Gradient Boosting,10,4,70,2.9729753,2.53116290767
Gradient Boosting,10,4,87,3.6800909,2.80784807159
Gradient Boosting,10,4,92,4.1295508,3.52568329045
MLP (L-BFGS),10,4,4,-0.1625189,0.339762483258
MLP (L-BFGS),10,4,10,1.047319,0.84717294155
MLP (L-BFGS),10,4,13,1.2669476,2.03579466788
MLP (L-BFGS),10,4,15,1.3987169,2.71001108313
MLP (L-BFGS),10,4,17,1.4701758,1.96017956848
MLP (L-BFGS),10,4,18,1.4929041,2.4601281509
MLP (L-BFGS),10,4,23,1.6956156,0.927525725198
MLP (L-BFGS),10,4,25,1.7316555,1.77225767644
MLP (L-BFGS),10,4,38,2.1916535,0.0924867676688
MLP (L-BFGS),10,4,39,2.2137539,4.14624795792
MLP (L-BFGS),10,4,41,2.2975726,2.07821552074
MLP (L-BFGS),10,4,44,2.3749058,3.0960763812
MLP (L-BFGS),10,4,45,2.5217206,2.49267808362
MLP (L-BFGS),10,4,57,2.7880929,2.56688377986
MLP (L-BFGS),10,4,64,2.8820035,3.66231620137
MLP (L-BFGS),10,4,68,2.9626924,2.67917767477
MLP (L-BFGS),10,4,70,2.9729753,2.65611685626
MLP (L-BFGS),10,4,87,3.6800909,2.71698428728
MLP (L-BFGS),10,4,92,4.1295508,4.67939489887
Ridge,10,4,4,-0.1625189,0.617559996547
Ridge,10,4,10,1.047319,1.2724413252
Ridge,10,4,13,1.2669476,1.86702775728
Ridge,10,4,15,1.3987169,1.98389713466
Ridge,10,4,17,1.4701758,1.31503843686
Ridge,10,4,18,1.4929041,2.61787661408
Ridge,10,4,23,1.6956156,1.08134383499
Ridge,10,4,25,1.7316555,1.87644155701
Ridge,10,4,38,2.1916535,0.671193221496
Ridge,10,4,39,2.2137539,4.22149465217
Ridge,10,4,41,2.2975726,1.56512104028
Ridge,10,4,44,2.3749058,2.57174548132
Ridge,10,4,45,2.5217206,2.30424534531
Ridge,10,4,57,2.7880929,1.51449939348
Ridge,10,4,64,2.8820035,3.9227554519
Ridge,10,4,68,2.9626924,3.12883031115
Ridge,10,4,70,2.9729753,3.17912046247
Ridge,10,4,87,3.6800909,2.96853697
Ridge,10,4,92,4.1295508,3.9219127039
Lasso,10,4,4,-0.1625189,0.764683721304
Lasso,10,4,10,1.047319,1.43801172328
Lasso,10,4,13,1.2669476,1.99432957074
Lasso,10,4,15,1.3987169,2.08691091018
Lasso,10,4,17,1.4701758,1.42606721729
Lasso,10,4,18,1.4929041,2.75791686573
Lasso,10,4,23,1.6956156,1.17958554561
Lasso,10,4,25,1.7316555,1.92198882483
Lasso,10,4,38,2.1916535,0.927443266953
Lasso,10,4,39,2.2137539,4.07592535855
Lasso,10,4,41,2.2975726,1.6391598326
Lasso,10,4,44,2.3749058,2.69675985267
Lasso,10,4,45,2.5217206,2.30875391829
Lasso,10,4,57,2.7880929,1.56378050389
Lasso,10,4,64,2.8820035,3.68906709613
Lasso,10,4,68,2.9626924,3.13431716222
Lasso,10,4,70,2.9729753,3.16689175692
Lasso,10,4,87,3.6800909,2.80465064929
Lasso,10,4,92,4.1295508,3.70523337078
Mean baseline,10,4,4,-0.1625189,2.55702178718
Mean baseline,10,4,10,1.047319,2.55702178718
Mean baseline,10,4,13,1.2669476,2.55702178718
Mean baseline,10,4,15,1.3987169,2.55702178718
Mean baseline,10,4,17,1.4701758,2.55702178718
Mean baseline,10,4,18,1.4929041,2.55702178718
Mean baseline,10,4,23,1.6956156,2.55702178718
Mean baseline,10,4,25,1.7316555,2.55702178718
Mean baseline,10,4,38,2.1916535,2.55702178718
Mean baseline,10,4,39,2.2137539,2.55702178718
Mean baseline,10,4,41,2.2975726,2.55702178718
Mean baseline,10,4,44,2.3749058,2.55702178718
Mean baseline,10,4,45,2.5217206,2.55702178718
Mean baseline,10,4,57,2.7880929,2.55702178718
Mean baseline,10,4,64,2.8820035,2.55702178718
Mean baseline,10,4,68,2.9626924,2.55702178718
Mean baseline,10,4,70,2.9729753,2.55702178718
Mean baseline,10,4,87,3.6800909,2.55702178718
Mean baseline,10,4,92,4.1295508,2.55702178718
Linear Regression,10,5,1,-0.4307829,1.07334289678
Linear Regression,10,5,2,-0.1625189,0.936438084735
Linear Regression,10,5,3,-0.1625189,0.706636006898
Linear Regression,10,5,7,0.7654678,2.05430820881
Linear Regression,10,5,8,0.8544153,2.32015588728
Linear Regression,10,5,14,1.3480731,2.01138075232
Linear Regression,10,5,26,1.7664417,2.12949772626
Linear Regression,10,5,28,1.8164521,1.91344580344
Linear Regression,10,5,36,2.0856721,2.99642610462
Linear Regression,10,5,47,2.5687881,4.03316750614
Linear Regression,10,5,52,2.677591,3.106670916
Linear Regression,10,5,56,2.7180005,3.04567069692
Linear Regression,10,5,59,2.8063861,2.32301078607
Linear Regression,10,5,78,3.4355988,3.48659806448
Linear Regression,10,5,79,3.4578927,3.27820956599
Linear Regression,10,5,86,3.6309855,3.70691087641
Linear Regression,10,5,88,3.7123518,3.02190550402
Linear Regression,10,5,90,3.993603,3.19051887962
Linear Regression,10,5,97,5.5829322,3.89024879015
Decision Tree,10,5,1,-0.4307829,0.89507202
Decision Tree,10,5,2,-0.1625189,0.89507202
Decision Tree,10,5,3,-0.1625189,1.79777241818
Decision Tree,10,5,7,0.7654678,2.79266513333
Decision Tree,10,5,8,0.8544153,2.79266513333
Decision Tree,10,5,14,1.3480731,2.10295693636
Decision Tree,10,5,26,1.7664417,2.10295693636
Decision Tree,10,5,28,1.8164521,1.79777241818
Decision Tree,10,5,36,2.0856721,2.79266513333
Decision Tree,10,5,47,2.5687881,3.33956218571
Decision Tree,10,5,52,2.677591,2.79266513333
Decision Tree,10,5,56,2.7180005,2.79266513333
Decision Tree,10,5,59,2.8063861,2.10295693636
Decision Tree,10,5,78,3.4355988,3.33956218571
Decision Tree,10,5,79,3.4578927,3.33956218571
Decision Tree,10,5,86,3.6309855,4.11354314444
Decision Tree,10,5,88,3.7123518,2.10295693636
Decision Tree,10,5,90,3.993603,2.79266513333
Decision Tree,10,5,97,5.5829322,4.11354314444
Random Forest,10,5,1,-0.4307829,1.42655218434
Random Forest,10,5,2,-0.1625189,0.975649795787
Random Forest,10,5,3,-0.1625189,1.70848284007
Random Forest,10,5,7,0.7654678,1.89811814719
Random Forest,10,5,8,0.8544153,2.00706319812
Random Forest,10,5,14,1.3480731,2.02298176356
Random Forest,10,5,26,1.7664417,2.0316222453
Random Forest,10,5,28,1.8164521,2.1775299603
Random Forest,10,5,36,2.0856721,2.70338663266
Random Forest,10,5,47,2.5687881,3.62480951864
Random Forest,10,5,52,2.677591,2.72791644848
Random Forest,10,5,56,2.7180005,2.73601564746
Random Forest,10,5,59,2.8063861,2.51046466366
Random Forest,10,5,78,3.4355988,3.29665497587
Random Forest,10,5,79,3.4578927,3.34812383643
Random Forest,10,5,86,3.6309855,3.89037804402
Random Forest,10,5,88,3.7123518,2.20301031955
Random Forest,10,5,90,3.993603,2.84039980083
Random Forest,10,5,97,5.5829322,3.91818450952
Gradient Boosting,10,5,1,-0.4307829,1.31551613103
Gradient Boosting,10,5,2,-0.1625189,1.13172908526
Gradient Boosting,10,5,3,-0.1625189,1.78439781836
Gradient Boosting,10,5,7,0.7654678,1.85369752271
Gradient Boosting,10,5,8,0.8544153,1.85369752271
Gradient Boosting,10,5,14,1.3480731,2.05345222651
Gradient Boosting,10,5,26,1.7664417,2.06700635704
Gradient Boosting,10,5,28,1.8164521,2.25086649217
Gradient Boosting,10,5,36,2.0856721,2.82452748263
Gradient Boosting,10,5,47,2.5687881,3.44866959369
Gradient Boosting,10,5,52,2.677591,2.82452748263
Gradient Boosting,10,5,56,2.7180005,2.82880574056
Gradient Boosting,10,5,59,2.8063861,2.3749240156
Gradient Boosting,10,5,78,3.4355988,3.250256307
Gradient Boosting,10,5,79,3.4578927,3.19474057756
Gradient Boosting,10,5,86,3.6309855,3.66856888326
Gradient Boosting,10,5,88,3.7123518,2.51071278115
Gradient Boosting,10,5,90,3.993603,2.76963266721
Gradient Boosting,10,5,97,5.5829322,3.83050024886
MLP (L-BFGS),10,5,1,-0.4307829,1.51422208457
MLP (L-BFGS),10,5,2,-0.1625189,0.8092986991
MLP (L-BFGS),10,5,3,-0.1625189,1.58604710518
MLP (L-BFGS),10,5,7,0.7654678,1.8899551095
MLP (L-BFGS),10,5,8,0.8544153,2.35764305219
MLP (L-BFGS),10,5,14,1.3480731,1.70393223502
MLP (L-BFGS),10,5,26,1.7664417,1.78825284296
MLP (L-BFGS),10,5,28,1.8164521,2.14682150108
MLP (L-BFGS),10,5,36,2.0856721,3.10552881248
MLP (L-BFGS),10,5,47,2.5687881,4.05402772723
MLP (L-BFGS),10,5,52,2.677591,3.51549497412
MLP (L-BFGS),10,5,56,2.7180005,3.27687957116
MLP (L-BFGS),10,5,59,2.8063861,2.97326065634
MLP (L-BFGS),10,5,78,3.4355988,3.62927925907
MLP (L-BFGS),10,5,79,3.4578927,3.69055044278
MLP (L-BFGS),10,5,86,3.6309855,4.09423021316
MLP (L-BFGS),10,5,88,3.7123518,3.08174288108
MLP (L-BFGS),10,5,90,3.993603,3.76186109781
MLP (L-BFGS),10,5,97,5.5829322,2.64511567316
Ridge,10,5,1,-0.4307829,1.08540727834
Ridge,10,5,2,-0.1625189,0.960160282884
Ridge,10,5,3,-0.1625189,0.737531521806
Ridge,10,5,7,0.7654678,2.05093229035
Ridge,10,5,8,0.8544153,2.30843757428
Ridge,10,5,14,1.3480731,2.00908644381
Ridge,10,5,26,1.7664417,2.12171052223
Ridge,10,5,28,1.8164521,1.92138646782
Ridge,10,5,36,2.0856721,2.97777342676
Ridge,10,5,47,2.5687881,4.03815948158
Ridge,10,5,52,2.677591,3.08247350115
Ridge,10,5,56,2.7180005,3.02722386148
Ridge,10,5,59,2.8063861,2.32403989286
Ridge,10,5,78,3.4355988,3.46080023167
Ridge,10,5,79,3.4578927,3.28991525904
Ridge,10,5,86,3.6309855,3.70302087239
Ridge,10,5,88,3.7123518,3.01615978114
Ridge,10,5,90,3.993603,3.18947373696
Ridge,10,5,97,5.5829322,3.89560591048
Lasso,10,5,1,-0.4307829,1.18876318946
Lasso,10,5,2,-0.1625189,1.14350453367
Lasso,10,5,3,-0.1625189,1.10970999526
Lasso,10,5,7,0.7654678,2.07942806659
Lasso,10,5,8,0.8544153,2.18563526916
Lasso,10,5,14,1.3480731,2.1108797081
Lasso,10,5,26,1.7664417,2.23034152385
Lasso,10,5,28,1.8164521,1.83545619561
Lasso,10,5,36,2.0856721,2.69637733423
Lasso,10,5,47,2.5687881,3.93098399072
Lasso,10,5,52,2.677591,2.85716537862
Lasso,10,5,56,2.7180005,2.73793712092
Lasso,10,5,59,2.8063861,2.24308265568
Lasso,10,5,78,3.4355988,3.26320574067
Lasso,10,5,79,3.4578927,3.47643746718
Lasso,10,5,86,3.6309855,3.75562904597
Lasso,10,5,88,3.7123518,2.95277350241
Lasso,10,5,90,3.993603,3.17000908491
Lasso,10,5,97,5.5829322,4.0124646509
Mean baseline,10,5,1,-0.4307829,2.53767559103
Mean baseline,10,5,2,-0.1625189,2.53767559103
Mean baseline,10,5,3,-0.1625189,2.53767559103
Mean baseline,10,5,7,0.7654678,2.53767559103
Mean baseline,10,5,8,0.8544153,2.53767559103
Mean baseline,10,5,14,1.3480731,2.53767559103
Mean baseline,10,5,26,1.7664417,2.53767559103
Mean baseline,10,5,28,1.8164521,2.53767559103
Mean baseline,10,5,36,2.0856721,2.53767559103
Mean baseline,10,5,47,2.5687881,2.53767559103
Mean baseline,10,5,52,2.677591,2.53767559103
Mean baseline,10,5,56,2.7180005,2.53767559103
Mean baseline,10,5,59,2.8063861,2.53767559103
Mean baseline,10,5,78,3.4355988,2.53767559103
Mean baseline,10,5,79,3.4578927,2.53767559103
Mean baseline,10,5,86,3.6309855,2.53767559103
Mean baseline,10,5,88,3.7123518,2.53767559103
Mean baseline,10,5,90,3.993603,2.53767559103
Mean baseline,10,5,97,5.5829322,2.53767559103
